id,price,raw_price_text,product_name,slug,merchant_name,price_type
120229,1,"1 DH","Babymoov Milky Now 1 pcs",babymoov-milky-now-1-pcs,"Orchestra Maroc",single_digit
120330,1,"1 DH","Babymoov Essential",babymoov-essential,"Orchestra Maroc",single_digit
126543,1,"1 DH","ADATA AD4U320016G22-SGN Barrette Mémoire 16 Go 1 x 16 Go DDR4 3200 MHz",adata-ad4u320016g22-sgn-barrette-memoire-16-go-1-x-16-go-ddr4-3200-m-hz,Techspace,single_digit
143248,1,"1 DH","Philips AVENT SCF870/22 blender 0,4 L Mélangeur de table 400 W",philips-avent-scf870-22-blender-0-4-l-melangeur-de-table-400-w,"Orchestra Maroc",single_digit
143655,1.05,"1.05 DH","Solac CE4480 machine à café Semi-automatique Machine à expresso 1,2 L",solac-ce4480-machine-a-cafe-semi-automatique-machine-a-expresso-1-2-l,Biougnach,has_dot
143415,1.3,"1.30 DH","Tefal Ultra Fry Digital EY111B15 friteuse Unique 4,2 L 1400 W Friteuse d’air chaud Gris",tefal-ultra-fry-digital-ey111b15-friteuse-unique-4-2-l-1400-w-friteuse-d-air-chaud-gris,Biougnach,has_dot
143430,1.4,"1.40 DH","Severin FR 2445 friteuse Unique 5 L Autonome 2000 W Friteuse d’air chaud Noir, Métallique, Argent",severin-fr-2445-friteuse-unique-5-l-autonome-2000-w-friteuse-d-air-chaud-noir-metallique-argent,Biougnach,has_dot
107859,1.5,"1.50 DH","Franke 572194",franke-572194,Biougnach,has_dot
108126,1.5,"1.50 DH","Micro-ondes Whirlpool MWP 103 B",micro-ondes-whirlpool-mwp-103-b,Biougnach,has_dot
108132,1.5,"1.50 DH","Micro-ondes posable Whirlpool - MWP 253 SB",micro-ondes-posable-whirlpool-mwp-253-sb,Biougnach,has_dot
118737,1.5,"1.50 DH","Air fryer Friteuse sans huile HAF5TWA011 NOIR",air-fryer-friteuse-sans-huile-haf5twa011-noir,Biougnach,has_dot
120102,1.5,"1.50 DH","Rowenta Maestria Ultimate Experience CV9920F0",rowenta-maestria-ultimate-experience-cv9920f0,Biougnach,has_dot
135993,1.5,"1.50 DH","Epson EcoTank L121 Imprimante à réservoirs rechargeables (C11CD76413)",epson-eco-tank-l121-imprimante-a-reservoirs-rechargeables-c11cd76413,Biougnach,has_dot
143409,1.5,"1.50 DH","Moulinex EZ1308 Unique 3,5 L Friteuse Noir",moulinex-ez1308-unique-3-5-l-friteuse-noir,Biougnach,has_dot
145006,1.75,"1.75 DH","Smartphone Samsung A03 6.5"" Octa Core 4Go 128Go Android 4G Dual Sim 5 Mpx 48 Mpx 2 Mpx (SM-A035FZ)",smartphone-samsung-a03-6-5-octa-core-4go-128go-android-4g-dual-sim-5-mpx-48-mpx-2-mpx-sm-a035fz,Biougnach,has_dot
143421,1.8,"1.80 DH","Tefal Easy Fry FW5018 Unique 11 L Autonome 2000 W Friteuse d’air chaud Noir",tefal-easy-fry-fw5018-unique-11-l-autonome-2000-w-friteuse-d-air-chaud-noir,Biougnach,has_dot
123625,1.9,"1.90 DH","Whirlpool AKR 934 IX hotte Encastrée Acier inoxydable 420 m³/h E",whirlpool-akr-934-ix-hotte-encastree-acier-inoxydable-420-m3-h-e,Biougnach,has_dot
124888,1.99,"1.99 DH","Samsung Galaxy Buds Pro Casque Sans fil Ecouteurs Appels/Musique Bluetooth Violet",samsung-galaxy-buds-pro-casque-sans-fil-ecouteurs-appels-musique-bluetooth-violet,Biougnach,has_dot
124891,1.99,"1.99 DH","Samsung Galaxy Buds Pro Écouteurs Sans fil Ecouteurs Appels/Musique Bluetooth Argent",samsung-galaxy-buds-pro-ecouteurs-sans-fil-ecouteurs-appels-musique-bluetooth-argent,Biougnach,has_dot
124894,1.99,"1.99 DH","Samsung Galaxy Buds Pro Casque Sans fil Ecouteurs Appels/Musique Bluetooth Noir",samsung-galaxy-buds-pro-casque-sans-fil-ecouteurs-appels-musique-bluetooth-noir,Biougnach,has_dot
136366,1.99,"1.99 DH","Epson C11CJ68403 imprimante jets d'encres",epson-c11cj68403-imprimante-jets-d-encres,Biougnach,has_dot
144904,1.99,"1.99 DH","Galaxy A15 6.5” 4 Go + 128 Go – Bleu clair",galaxy-a15-6-5-4-go-128-go-bleu-clair,Biougnach,has_dot
145001,1.99,"1.99 DH","Samsung Galaxy A14 - 4Go | 128Go",samsung-galaxy-a14-4go-128go,Biougnach,has_dot
113507,2,"2 DH","Imprimante Canon PIXMA G3410 multifonction à réservoirs rechargeables (2315C009AB)",imprimante-canon-pixma-g3410-multifonction-a-reservoirs-rechargeables-2315c009ab,Biougnach,single_digit
136264,2.19,"2.19 DH","Epson C11CJ67408 imprimante jets d'encres",epson-c11cj67408-imprimante-jets-d-encres,Biougnach,has_dot
108150,2.2,"2.20 DH","Candy MIC 201 EX Intégré (placement) 20 L 800 W Acier inoxydable",candy-mic-201-ex-integre-placement-20-l-800-w-acier-inoxydable,Biougnach,has_dot
122753,2.25,"2.25 DH","Samsung Galaxy A13 4Go 128Go Bleu",samsung-galaxy-a13-4go-128go-bleu,Biougnach,has_dot
122756,2.25,"2.25 DH","Samsung Galaxy A13 4Go 128Go Blanc",samsung-galaxy-a13-4go-128go-blanc,Biougnach,has_dot
122758,2.25,"2.25 DH","Samsung Galaxy A13 4Go 128Go Noir",samsung-galaxy-a13-4go-128go-noir,Biougnach,has_dot
144882,2.25,"2.25 DH","Galaxy A15 6.5” 4 Go + 128 Go – Bleu",galaxy-a15-6-5-4-go-128-go-bleu,Biougnach,has_dot
107762,2.3,"2.30 DH","FOUR CANDY ELECTRIQUE 70L DOUBLE VITRAGE GRIS",four-candy-electrique-70l-double-vitrage-gris,Biougnach,has_dot
123905,2.3,"2.30 DH","Refrigerateur congelateur encastrable WHIRLPOOL ART872/A+/NF",refrigerateur-congelateur-encastrable-whirlpool-art872-a-nf,Biougnach,has_dot
143389,2.3,"2.30 DH","SteamOne Minilys Plus Défroisseur vapeur vertical 1 L 1900 W Noir",steam-one-minilys-plus-defroisseur-vapeur-vertical-1-l-1900-w-noir,Biougnach,has_dot
143405,2.3,"2.30 DH","Tefal Easy Fry EY701 Unique 5,6 L Autonome 1700 W Friteuse d’air chaud Noir, Acier inoxydable",tefal-easy-fry-ey701-unique-5-6-l-autonome-1700-w-friteuse-d-air-chaud-noir-acier-inoxydable,Biougnach,has_dot
107736,2.5,"2.50 DH","Candy CCTUS 542XH congélateur Droit Autoportante 82 L F Acier inoxydable",candy-cctus-542xh-congelateur-droit-autoportante-82-l-f-acier-inoxydable,Biougnach,has_dot
122885,2.6,"2.60 DH","Candy Timeless CHW74WX Acier inoxydable Intégré (placement) 75 cm Gaz 5 zones",candy-timeless-chw74wx-acier-inoxydable-integre-placement-75-cm-gaz-5-zones,Biougnach,has_dot
123855,2.6,"2.60 DH","Candy Timeless CHG74WX Acier inoxydable Intégré (placement) 74.5 cm Gaz 5 zones",candy-timeless-chg74wx-acier-inoxydable-integre-placement-74-5-cm-gaz-5-zones,Biougnach,has_dot
107777,2.7,"2.70 DH","Whirlpool OMR35HR0X four 71 L 2750 W A Noir, Acier inoxydable",whirlpool-omr35hr0x-four-71-l-2750-w-a-noir-acier-inoxydable,Biougnach,has_dot
122275,2.75,"2.75 DH","Samsung Galaxy Watch6 Bluetooth (44mm)",samsung-galaxy-watch6-bluetooth-44mm,Biougnach,has_dot
122633,2.75,"2.75 DH","Samsung Galaxy A24 - 6Go / 128Go (Dual Sim)",samsung-galaxy-a24-6go-128go-dual-sim,Biougnach,has_dot
123706,2.95,"2.95 DH","Lave Linge Whirlpool Hublot, 6 kg, 1000 Tours/min, 6ème sens, Silver, WMTA 6101 S NA",lave-linge-whirlpool-hublot-6-kg-1000-tours-min-6eme-sens-silver-wmta-6101-s-na,Biougnach,has_dot
134143,3.03,"3.03 DH","Seagate NAS IronWolf 12 TB 3.5"" SATA III (ST12000VN0008)",seagate-nas-iron-wolf-12-tb-3-5-sata-iii-st12000vn0008,"Senetic Maroc",has_dot
134340,3.04,"3.04 DH","Samsung 980 PRO M.2 1000 Go PCI Express 4.0 V-NAND MLC NVMe (MZ-V8P1T0BW)",samsung-980-pro-m-2-1000-go-pci-express-4-0-v-nand-mlc-nv-me-mz-v8p1t0bw,"Senetic Maroc",has_dot
142045,3.04,"3.04 DH","Canon imageFORMULA DR-C225 II Numériseur chargeur automatique de documents (adf) + chargeur manuel 600 x 600 DPI A4 Noir (3258C003)",canon-image-formula-dr-c225-ii-numeriseur-chargeur-automatique-de-documents-adf-chargeur-manuel-600-x-600-dpi-a4-noir-3258c003,"Senetic Maroc",has_dot
134088,3.06,"3.06 DH","Western Digital Gold 3.5"" 12000 Go Série ATA III (WD121KRYZ)",western-digital-gold-3-5-12000-go-serie-ata-iii-wd121kryz,"Senetic Maroc",has_dot
114247,3.07,"3.07 DH","Imprimante Multifonction Laser monochrome Kyocera Ecosys M2135dn / Réseau / USB",imprimante-multifonction-laser-monochrome-kyocera-ecosys-m2135dn-reseau-usb,"Senetic Maroc",has_dot
123847,3.1,"3.10 DH","Whirlpool GMAL 6422/IXL Acier inoxydable Intégré (placement) 59 cm Gaz 4 zones",whirlpool-gmal-6422-ixl-acier-inoxydable-integre-placement-59-cm-gaz-4-zones,Biougnach,has_dot
123866,3.1,"3.10 DH","Whirlpool AKT 5000/NB plaque Noir Intégré (placement) Gaz 4 zones",whirlpool-akt-5000-nb-plaque-noir-integre-placement-gaz-4-zones,Biougnach,has_dot
125195,3.1,"3.10 DH","Jabra Pro 920 Duo Casque Sans fil Arceau Bureau/Centre d'appels Noir (920-29-508-101)",jabra-pro-920-duo-casque-sans-fil-arceau-bureau-centre-d-appels-noir-920-29-508-101,"Senetic Maroc",has_dot
141939,3.1,"3.10 DH","HP ScanJet Pro 3600 f1 Scanner (20G06A#B19)",hp-scan-jet-pro-3600-f1-scanner-20g06a-b19,"Senetic Maroc",has_dot
140932,3.11,"3.11 DH","AMD Ryzen 7 PRO 7745 processeur 3,8 GHz 32 Mo L3 Boîte",amd-ryzen-7-pro-7745-processeur-3-8-g-hz-32-mo-l3-boite,"Senetic Maroc",has_dot
116914,3.16,"3.16 DH","Intel Core i9-12900KS processeur 30 Mo Smart Cache Boîte (BX8071512900KS)",intel-core-i9-12900ks-processeur-30-mo-smart-cache-boite-bx8071512900ks,"Senetic Maroc",has_dot
130722,3.16,"3.16 DH","HP 826A Cartouche de tonerOriginal Jaune (CF312A)",hp-826a-cartouche-de-toner-original-jaune-cf312a,"Senetic Maroc",has_dot
134675,3.17,"3.17 DH","Seagate SkyHawk AI 10 TB 3.5"" SATA III (ST10000VE0008)",seagate-sky-hawk-ai-10-tb-3-5-sata-iii-st10000ve0008,"Senetic Maroc",has_dot
143146,3.17,"3.17 DH","D-Link Points d’accès extérieurs Wi‑Fi AC1300 Wave 2 gérés dans le cloud (DBA-3620P)",d-link-points-d-acces-exterieurs-wi-fi-ac1300-wave-2-geres-dans-le-cloud-dba-3620p,"Senetic Maroc",has_dot
134127,3.18,"3.18 DH","Exos 7E10 10TB 512e SATA 3,5 ST10000NM017B (ST10000NM017B)",exos-7e10-10tb-512e-sata-3-5-st10000nm017b-st10000nm017b,"Senetic Maroc",has_dot
135091,3.19,"3.19 DH","TP-Link Managed Switch L2 JetStream, 48 ports gibabit +4 x SFP (TL-SG3452)",tp-link-managed-switch-l2-jet-stream-48-ports-gibabit-4-x-sfp-tl-sg3452,"Senetic Maroc",has_dot
124245,3.21,"3.21 DH","Jabra Evolve2 85, MS Stereo Casque Avec fil &sans fil Arceau Bureau/Centre d'appels USB Type-A Bluetooth Noir (28599-999-999)",jabra-evolve2-85-ms-stereo-casque-avec-fil-sans-fil-arceau-bureau-centre-d-appels-usb-type-a-bluetooth-noir-28599-999-999,"Senetic Maroc",has_dot
127250,3.22,"3.22 DH","Gigabyte X570 AORUS ULTRA (rev. 1.0) AMD X570 Emplacement AM4 ATX (X570 AORUS ULTRA)",gigabyte-x570-aorus-ultra-rev-1-0-amd-x570-emplacement-am4-atx-x570-aorus-ultra,"Senetic Maroc",has_dot
134061,3.23,"3.23 DH","Samsung MZ-V8P2T0BW disque SSD M.2 2000 GB PCI Express 4.0 V-NAND MLC NVMe (MZ-V8P2T0BW)",samsung-mz-v8p2t0bw-disque-ssd-m-2-2000-gb-pci-express-4-0-v-nand-mlc-nv-me-mz-v8p2t0bw,"Senetic Maroc",has_dot
123687,3.25,"3.25 DH","Lave-linge Whirlpool 7 kg 1200T A+++ InoxWMTA 7122 S NA",lave-linge-whirlpool-7-kg-1200t-a-inox-wmta-7122-s-na,Biougnach,has_dot
142054,3.27,"3.27 DH","Canon imageFORMULA DR-C230 Alimentation papier de scanner 600 x 600 DPI A4 Noir (2646C003)",canon-image-formula-dr-c230-alimentation-papier-de-scanner-600-x-600-dpi-a4-noir-2646c003,"Senetic Maroc",has_dot
134032,3.28,"3.28 DH","Hewlett Packard Enterprise 765466-B21 disque dur 2.5"" 2000 Go SAS (765466-B21)",hewlett-packard-enterprise-765466-b21-disque-dur-2-5-2000-go-sas-765466-b21,"Senetic Maroc",has_dot
134635,3.34,"3.34 DH","Western Digital 12 TB Purple 3.5"" SATA III (WD121PURZ)",western-digital-12-tb-purple-3-5-sata-iii-wd121purz,"Senetic Maroc",has_dot
108411,3.35,"3.35 DH","Réfrigérateur BEKO / RDSA32SX avec congélateur en haut",refrigerateur-beko-rdsa32sx-avec-congelateur-en-haut,Biougnach,has_dot
141037,3.35,"3.35 DH","AMD Ryzen 7 5800X3D processeur 3,4 GHz 96 Mo L3 (100-100000651WOF)",amd-ryzen-7-5800x3d-processeur-3-4-g-hz-96-mo-l3-100-100000651wof,"Senetic Maroc",has_dot
134376,3.36,"3.36 DH","Hewlett Packard Enterprise 881457-B21 disque dur 2.5"" 2400 Go SAS",hewlett-packard-enterprise-881457-b21-disque-dur-2-5-2400-go-sas,"Senetic Maroc",has_dot
114624,3.43,"3.43 DH","Samsung 32"" Moniteur UHD incurvé UR590C (LU32R590CWRXEN)",samsung-32-moniteur-uhd-incurve-ur590c-lu32r590cwrxen,"Senetic Maroc",has_dot
125094,3.46,"3.46 DH","QNAP QSW-M2108-2S commutateur réseau Géré L2 2.5G Ethernet (100/1000/2500) Gris",qnap-qsw-m2108-2s-commutateur-reseau-gere-l2-2-5g-ethernet-100-1000-2500-gris,"Senetic Maroc",has_dot
123465,3.48,"3.48 DH","ASUS ROG Strix XG27AQMR écran plat de PC 27"" 2560 x 1440 pixels Quad HD LED Noir",asus-rog-strix-xg27aqmr-ecran-plat-de-pc-27-2560-x-1440-pixels-quad-hd-led-noir,"Senetic Maroc",has_dot
143668,3.48,"3.48 DH","ASUS ROG Strix XG27AQ écran plat de PC 68,6 cm (27"") 2560 x 1440 pixels LED Noir",asus-rog-strix-xg27aq-ecran-plat-de-pc-68-6-cm-27-2560-x-1440-pixels-led-noir,"Senetic Maroc",has_dot
114634,3.5,"3.50 DH","Samsung 34"" Moniteur Ultrawide WQHD SJ55W (LS34J550WQRXEN)",samsung-34-moniteur-ultrawide-wqhd-sj55w-ls34j550wqrxen,"Senetic Maroc",has_dot
142268,3.53,"3.53 DH","Synology DiskStation DS220+ serveur de stockage NAS Compact Ethernet/LAN Noir J4025",synology-disk-station-ds220-serveur-de-stockage-nas-compact-ethernet-lan-noir-j4025,"Senetic Maroc",has_dot
126481,3.59,"3.59 DH","Hewlett Packard Enterprise 815100-B21 Barrette Mémoire 32 Go 1 x 32 Go DDR4 2666 MHz ECC (815100-B21)",hewlett-packard-enterprise-815100-b21-barrette-memoire-32-go-1-x-32-go-ddr4-2666-m-hz-ecc-815100-b21,"Senetic Maroc",has_dot
133891,3.59,"3.59 DH","Western Digital WD Red SN700 M.2 4000 Go PCI Express 3.0 NVMe (WDS400T1R0C)",western-digital-wd-red-sn700-m-2-4000-go-pci-express-3-0-nv-me-wds400t1r0c,"Senetic Maroc",has_dot
136285,3.59,"3.59 DH","Epson C11CJ63411 imprimante jets d'encres",epson-c11cj63411-imprimante-jets-d-encres,Biougnach,has_dot
107992,3.6,"3.60 DH","Lave vaisselle BEKO 13 couverts Noir (DVN05321B)",lave-vaisselle-beko-13-couverts-noir-dvn05321b,Biougnach,has_dot
108408,3.65,"3.65 DH","Réfrigérateur BEKO | RDSA35SX NO FROST 2P 350L Argent Brosse Inox",refrigerateur-beko-rdsa35sx-no-frost-2p-350l-argent-brosse-inox,Biougnach,has_dot
113858,3.67,"3.67 DH","Zebra ZD421 imprimante pour étiquettes",zebra-zd421-imprimante-pour-etiquettes,"Senetic Maroc",has_dot
115818,3.7,"3.70 DH","Ordinateur portable HP 15-fd0028nk (886L3EA)",ordinateur-portable-hp-15-fd0028nk-886l3ea,Biougnach,has_dot
115834,3.7,"3.70 DH","Ordinateur portable HP 15-fd0030nk (886L5EA)",ordinateur-portable-hp-15-fd0030nk-886l5ea,Biougnach,has_dot
133746,3.71,"3.71 DH","Synology HAT3310-12T disque dur 3.5"" 12 To SATA",synology-hat3310-12t-disque-dur-3-5-12-to-sata,"Senetic Maroc",has_dot
133956,3.73,"3.73 DH","Western Digital Red SA500 2.5"" 1000 GB Série ATA III 3D NAND (WDS100T1R0A)",western-digital-red-sa500-2-5-1000-gb-serie-ata-iii-3d-nand-wds100t1r0a,"Senetic Maroc",has_dot
122745,3.75,"3.75 DH","Samsung Galaxy A33 8Go 128Go Blanc",samsung-galaxy-a33-8go-128go-blanc,Biougnach,has_dot
133694,3.75,"3.75 DH","Synology HAT5310-8T disque dur 3.5"" 8 To Série ATA III",synology-hat5310-8t-disque-dur-3-5-8-to-serie-ata-iii,"Senetic Maroc",has_dot
134115,3.75,"3.75 DH","Seagate IronWolf Pro 3.5"" 14000 Go Série ATA III (ST14000NE0008)",seagate-iron-wolf-pro-3-5-14000-go-serie-ata-iii-st14000ne0008,"Senetic Maroc",has_dot
109549,3.76,"3.76 DH","Synology D4ES01-16G Barrette Mémoire 16 Go 1 x 16 Go DDR4 ECC",synology-d4es01-16g-barrette-memoire-16-go-1-x-16-go-ddr4-ecc,"Senetic Maroc",has_dot
126601,3.77,"3.77 DH","Synology D4ECSO-2666-16G Barrette Mémoire 16 Go 1 x 16 Go DDR4 2666 MHz ECC (D4ECSO-2666-16G)",synology-d4ecso-2666-16g-barrette-memoire-16-go-1-x-16-go-ddr4-2666-m-hz-ecc-d4ecso-2666-16g,"Senetic Maroc",has_dot
108012,3.8,"3.80 DH","Whirlpool WFE 2B19 Autoportante 13 couverts",whirlpool-wfe-2b19-autoportante-13-couverts,Biougnach,has_dot
134836,3.86,"3.86 DH","Seagate Enterprise ST18000NM000J disque dur 3.5"" 18000 Go Série ATA III (ST18000NM000J)",seagate-enterprise-st18000nm000j-disque-dur-3-5-18000-go-serie-ata-iii-st18000nm000j,"Senetic Maroc",has_dot
137327,3.98,"3.98 DH","ASUS ROG Swift XG27AQV 68,6 cm (27"") 2560 x 1440 pixels Wide Quad HD Noir (90LM08G0-B01A70)",asus-rog-swift-xg27aqv-68-6-cm-27-2560-x-1440-pixels-wide-quad-hd-noir-90lm08g0-b01a70,"Senetic Maroc",has_dot
108159,4,"4 DH","Bosch BFL520MS0 micro-onde Intégré (placement) Micro-onde combiné 20 L 800 W Noir, Acier inoxydable",bosch-bfl520ms0-micro-onde-integre-placement-micro-onde-combine-20-l-800-w-noir-acier-inoxydable,Biougnach,single_digit
116022,4,"4 DH","Ordinateur portable Dell Vostro 3520 (N4004PVNB3520EMEA)",ordinateur-portable-dell-vostro-3520-n4004pvnb3520emea,Biougnach,single_digit
123756,4,"4 DH","Whirlpool AMW 439/IX micro-onde Intégré (placement) 22 L 750 W Noir, Acier inoxydable",whirlpool-amw-439-ix-micro-onde-integre-placement-22-l-750-w-noir-acier-inoxydable,Biougnach,single_digit
136245,4,"4 DH","Epson C11CJ65405 imprimante jets d'encres",epson-c11cj65405-imprimante-jets-d-encres,Biougnach,single_digit
138040,4,"4 DH","ASUS ProArt PA279CV 27"" LED 4K Ultra HD 5 ms Noir, Argent",asus-pro-art-pa279cv-27-led-4k-ultra-hd-5-ms-noir-argent,"Senetic Maroc",single_digit
143263,4.03,"4.03 DH","Canon MAXIFY GX5040 imprimante jets d'encres Couleur 600 x 1200 DPI A4 Wifi",canon-maxify-gx5040-imprimante-jets-d-encres-couleur-600-x-1200-dpi-a4-wifi,"Senetic Maroc",has_dot
135048,4.09,"4.09 DH","TP-LINK TL-SG3428XMP commutateur réseau Géré L2+ Gigabit Ethernet (10/100/1000) Connexion Ethernet, supportant l'alimentation vi",tp-link-tl-sg3428xmp-commutateur-reseau-gere-l2-gigabit-ethernet-10-100-1000-connexion-ethernet-supportant-l-alimentation-vi,"Senetic Maroc",has_dot
118515,4.18,"4.18 DH","HPE Aruba AP-303 (RW) Unified AP (JZ320A)",hpe-aruba-ap-303-rw-unified-ap-jz320a,"Senetic Maroc",has_dot
124079,4.2,"4.20 DH","Airpods Pro (2eme Génération) - MQD83ZM/A",airpods-pro-2eme-generation-mqd83zm-a,Biougnach,has_dot
134123,4.22,"4.22 DH","Western Digital 14 TB Gold 3.5"" SATA III (WD141KRYZ)",western-digital-14-tb-gold-3-5-sata-iii-wd141kryz,"Senetic Maroc",has_dot
137676,4.26,"4.26 DH","ASUS ProArt PA328QV 80 cm (31.5"") 2560 x 1440 pixels Quad HD LED Noir (90LM00X0-B02370)",asus-pro-art-pa328qv-80-cm-31-5-2560-x-1440-pixels-quad-hd-led-noir-90lm00x0-b02370,"Senetic Maroc",has_dot
137193,4.28,"4.28 DH","HP LaserJet Enterprise M507dn, Imprimer, Impression recto verso (1PV87A#B19)",hp-laser-jet-enterprise-m507dn-imprimer-impression-recto-verso-1pv87a-b19,"Senetic Maroc",has_dot
107783,4.32,"4.32 DH","Bosch Serie 6 HBA5370B0 four 71 L A Noir",bosch-serie-6-hba5370b0-four-71-l-a-noir,MyMarket,has_dot
108614,4.35,"4.35 DH","Réfrigérateur BEKO 430L / Silver",refrigerateur-beko-430l-silver,Biougnach,has_dot
134832,4.35,"4.35 DH","Western Digital Red Pro 3.5"" 16000 Go SATA (WD161KFGX)",western-digital-red-pro-3-5-16000-go-sata-wd161kfgx,"Senetic Maroc",has_dot
133898,4.37,"4.37 DH","Western Digital WD Red Plus 3.5"" 14000 Go Série ATA III (WD140EFGX)",western-digital-wd-red-plus-3-5-14000-go-serie-ata-iii-wd140efgx,"Senetic Maroc",has_dot
135181,4.41,"4.41 DH","TP-Link TL-SX3016F commutateur réseau Géré L2/L2+ Aucun Noir (TL-SX3016F)",tp-link-tl-sx3016f-commutateur-reseau-gere-l2-l2-aucun-noir-tl-sx3016f,"Senetic Maroc",has_dot
133878,4.43,"4.43 DH","Seagate IronWolf Pro ST16000NE000 disque dur 3.5"" 16000 Go Série ATA III (ST16000NE000)",seagate-iron-wolf-pro-st16000ne000-disque-dur-3-5-16000-go-serie-ata-iii-st16000ne000,"Senetic Maroc",has_dot
116869,4.44,"4.44 DH","Intel Core i9-14900K processeur 36 Mo Smart Cache Boîte",intel-core-i9-14900k-processeur-36-mo-smart-cache-boite,"Senetic Maroc",has_dot
123784,4.44,"4.44 DH","Canon imageFORMULA DR-S250N Alimentation papier de scanner 600 x 600 DPI A4 Noir",canon-image-formula-dr-s250n-alimentation-papier-de-scanner-600-x-600-dpi-a4-noir,"Senetic Maroc",has_dot
135095,4.45,"4.45 DH","TP-Link TL-SG3452X commutateur réseau Géré L2+ Gigabit Ethernet (10/100/1000) 1U Noir (TL-SG3452X)",tp-link-tl-sg3452x-commutateur-reseau-gere-l2-gigabit-ethernet-10-100-1000-1u-noir-tl-sg3452x,"Senetic Maroc",has_dot
122761,4.49,"4.49 DH","Samsung Galaxy A53 5G 8Go 128Go Bleu",samsung-galaxy-a53-5g-8go-128go-bleu,Biougnach,has_dot
127249,4.49,"4.49 DH","Gigabyte X570 AORUS MASTER (rev. 1.0) AMD X570 Emplacement AM4 ATX (X570 AORUS MASTER)",gigabyte-x570-aorus-master-rev-1-0-amd-x570-emplacement-am4-atx-x570-aorus-master,"Senetic Maroc",has_dot
108166,4.5,"4.50 DH","Bosch Serie 6 BFL524MB0 micro-onde Intégré (placement) Micro-ondes uniquement 20 L 800 W Noir",bosch-serie-6-bfl524mb0-micro-onde-integre-placement-micro-ondes-uniquement-20-l-800-w-noir,Biougnach,has_dot
123547,4.5,"4.50 DH","Whirlpool PACF29CO W Climatiseur portatif 49 dB 2,8 W Blanc",whirlpool-pacf29co-w-climatiseur-portatif-49-d-b-2-8-w-blanc,Biougnach,has_dot
129862,4.5,"4.50 DH","HP H 729 kit de remplacement pour tête d'impression DesignJet (F9J81A)",hp-h-729-kit-de-remplacement-pour-tete-d-impression-design-jet-f9j81a,"Senetic Maroc",has_dot
137271,4.52,"4.52 DH","ASUS ProArt PA279CRV écran plat de PC 68,6 cm (27"") 3840 x 2160 pixels 4K Ultra HD LCD Noir",asus-pro-art-pa279crv-ecran-plat-de-pc-68-6-cm-27-3840-x-2160-pixels-4k-ultra-hd-lcd-noir,"Senetic Maroc",has_dot
141814,4.52,"4.52 DH","Canon imageFORMULA DR-S130 Alimentation papier de scanner 600 x 600 DPI A4 Noir (4812C001)",canon-image-formula-dr-s130-alimentation-papier-de-scanner-600-x-600-dpi-a4-noir-4812c001,"Senetic Maroc",has_dot
107809,4.6,"4.60 DH","Franke FSL 86 H XS 71 L A Acier inoxydable",franke-fsl-86-h-xs-71-l-a-acier-inoxydable,Biougnach,has_dot
143189,4.63,"4.63 DH","Aruba AP-535 (RW) 3550 Mbit/s Blanc Connexion Ethernet, supportant l'alimentation via ce port (PoE)",aruba-ap-535-rw-3550-mbit-s-blanc-connexion-ethernet-supportant-l-alimentation-via-ce-port-po-e,"Senetic Maroc",has_dot
125471,4.71,"4.71 DH","Philips 43BFL2214/12 TV 109,2 cm (43"") 4K Ultra HD Smart TV Wifi Noir (43BFL2214/12)",philips-43bfl2214-12-tv-109-2-cm-43-4k-ultra-hd-smart-tv-wifi-noir-43bfl2214-12,"Senetic Maroc",has_dot
114332,4.72,"4.72 DH","Imprimante Laser Monochrome Kyocera Ecosys P2040dn / Réseau & USB",imprimante-laser-monochrome-kyocera-ecosys-p2040dn-reseau-usb,"Senetic Maroc",has_dot
144972,4.75,"4.75 DH","Smartphone Samsung Galaxy A54 5G 8GB_256GB Graphite (SM-A546EZKDMWD)",smartphone-samsung-galaxy-a54-5g-8gb-256gb-graphite-sm-a546ezkdmwd,Biougnach,has_dot
135173,4.82,"4.82 DH","Aruba 6000 12G Class4 PoE 2G/2SFP 139W Géré L3 Gigabit Ethernet (10/100/1000) Connexion Ethernet, supportant l'alimentation via ce port (PoE) 1U",aruba-6000-12g-class4-po-e-2g-2sfp-139w-gere-l3-gigabit-ethernet-10-100-1000-connexion-ethernet-supportant-l-alimentation-via-ce-port-po-e-1u,"Senetic Maroc",has_dot
107712,4.9,"4.90 DH","Congélateur coffre posable Whirlpool: couleur blanche - CF 430 A+ FO",congelateur-coffre-posable-whirlpool-couleur-blanche-cf-430-a-fo,Biougnach,has_dot
115485,4.99,"4.99 DH","Ordinateur portable Asus Vivobook 15 X1504VA-NJ814W",ordinateur-portable-asus-vivobook-15-x1504va-nj814w,Biougnach,has_dot
140941,5,"5 DH","AMD Ryzen 9 7900X3D processeur 4,4 GHz 128 Mo L2 & L3 Boîte (100-100000909WOF)",amd-ryzen-9-7900x3d-processeur-4-4-g-hz-128-mo-l2-l3-boite-100-100000909wof,"Senetic Maroc",single_digit
144345,5,"5 DH","Lenovo IdeaPad Slim 3 15IRU8 Intel® Core™ i3 i3-1305U Ordinateur portable 39,6 cm (15.6"") Full HD 8 Go LPDDR5-SDRAM 512 Go SSD Wi-Fi 6 (802.11ax) Windows 11 Home Gris",lenovo-idea-pad-slim-3-15iru8-intel-r-core-i3-i3-1305u-ordinateur-portable-39-6-cm-15-6-full-hd-8-go-lpddr5-sdram-512-go-ssd-wi-fi-6-802-11ax-windows-11-home-gris,Biougnach,single_digit
134958,5.02,"5.02 DH","HPE Aruba Instant On 1830 Smart 48G 4SFP PoE+ 370W Switch (JL815A)",hpe-aruba-instant-on-1830-smart-48g-4sfp-po-e-370w-switch-jl815a,"Senetic Maroc",has_dot
113258,5.08,"5.08 DH","HPE Aruba Instant On 1960 Smart 24G 2XT 2XF Switch (JL806A)",hpe-aruba-instant-on-1960-smart-24g-2xt-2xf-switch-jl806a,"Senetic Maroc",has_dot
137801,5.08,"5.08 DH","iiyama ProLite T2735MSC-B2 écran plat de PC 68,6 cm (27"") 1920 x 1080 pixels Full HD LED Écran tactile (T2735MSC-B2)",iiyama-pro-lite-t2735msc-b2-ecran-plat-de-pc-68-6-cm-27-1920-x-1080-pixels-full-hd-led-ecran-tactile-t2735msc-b2,"Senetic Maroc",has_dot
137860,5.16,"5.16 DH","Samsung Odyssey Neo G7 S32BG750NP écran plat de PC 81,3 cm (32"") 3840 x 2160 pixels 4K Ultra HD LED Noir (LS32BG750NPXEN)",samsung-odyssey-neo-g7-s32bg750np-ecran-plat-de-pc-81-3-cm-32-3840-x-2160-pixels-4k-ultra-hd-led-noir-ls32bg750npxen,"Senetic Maroc",has_dot
143187,5.19,"5.19 DH","D-Link DBA-2820P point d'accès réseaux locaux sans fil 2600 Mbit/s Blanc Connexion Ethernet, supportant l'alimentation via ce port (PoE) (DBA-2820P)",d-link-dba-2820p-point-d-acces-reseaux-locaux-sans-fil-2600-mbit-s-blanc-connexion-ethernet-supportant-l-alimentation-via-ce-port-po-e-dba-2820p,"Senetic Maroc",has_dot
115883,5.2,"5.20 DH","Ordinateur portable HP 15-fd0027nk (886L2EA)",ordinateur-portable-hp-15-fd0027nk-886l2ea,Biougnach,has_dot
135311,5.29,"5.29 DH","TP-LINK TL-SG3452P commutateur réseau Géré L2/L2+ Gigabit Ethernet (10/100/1000) Connexion Ethernet, supportant l'alimentation v",tp-link-tl-sg3452p-commutateur-reseau-gere-l2-l2-gigabit-ethernet-10-100-1000-connexion-ethernet-supportant-l-alimentation-v,"Senetic Maroc",has_dot
144083,5.3,"5.30 DH","Dyson Supersonic sèche-cheveux Gris/Fuchsia",dyson-supersonic-seche-cheveux-gris-fuchsia,Biougnach,has_dot
137782,5.69,"5.69 DH","Samsung Odyssey Neo G7 écran plat de PC 109,2 cm (43"") 3840 x 2160 pixels 4K Ultra HD LED Blanc (LS43CG700NUXEN)",samsung-odyssey-neo-g7-ecran-plat-de-pc-109-2-cm-43-3840-x-2160-pixels-4k-ultra-hd-led-blanc-ls43cg700nuxen,"Senetic Maroc",has_dot
133690,5.8,"5.80 DH","Synology HAT5300 3.5"" 12 To Série ATA III",synology-hat5300-3-5-12-to-serie-ata-iii,"Senetic Maroc",has_dot
109198,5.85,"5.85 DH","Epson EB-W49 Projecteur à focale standard 3LCD WXGA 3800 Lumens",epson-eb-w49-projecteur-a-focale-standard-3lcd-wxga-3800-lumens,"Senetic Maroc",has_dot
133866,5.85,"5.85 DH","Western Digital WD42PURZ disque dur 3.5"" 4000 Go SATA (WD42PURZ)",western-digital-wd42purz-disque-dur-3-5-4000-go-sata-wd42purz,"Senetic Maroc",has_dot
145042,5.85,"5.85 DH","Apple iPhone 15 128 Go Noir",apple-i-phone-15-128-go-noir,"Senetic Maroc",has_dot
145014,5.92,"5.92 DH","Apple iPhone 15 128 Go Rose",apple-i-phone-15-128-go-rose,"Senetic Maroc",has_dot
122788,5.99,"5.99 DH","Samsung Galaxy A73 5G 8Go 256Go Gris",samsung-galaxy-a73-5g-8go-256go-gris,Biougnach,has_dot
109121,6.18,"6.18 DH","Epson EB-FH06 (V11H974040)",epson-eb-fh06-v11h974040,"Senetic Maroc",has_dot
123404,6.25,"6.25 DH","HP Scanjet Enterprise Flow 5000 s4 Alimentation papier de scanner 600 x 600 DPI A4 Blanc",hp-scanjet-enterprise-flow-5000-s4-alimentation-papier-de-scanner-600-x-600-dpi-a4-blanc,"Senetic Maroc",has_dot
142062,6.25,"6.25 DH","HP Scanjet Enterprise Flow 7000 s3 Alimentation papier de scanner 600 x 600 DPI A4 Blanc (L2757A#B19)",hp-scanjet-enterprise-flow-7000-s3-alimentation-papier-de-scanner-600-x-600-dpi-a4-blanc-l2757a-b19,"Senetic Maroc",has_dot
143018,6.26,"6.26 DH","Hewlett Packard Enterprise Aruba Instant IAP-305 (RW) 1600 Mbit/s Blanc Connexion Ethernet, supportant l'alimentation via ce port (PoE) (JX945A)",hewlett-packard-enterprise-aruba-instant-iap-305-rw-1600-mbit-s-blanc-connexion-ethernet-supportant-l-alimentation-via-ce-port-po-e-jx945a,"Senetic Maroc",has_dot
108141,6.3,"6.30 DH","Whirlpool W6 MW461 BSS micro-onde Intégré Micro-onde combiné 40 L 900 W Noir",whirlpool-w6-mw461-bss-micro-onde-integre-micro-onde-combine-40-l-900-w-noir,Biougnach,has_dot
145067,6.31,"6.31 DH","Apple iPhone 15 128 Go Bleu",apple-i-phone-15-128-go-bleu,"Senetic Maroc",has_dot
115869,6.39,"6.39 DH","Ordinateur portable HP 15-fc0017nk (886J7EA)",ordinateur-portable-hp-15-fc0017nk-886j7ea,Biougnach,has_dot
138184,6.39,"6.39 DH","ASUS ProArt PA329CV 81,3 cm (32"") 3840 x 2160 pixels 4K Ultra HD Noir (90LM06P1-B01170)",asus-pro-art-pa329cv-81-3-cm-32-3840-x-2160-pixels-4k-ultra-hd-noir-90lm06p1-b01170,"Senetic Maroc",has_dot
142112,6.41,"6.41 DH","Synology DiskStation DS423 serveur de stockage NAS Ethernet/LAN Noir RTD1619B",synology-disk-station-ds423-serveur-de-stockage-nas-ethernet-lan-noir-rtd1619b,"Senetic Maroc",has_dot
107956,6.5,"6.50 DH","Whirlpool WFO 3T123 6P X lave-vaisselle Autoportante 14 couverts",whirlpool-wfo-3t123-6p-x-lave-vaisselle-autoportante-14-couverts,Biougnach,has_dot
123291,6.5,"6.50 DH","Ordinateur Portable Lenovo Ideapad 3 15IAU7 (82RK00PCFE)",ordinateur-portable-lenovo-ideapad-3-15iau7-82rk00pcfe,Biougnach,has_dot
139342,6.5,"6.50 DH","Ordinateur Portable Lenovo IdeaPad 3 15IAU7 (82RK00PDFE)",ordinateur-portable-lenovo-idea-pad-3-15iau7-82rk00pdfe,Biougnach,has_dot
144298,6.5,"6.50 DH","Lenovo IdeaPad Slim 3 15IRH8 Intel® Core™ i5 i5-13420H Ordinateur portable 39,6 cm (15.6"") Full HD 8 Go LPDDR5-SDRAM 512 Go SSD Wi-Fi 6 (802.11ax) Windows 11 Home Gris",lenovo-idea-pad-slim-3-15irh8-intel-r-core-i5-i5-13420h-ordinateur-portable-39-6-cm-15-6-full-hd-8-go-lpddr5-sdram-512-go-ssd-wi-fi-6-802-11ax-windows-11-home-gris,Biougnach,has_dot
137163,6.55,"6.55 DH","HP LaserJet Enterprise M611dn, Imprimer, Impression recto verso (7PS84A#B19)",hp-laser-jet-enterprise-m611dn-imprimer-impression-recto-verso-7ps84a-b19,"Senetic Maroc",has_dot
137672,6.62,"6.62 DH","ASUS ProArt PA328CGV 81,3 cm (32"") 2560 x 1440 pixels Quad HD Noir (90LM06R1-B01170)",asus-pro-art-pa328cgv-81-3-cm-32-2560-x-1440-pixels-quad-hd-noir-90lm06r1-b01170,"Senetic Maroc",has_dot
142035,6.72,"6.72 DH","Canon imageFORMULA DR-S150 600 x 600 DPI Numériseur chargeur automatique de documents (adf) + chargeur manuel Noir A4",canon-image-formula-dr-s150-600-x-600-dpi-numeriseur-chargeur-automatique-de-documents-adf-chargeur-manuel-noir-a4,"Senetic Maroc",has_dot
115355,6.79,"6.79 DH","ORDINATEUR PORTABLE ASUS VIVOBOOK 16 X1605VA-MB854W",ordinateur-portable-asus-vivobook-16-x1605va-mb854w,Biougnach,has_dot
109632,6.89,"6.89 DH","HP T1000 NVIDIA 4 GB GDDR6 (20X22AA)",hp-t1000-nvidia-4-gb-gddr6-20x22aa,"Senetic Maroc",has_dot
109401,6.92,"6.92 DH","Epson EB-1780W Projecteur à focale standard 3LCD WXGA 3000 Lumens",epson-eb-1780w-projecteur-a-focale-standard-3lcd-wxga-3000-lumens,"Senetic Maroc",has_dot
137984,6.92,"6.92 DH","ASUS ROG Strix XG49VQ 49&quot; LED Full HD Ultra large 4 ms Noir",asus-rog-strix-xg49vq-49-quot-led-full-hd-ultra-large-4-ms-noir,"Senetic Maroc",has_dot
109162,6.97,"6.97 DH","Epson EB-982W",epson-eb-982w,"Senetic Maroc",has_dot
122460,7,"7 DH","SAMSUNG Galaxy S24 5G Dual Sim (8GB | 256 GB)",samsung-galaxy-s24-5g-dual-sim-8gb-256-gb,Biougnach,single_digit
144804,7,"7 DH","Smartphone Samsung Galaxy S24 8Go_256Go Amberyellow (SM-S921BZYCMWD)",smartphone-samsung-galaxy-s24-8go-256go-amberyellow-sm-s921bzycmwd,Biougnach,single_digit
114096,7.15,"7.15 DH","Epson FX-890II (C11CF37401)",epson-fx-890ii-c11cf37401,"Senetic Maroc",has_dot
137161,7.22,"7.22 DH","HP LaserJet Enterprise M612dn, Imprimer, Impression recto verso (7PS86A#B19)",hp-laser-jet-enterprise-m612dn-imprimer-impression-recto-verso-7ps86a-b19,"Senetic Maroc",has_dot
125726,7.24,"7.24 DH","Philips 65BFL2214/12 TV 165,1 cm (65"") 4K Ultra HD Smart TV Wifi Noir (65BFL2214/12)",philips-65bfl2214-12-tv-165-1-cm-65-4k-ultra-hd-smart-tv-wifi-noir-65bfl2214-12,"Senetic Maroc",has_dot
145150,7.24,"7.24 DH","Apple iPhone 15 256 Go Noir",apple-i-phone-15-256-go-noir,"Senetic Maroc",has_dot
134940,7.28,"7.28 DH","HPE Aruba Instant On 1960 Smart 24G 2XT 2XF PoE+ 370W Switch (JL807A)",hpe-aruba-instant-on-1960-smart-24g-2xt-2xf-po-e-370w-switch-jl807a,"Senetic Maroc",has_dot
115531,7.29,"7.29 DH","HP Laptop 15-Fd0042nk Ordinateur Portable (9D6W0EA)",hp-laptop-15-fd0042nk-ordinateur-portable-9d6w0ea,Biougnach,has_dot
108640,7.3,"7.30 DH","Bosch Serie 4 KGN36VLEA réfrigérateur-congélateur Pose libre 326 L E Acier inoxydable",bosch-serie-4-kgn36vlea-refrigerateur-congelateur-pose-libre-326-l-e-acier-inoxydable,Biougnach,has_dot
115459,7.3,"7.30 DH","ORDINATEUR PORTABLE ASUS VIVOBOOK 15 X1504VA-NJ446W (90NB10J2-M00N90)-(DW)",ordinateur-portable-asus-vivobook-15-x1504va-nj446w-90nb10j2-m00n90-dw,Biougnach,has_dot
115567,7.3,"7.30 DH","Ordinateur portable Asus Vivobook X1504VA (90NB10J2-M00NA0)",ordinateur-portable-asus-vivobook-x1504va-90nb10j2-m00na0,Biougnach,has_dot
139686,7.4,"7.40 DH","HP 15-fd0022nk 15.6"" Full HD i5-1335U 8 Go 512 Go SSD Windows 11 Home Argent",hp-15-fd0022nk-15-6-full-hd-i5-1335u-8-go-512-go-ssd-windows-11-home-argent,Biougnach,has_dot
118432,7.64,"7.64 DH","Logitech Rally Camera (960-001227)",logitech-rally-camera-960-001227,"Senetic Maroc",has_dot
135176,7.64,"7.64 DH","Aruba Instant On 1960 12XGT 4SFP+ Géré L2+ 10G Ethernet (100/1000/10000) 1U Blanc",aruba-instant-on-1960-12xgt-4sfp-gere-l2-10g-ethernet-100-1000-10000-1u-blanc,"Senetic Maroc",has_dot
142106,7.73,"7.73 DH","Synology DiskStation DS1522+ serveur de stockage NAS Tower Ethernet/LAN Noir R1600",synology-disk-station-ds1522-serveur-de-stockage-nas-tower-ethernet-lan-noir-r1600,"Senetic Maroc",has_dot
116039,7.79,"7.79 DH","Ordinateur portable HP 15-fc0015nk (886J5EA)",ordinateur-portable-hp-15-fc0015nk-886j5ea,Biougnach,has_dot
142259,7.83,"7.83 DH","QNAP TS-432PXU NAS Rack (1 U) Ethernet/LAN Noir Alpine AL-324",qnap-ts-432pxu-nas-rack-1-u-ethernet-lan-noir-alpine-al-324,"Senetic Maroc",has_dot
141065,7.97,"7.97 DH","HPE Intel Xeon Silver 4208 processeur 2,1 GHz 11 Mo L3",hpe-intel-xeon-silver-4208-processeur-2-1-g-hz-11-mo-l3,"Senetic Maroc",has_dot
137315,8.05,"8.05 DH","Samsung Odyssey Neo G8 LS34BG850SUXEN écran plat de PC 86,4 cm (34"") 3440 x 1440 pixels UltraWide Quad HD OLED Argent (LS34BG850SUXEN)",samsung-odyssey-neo-g8-ls34bg850suxen-ecran-plat-de-pc-86-4-cm-34-3440-x-1440-pixels-ultra-wide-quad-hd-oled-argent-ls34bg850suxen,"Senetic Maroc",has_dot
107730,8.1,"8.10 DH","Whirlpool WVE26562 NF X congélateur Droit Autoportante 260 L Acier inoxydable",whirlpool-wve26562-nf-x-congelateur-droit-autoportante-260-l-acier-inoxydable,Biougnach,has_dot
139179,8.2,"8.20 DH","Ordinateur portable HP 15-fd0033nk (898D7EA)",ordinateur-portable-hp-15-fd0033nk-898d7ea,Biougnach,has_dot
115369,8.29,"8.29 DH","Ordinateur portable Asus Vivobook 16 X1605VA-MB1025W (90NB13W2-M006T0)",ordinateur-portable-asus-vivobook-16-x1605va-mb1025w-90nb13w2-m006t0,Biougnach,has_dot
108489,8.3,"8.30 DH","Whirlpool WME36562 X réfrigérateur Pose libre 363 L Acier inoxydable",whirlpool-wme36562-x-refrigerateur-pose-libre-363-l-acier-inoxydable,Biougnach,has_dot
125189,8.35,"8.35 DH","QNAP QSW-1208-8C commutateur réseau Non-géré Noir",qnap-qsw-1208-8c-commutateur-reseau-non-gere-noir,"Senetic Maroc",has_dot
145072,8.38,"8.38 DH","Apple iPhone 15 Plus 256 Go Jaune",apple-i-phone-15-plus-256-go-jaune,"Senetic Maroc",has_dot
142174,8.39,"8.39 DH","QNAP TS-664 NAS Tower Ethernet/LAN Noir N5095",qnap-ts-664-nas-tower-ethernet-lan-noir-n5095,"Senetic Maroc",has_dot
144820,8.4,"8.40 DH","Smartphone Samsung Galaxy S24+ 12Go_256Go Cobaltviolet (SM-S926BZVBMWD)",smartphone-samsung-galaxy-s24-12go-256go-cobaltviolet-sm-s926bzvbmwd,Biougnach,has_dot
137255,8.44,"8.44 DH","HP Color LaserJet Professional Imprimante CP5225n, (CE711A#B19)",hp-color-laser-jet-professional-imprimante-cp5225n-ce711a-b19,"Senetic Maroc",has_dot
144278,8.49,"8.49 DH","Lenovo IdeaPad Slim 3 15IRH8 Intel® Core™ i7 i7-13620H Ordinateur portable 39,6 cm (15.6"") Full HD 16 Go LPDDR5-SDRAM 512 Go SSD Wi-Fi 6 (802.11ax) Windows 11 Home Gris",lenovo-idea-pad-slim-3-15irh8-intel-r-core-i7-i7-13620h-ordinateur-portable-39-6-cm-15-6-full-hd-16-go-lpddr5-sdram-512-go-ssd-wi-fi-6-802-11ax-windows-11-home-gris,Biougnach,has_dot
144352,8.49,"8.49 DH","HP 15-fd0307nk Intel® Core™ i7 i7-1355U Ordinateur portable 39,6 cm (15.6"") HD 8 Go DDR4-SDRAM 512 Go SSD Wi-Fi 6 (802.11ax) Windows 11 Home Argent",hp-15-fd0307nk-intel-r-core-i7-i7-1355u-ordinateur-portable-39-6-cm-15-6-hd-8-go-ddr4-sdram-512-go-ssd-wi-fi-6-802-11ax-windows-11-home-argent,Biougnach,has_dot
115436,8.5,"8.50 DH","Lightbox ASUS Vivobook X1504VA i7 (90NB10J2-M00VB0)",lightbox-asus-vivobook-x1504va-i7-90nb10j2-m00vb0,Biougnach,has_dot
120717,8.5,"8.50 DH","Dove Original 100 g",dove-original-100-g,MyMarket,has_dot
134000,8.59,"8.59 DH","Samsung 850 PRO 2.5"" 2000 Go Série ATA III 3D MLC (MZ-7KE2T0BW)",samsung-850-pro-2-5-2000-go-serie-ata-iii-3d-mlc-mz-7ke2t0bw,"Senetic Maroc",has_dot
109311,8.84,"8.84 DH","Epson EB-992F Projecteur à focale standard 3LCD 1080p 4000 Lumens",epson-eb-992f-projecteur-a-focale-standard-3lcd-1080p-4000-lumens,"Senetic Maroc",has_dot
118387,9,"9 DH","Samsung Galaxy Tab S8 8 Go 128 Go (",samsung-galaxy-tab-s8-8-go-128-go,Biougnach,single_digit
125292,9,"9 DH","Samsung tv 75″ gamme D Serie 7 4K 3,840×2,160 3 HDMI 1 USB Smart bth wifi recept integré 12M (UA75DU7000UXMV)",samsung-tv-75-gamme-d-serie-7-4k-3-840x2-160-3-hdmi-1-usb-smart-bth-wifi-recept-integre-12m-ua75du7000uxmv,Biougnach,single_digit
144845,9,"9 DH","Smartphone Samsung Galaxy S24+ 12Go_256Go Onyxblack (SM-S926BZKBMWD)",smartphone-samsung-galaxy-s24-12go-256go-onyxblack-sm-s926bzkbmwd,Biougnach,single_digit
142216,9.18,"9.18 DH","QNAP TS-473A NAS Tower Ethernet/LAN Noir V1500B",qnap-ts-473a-nas-tower-ethernet-lan-noir-v1500b,"Senetic Maroc",has_dot
139627,9.2,"9.20 DH","HP Pavilion x360 14-ek1001nk Hybride (2-en-1) 14""i5-1335U 8 Go 512 Go SSD Windows 11 Home Argent",hp-pavilion-x360-14-ek1001nk-hybride-2-en-1-14-i5-1335u-8-go-512-go-ssd-windows-11-home-argent,Biougnach,has_dot
143048,9.2,"9.20 DH","HPE Aruba IAP-315 (RW) Instant 2x/4x 11ac AP (JW811A)",hpe-aruba-iap-315-rw-instant-2x-4x-11ac-ap-jw811a,"Senetic Maroc",has_dot
123328,9.29,"9.29 DH","HP 14-ep0002nk 14"" Full HD i5-1335U 8 Go 512 Go SSD Windows 11 Home Argent",hp-14-ep0002nk-14-full-hd-i5-1335u-8-go-512-go-ssd-windows-11-home-argent,Biougnach,has_dot
139720,9.29,"9.29 DH","HP 15-fd0019nk 15.6"" Full HD i7-1355U 8 Go 512 Go SSD Windows 11 Home Argent",hp-15-fd0019nk-15-6-full-hd-i7-1355u-8-go-512-go-ssd-windows-11-home-argent,Biougnach,has_dot
145131,9.29,"9.29 DH","Apple iPhone 15 Pro 128 Go Titane, Noir",apple-i-phone-15-pro-128-go-titane-noir,"Senetic Maroc",has_dot
145144,9.29,"9.29 DH","Apple iPhone 15 Pro 128 Go Titane, Blanc",apple-i-phone-15-pro-128-go-titane-blanc,"Senetic Maroc",has_dot
142380,9.52,"9.52 DH","Hewlett Packard Enterprise ProLiant P44718-421 serveur Tour (4U) Intel Xeon E 2,8 GHz 16 Go 350 W",hewlett-packard-enterprise-pro-liant-p44718-421-serveur-tour-4u-intel-xeon-e-2-8-g-hz-16-go-350-w,"Senetic Maroc",has_dot
141941,9.57,"9.57 DH","HP ScanJet Ent Flow N6600 fnw1 Scanner (20G08A#B19)",hp-scan-jet-ent-flow-n6600-fnw1-scanner-20g08a-b19,"Senetic Maroc",has_dot
142104,9.57,"9.57 DH","Synology RackStation RS822+ serveur de stockage NAS V1500B",synology-rack-station-rs822-serveur-de-stockage-nas-v1500b,"Senetic Maroc",has_dot
142251,9.57,"9.57 DH","Synology DiskStation DS1621+ serveur de stockage NAS Bureau Ethernet/LAN Noir V1500B (DS1621+)",synology-disk-station-ds1621-serveur-de-stockage-nas-bureau-ethernet-lan-noir-v1500b-ds1621,"Senetic Maroc",has_dot
145059,9.6,"9.60 DH","Apple iPhone 15 Pro 128 Go Titane, Bleu",apple-i-phone-15-pro-128-go-titane-bleu,"Senetic Maroc",has_dot
135332,9.73,"9.73 DH","Aruba 6100 24G 4SFP+ Géré L3 Gigabit Ethernet (10/100/1000) 1U Noir",aruba-6100-24g-4sfp-gere-l3-gigabit-ethernet-10-100-1000-1u-noir,"Senetic Maroc",has_dot
142221,9.82,"9.82 DH","QNAP TS-873A-8G serveur de stockage NAS Tower Ethernet/LAN Noir V1500B",qnap-ts-873a-8g-serveur-de-stockage-nas-tower-ethernet-lan-noir-v1500b,"Senetic Maroc",has_dot
137257,9.93,"9.93 DH","HP Color LaserJet Professional Imprimante CP5225dn, Impression recto verso (CE712A#B19)",hp-color-laser-jet-professional-imprimante-cp5225dn-impression-recto-verso-ce712a-b19,"Senetic Maroc",has_dot
109397,9.99,"9.99 DH","Epson EB-1795F (V11H796040)",epson-eb-1795f-v11h796040,"Senetic Maroc",has_dot
142195,10.07,"10.07 DH","QNAP TS-832PX NAS Tower Ethernet/LAN Aluminium, Noir AL324",qnap-ts-832px-nas-tower-ethernet-lan-aluminium-noir-al324,"Senetic Maroc",has_dot
109383,10.23,"10.23 DH","Epson EB-2250U Projecteur à focale standard 3LCD WUXGA 5000 Lumens",epson-eb-2250u-projecteur-a-focale-standard-3lcd-wuxga-5000-lumens,"Senetic Maroc",has_dot
142396,10.3,"10.30 DH","Hewlett Packard Enterprise ProLiant DL20 Gen10 Plus serveur Rack (1 U) Intel Xeon E 2,8 GHz 8 Go 290 W",hewlett-packard-enterprise-pro-liant-dl20-gen10-plus-serveur-rack-1-u-intel-xeon-e-2-8-g-hz-8-go-290-w,"Senetic Maroc",has_dot
109179,10.41,"10.41 DH","Epson EH-TW7000 (V11H961040)",epson-eh-tw7000-v11h961040,"Senetic Maroc",has_dot
145075,10.45,"10.45 DH","Apple iPhone 15 Pro Max 256 Go Titane, Bleu",apple-i-phone-15-pro-max-256-go-titane-bleu,"Senetic Maroc",has_dot
134952,10.53,"10.53 DH","Hewlett Packard Enterprise Aruba 2930F 24G 4SFP+ Géré L3 Gigabit Ethernet (10/100/1000) 1U Gris (JL253A)",hewlett-packard-enterprise-aruba-2930f-24g-4sfp-gere-l3-gigabit-ethernet-10-100-1000-1u-gris-jl253a,"Senetic Maroc",has_dot
145048,10.66,"10.66 DH","Apple iPhone 15 Pro 256 Go Titane, Bleu",apple-i-phone-15-pro-256-go-titane-bleu,"Senetic Maroc",has_dot
145127,10.66,"10.66 DH","Apple iPhone 15 Pro 256 Go Titane, Blanc",apple-i-phone-15-pro-256-go-titane-blanc,"Senetic Maroc",has_dot
125731,10.81,"10.81 DH","Philips 75BFL2214/12 TV 190,5 cm (75"") 4K Ultra HD Smart TV Wifi Anthracite, Gris (75BFL2214/12)",philips-75bfl2214-12-tv-190-5-cm-75-4k-ultra-hd-smart-tv-wifi-anthracite-gris-75bfl2214-12,"Senetic Maroc",has_dot
144812,10.99,"10.99 DH","Smartphone Samsung Galaxy S24 8Go_256Go Onyxblack (SM-S921BZKCMWD)",smartphone-samsung-galaxy-s24-8go-256go-onyxblack-sm-s921bzkcmwd,Biougnach,has_dot
109358,11.39,"11.39 DH","Epson EB-685W Projecteur à focale ultra courte 3LCD WXGA 3500 Lumens",epson-eb-685w-projecteur-a-focale-ultra-courte-3lcd-wxga-3500-lumens,"Senetic Maroc",has_dot
145087,11.44,"11.44 DH","Apple iPhone 15 Pro Max 256 Go Titane, Blanc",apple-i-phone-15-pro-max-256-go-titane-blanc,"Senetic Maroc",has_dot
116203,11.6,"11.60 DH","HP Pavilion x360 14-ek1006nk Hybride (2-en-1) 14"" Écran tactile Full HD i7-1355U 16 Go 512 Go SSD Windows 11 Home Argent",hp-pavilion-x360-14-ek1006nk-hybride-2-en-1-14-ecran-tactile-full-hd-i7-1355u-16-go-512-go-ssd-windows-11-home-argent,Biougnach,has_dot
137762,11.62,"11.62 DH","Samsung Odyssey RG90S 124 cm (48.8"") 5120 x 1440 pixels 4K Ultra HD LCD Noir (LC49RG90SSPXEN)",samsung-odyssey-rg90s-124-cm-48-8-5120-x-1440-pixels-4k-ultra-hd-lcd-noir-lc49rg90sspxen,"Senetic Maroc",has_dot
142351,11.67,"11.67 DH","Hewlett Packard Enterprise ProLiant DL20 serveur Rack (1 U) Intel Xeon E 2,8 GHz 16 Go 500 W",hewlett-packard-enterprise-pro-liant-dl20-serveur-rack-1-u-intel-xeon-e-2-8-g-hz-16-go-500-w,"Senetic Maroc",has_dot
115806,11.7,"11.70 DH","Ordinateur portable HP Pavilion X360 Convertible 15-er1002nk (7J0J5EA)",ordinateur-portable-hp-pavilion-x360-convertible-15-er1002nk-7j0j5ea,Biougnach,has_dot
145106,11.72,"11.72 DH","Apple iPhone 15 Pro Max 256 Go Titane, Noir",apple-i-phone-15-pro-max-256-go-titane-noir,"Senetic Maroc",has_dot
142209,11.75,"11.75 DH","QNAP TS-832PXU NAS Rack (2 U) Ethernet/LAN Noir AL324 (TS-832PXU-4G)",qnap-ts-832pxu-nas-rack-2-u-ethernet-lan-noir-al324-ts-832pxu-4g,"Senetic Maroc",has_dot
142254,11.75,"11.75 DH","QNAP TS-432PXU-RP NAS Rack (1 U) Ethernet/LAN Noir Alpine AL-324",qnap-ts-432pxu-rp-nas-rack-1-u-ethernet-lan-noir-alpine-al-324,"Senetic Maroc",has_dot
142218,11.91,"11.91 DH","QNAP TS-873A NAS Tower Ethernet/LAN Noir V1500B",qnap-ts-873a-nas-tower-ethernet-lan-noir-v1500b,"Senetic Maroc",has_dot
144308,11.99,"11.99 DH","Lenovo Yoga Slim 6 14IRH8 Intel® Core™ i5 i5-13500H Ordinateur portable 35,6 cm (14"") WUXGA 16 Go LPDDR5x-SDRAM 512 Go SSD Wi-Fi 6E (802.11ax) Windows 11 Home Gris",lenovo-yoga-slim-6-14irh8-intel-r-core-i5-i5-13500h-ordinateur-portable-35-6-cm-14-wuxga-16-go-lpddr5x-sdram-512-go-ssd-wi-fi-6e-802-11ax-windows-11-home-gris,Biougnach,has_dot
116135,12.4,"12.40 DH","Ordinateur portable HP Victus Gaming 15-fb0003nk (6E1E9EA)",ordinateur-portable-hp-victus-gaming-15-fb0003nk-6e1e9ea,Biougnach,has_dot
142272,12.6,"12.60 DH","Synology DiskStation DS420+ serveur de stockage J4025 Ethernet/LAN Bureau Noir NAS",synology-disk-station-ds420-serveur-de-stockage-j4025-ethernet-lan-bureau-noir-nas,"Senetic Maroc",has_dot
134905,12.94,"12.94 DH","Hewlett Packard Enterprise Aruba 6100 48G 4SFP+ Géré L3 Gigabit Ethernet (10/100/1000) 1U Noir",hewlett-packard-enterprise-aruba-6100-48g-4sfp-gere-l3-gigabit-ethernet-10-100-1000-1u-noir,"Senetic Maroc",has_dot
125277,13.12,"13.12 DH","Epson PowerLite L210W vidéo-projecteur 4500 ANSI lumens 3LCD WXGA (1280x800) Blanc",epson-power-lite-l210w-video-projecteur-4500-ansi-lumens-3lcd-wxga-1280x800-blanc,"Senetic Maroc",has_dot
142257,13.28,"13.28 DH","QNAP TS-832PXU-RP NAS Rack (2 U) Ethernet/LAN Noir AL324",qnap-ts-832pxu-rp-nas-rack-2-u-ethernet-lan-noir-al324,"Senetic Maroc",has_dot
109064,13.78,"13.78 DH","Epson EB-L260F vidéo-projecteur 4600 ANSI lumens 3LCD 1080p (1920x1080) Blanc",epson-eb-l260f-video-projecteur-4600-ansi-lumens-3lcd-1080p-1920x1080-blanc,"Senetic Maroc",has_dot
142371,13.91,"13.91 DH","Hewlett Packard Enterprise ProLiant DL20 Gen10 Plus serveur Rack (1 U) Intel Xeon E 2,9 GHz 16 GB 500 W (P44115-421)",hewlett-packard-enterprise-pro-liant-dl20-gen10-plus-serveur-rack-1-u-intel-xeon-e-2-9-g-hz-16-gb-500-w-p44115-421,"Senetic Maroc",has_dot
144195,13.99,"13.99 DH","Lenovo Yoga Slim 6 14IRH8 Intel® Core™ i7 i7-13700H Ordinateur portable 35,6 cm (14"") WUXGA 16 Go LPDDR5x-SDRAM 1 To SSD Wi-Fi 6E (802.11ax) Windows 11 Home Gris",lenovo-yoga-slim-6-14irh8-intel-r-core-i7-i7-13700h-ordinateur-portable-35-6-cm-14-wuxga-16-go-lpddr5x-sdram-1-to-ssd-wi-fi-6e-802-11ax-windows-11-home-gris,Biougnach,has_dot
142232,14.91,"14.91 DH","Synology RackStation RS1221RP+ (RS1221RP+)",synology-rack-station-rs1221rp-rs1221rp,"Senetic Maroc",has_dot
142335,15.11,"15.11 DH","HPE ProLiant ML30 Gen10+ Intel Xeon E-2314 Quad-Core (2.80GHz 8MB) 16GB (1 x 16GB) 8 x SFF Intel VROC RAID 500W (P44722-421)",hpe-pro-liant-ml30-gen10-intel-xeon-e-2314-quad-core-2-80g-hz-8mb-16gb-1-x-16gb-8-x-sff-intel-vroc-raid-500w-p44722-421,"Senetic Maroc",has_dot
109213,16.41,"16.41 DH","Epson EB-695WI Projecteur à focale ultra courte 3LCD WXGA 3500 Lumens",epson-eb-695wi-projecteur-a-focale-ultra-courte-3lcd-wxga-3500-lumens,"Senetic Maroc",has_dot
115577,16.5,"16.50 DH","Ordinateur portable ASUS Zenbook S 13 OLED UX5304MA (90NB12V2-M00890)",ordinateur-portable-asus-zenbook-s-13-oled-ux5304ma-90nb12v2-m00890,Biougnach,has_dot
109416,16.77,"16.77 DH","Epson EH-TW7100 (V11H959040)",epson-eh-tw7100-v11h959040,"Senetic Maroc",has_dot
142437,16.96,"16.96 DH","Hewlett Packard Enterprise ProLiant ML110 Gen10 serveur Tour (4.5U) Intel® Xeon® Silver 2,1 GHz 16 Go 800 W (P21440-421)",hewlett-packard-enterprise-pro-liant-ml110-gen10-serveur-tour-4-5u-intel-r-xeon-r-silver-2-1-g-hz-16-go-800-w-p21440-421,"Senetic Maroc",has_dot
144022,17.69,"17.69 DH","Stick lèvres nutrition 4.8g Formule Norvégienne Neutrogena",stick-levres-nutrition-4-8g-formule-norvegienne-neutrogena,"UNIVERS PARADISCOUNT Maroc",has_dot
113283,18.63,"18.63 DH","HPE Aruba 2930F 48G 4SFP+ Swch (JL254A)",hpe-aruba-2930f-48g-4sfp-swch-jl254a,"Senetic Maroc",has_dot
142148,19.3,"19.30 DH","Synology DiskStation DS1823xs+ (DS1823XS+)",synology-disk-station-ds1823xs-ds1823xs,"Senetic Maroc",has_dot
109375,19.66,"19.66 DH","Epson EB-685WI Projecteur à focale ultra courte 3LCD WXGA 3500 Lumens",epson-eb-685wi-projecteur-a-focale-ultra-courte-3lcd-wxga-3500-lumens,"Senetic Maroc",has_dot
123090,22.43,"22.43 DH","HPE Aruba 2930F 48G 4SFP Swch (JL260A)",hpe-aruba-2930f-48g-4sfp-swch-jl260a,"Senetic Maroc",has_dot
134964,22.43,"22.43 DH","HPE Aruba 2930F 48G PoE+ 4SFP+ Swch (JL256A)",hpe-aruba-2930f-48g-po-e-4sfp-swch-jl256a,"Senetic Maroc",has_dot
122393,23.99,"23.99 DH","Précommande Samsung Galaxy Z Fold 6 256GB - Silver Shadow",precommande-samsung-galaxy-z-fold-6-256gb-silver-shadow,Biougnach,has_dot
122415,23.99,"23.99 DH","SAMSUNG Galaxy Z Flip 6 5G Dual Sim (12GB | 512 GB)",samsung-galaxy-z-flip-6-5g-dual-sim-12gb-512-gb,Biougnach,has_dot
142493,24.69,"24.69 DH","HPE ProLiant DL380 Gen10 serveur Rack (2 U) Intel® Xeon® Silver 4210R 2,4 GHz 32 Go 800 W",hpe-pro-liant-dl380-gen10-serveur-rack-2-u-intel-r-xeon-r-silver-4210r-2-4-g-hz-32-go-800-w,"Senetic Maroc",has_dot
109155,26.45,"26.45 DH","Epson EB-L630U vidéo-projecteur Projecteur à focale standard 6200 ANSI lumens 3LCD WUXGA (1920x1200) Blanc",epson-eb-l630u-video-projecteur-projecteur-a-focale-standard-6200-ansi-lumens-3lcd-wuxga-1920x1200-blanc,"Senetic Maroc",has_dot
142193,26.84,"26.84 DH","QNAP TS-1273AU-RP-8G serveur de stockage NAS Rack (2 U) Ethernet/LAN Noir, Gris V1500B (TS-1273AU-RP-8G)",qnap-ts-1273au-rp-8g-serveur-de-stockage-nas-rack-2-u-ethernet-lan-noir-gris-v1500b-ts-1273au-rp-8g,"Senetic Maroc",has_dot
119151,28.08,"28.08 DH","Brosse A Dents Baby 0-2 Ans Gum",brosse-a-dents-baby-0-2-ans-gum,"UNIVERS PARADISCOUNT Maroc",has_dot
117493,28.32,"28.32 DH","NGS EASY BETTA souris Ambidextre USB Type-A Optique 1000 DPI",ngs-easy-betta-souris-ambidextre-usb-type-a-optique-1000-dpi,Technoplace,has_dot
143905,28.8,"28.80 DH","G.U.M End-Tuft 1 pcs",g-u-m-end-tuft-1-pcs,"AtelierPara Maroc",has_dot
119141,29.16,"29.16 DH","Gum Brosse à dents Technique + 491 Souple",gum-brosse-a-dents-technique-491-souple,"UNIVERS PARADISCOUNT Maroc",has_dot
119145,29.4,"29.40 DH","Gum Brosse à dents Technique + Medium 493",gum-brosse-a-dents-technique-medium-493,"UNIVERS PARADISCOUNT Maroc",has_dot
119732,29.94,"29.94 DH","AXE 8712561249119 déodorant Hommes Déodorant spray 150 ml",axe-8712561249119-deodorant-hommes-deodorant-spray-150-ml,MyMarket,has_dot
120577,30.01,"30.01 DH","NUK Nature Sense 2 Tétines Silicone - Taille : S",nuk-nature-sense-2-tetines-silicone-taille-s,"Orchestra Maroc",has_dot
109098,30.27,"30.27 DH","Epson EB-L730U vidéo-projecteur Projecteur à focale standard 7000 ANSI lumens 3LCD WUXGA (1920x1200) Blanc",epson-eb-l730u-video-projecteur-projecteur-a-focale-standard-7000-ansi-lumens-3lcd-wuxga-1920x1200-blanc,"Senetic Maroc",has_dot
119152,30.88,"30.88 DH","Brosse A Dents Baby 0-2 Ans Gum",brosse-a-dents-baby-0-2-ans-gum,"AtelierPara Maroc",has_dot
119130,30.94,"30.94 DH","Sensodyne Soin & Précision brosse à dents medium",sensodyne-soin-precision-brosse-a-dents-medium,"GoPara Maroc",has_dot
119578,31.54,"31.54 DH","Sensodyne Dentifrice Action Sensibilité 75ml",sensodyne-dentifrice-action-sensibilite-75ml,"GoPara Maroc",has_dot
118057,31.73,"31.73 DH","NGS Flame souris Ambidextre USB Type-A Optique 1000 DPI",ngs-flame-souris-ambidextre-usb-type-a-optique-1000-dpi,Technoplace,has_dot
142358,31.99,"31.99 DH","HPE ProLiant DL380 Gen10+ Intel Xeon-S 4314 16-Core (2.4GHz 24MB) 32GB (1 x 32GB) 8 x SFF x1 U.3 BC MR416i-p NC-B 800W (P55247-B21)",hpe-pro-liant-dl380-gen10-intel-xeon-s-4314-16-core-2-4g-hz-24mb-32gb-1-x-32gb-8-x-sff-x1-u-3-bc-mr416i-p-nc-b-800w-p55247-b21,"Senetic Maroc",has_dot
119143,32.08,"32.08 DH","Gum Brosse à dents Technique + 491 Souple",gum-brosse-a-dents-technique-491-souple,"AtelierPara Maroc",has_dot
119144,32.4,"32.40 DH","Denture Brush Brosse Pour Prothese 201 Gum",denture-brush-brosse-pour-prothese-201-gum,"UNIVERS PARADISCOUNT Maroc",has_dot
119163,32.4,"32.40 DH","Gum Brosse à dents Ortho 124",gum-brosse-a-dents-ortho-124,"UNIVERS PARADISCOUNT Maroc",has_dot
130299,32.4,"32.40 DH","Epson Ruban noir LX-1170 II (3,5 millions de caractères)",epson-ruban-noir-lx-1170-ii-3-5-millions-de-caracteres,"NGT Maroc",has_dot
142491,32.4,"32.40 DH","Hewlett Packard Enterprise ProLiant DL380 Gen10 serveur 72 To 2,2 GHz 32 Go Rack (2 U) Intel® Xeon® Silver 500 W (P20174-B21)",hewlett-packard-enterprise-pro-liant-dl380-gen10-serveur-72-to-2-2-g-hz-32-go-rack-2-u-intel-r-xeon-r-silver-500-w-p20174-b21,"Senetic Maroc",has_dot
119173,32.7,"32.70 DH","Brosse A Dents 525 Souple Technique pro Gum",brosse-a-dents-525-souple-technique-pro-gum,"UNIVERS PARADISCOUNT Maroc",has_dot
119178,32.7,"32.70 DH","Brosse A Dents Sunstar Medium 563 Original White Gum",brosse-a-dents-sunstar-medium-563-original-white-gum,"UNIVERS PARADISCOUNT Maroc",has_dot
119168,32.73,"32.73 DH","Brosse A Dents Souple Protection Gencives Meridol",brosse-a-dents-souple-protection-gencives-meridol,"UNIVERS PARADISCOUNT Maroc",has_dot
119138,32.74,"32.74 DH","Oral B Brosse à dents 3D White Medium",oral-b-brosse-a-dents-3d-white-medium,"AtelierPara Maroc",has_dot
119139,32.74,"32.74 DH","Oral B Brosse à dents 3D White Medium",oral-b-brosse-a-dents-3d-white-medium,"UNIVERS PARADISCOUNT Maroc",has_dot
142198,32.95,"32.95 DH","Synology DiskStation DS3622xs+ (DS3622XS+)",synology-disk-station-ds3622xs-ds3622xs,"Senetic Maroc",has_dot
140904,33.35,"33.35 DH","AMD Ryzen Threadripper PRO 5975WX processeur 3,6 GHz 128 Mo L3 Boîte (100-100000445WOF)",amd-ryzen-threadripper-pro-5975wx-processeur-3-6-g-hz-128-mo-l3-boite-100-100000445wof,"Senetic Maroc",has_dot
119169,33.58,"33.58 DH","Brosse A Dents Souple Protection Gencives Meridol",brosse-a-dents-souple-protection-gencives-meridol,"GoPara Maroc",has_dot
129453,33.6,"33.60 DH","Epson Ruban LQ-1000/1050/1070/1070+/LQ-1170 II/1180/+ (2 millions de caractères)",epson-ruban-lq-1000-1050-1070-1070-lq-1170-ii-1180-2-millions-de-caracteres,"NGT Maroc",has_dot
119573,33.85,"33.85 DH","Signal Integral 8 Natural Elements Coco 75 ml",signal-integral-8-natural-elements-coco-75-ml,MyMarket,has_dot
142340,34.45,"34.45 DH","HPE ProLiant DL380 Gen10+ Intel Xeon-S 4310 12-Core (2.1GHz 18MB) 32GB (1 x 32GB) 8 x SFF x1 U.3 BC MR416i-p NC-B 800W (P55246-B21)",hpe-pro-liant-dl380-gen10-intel-xeon-s-4310-12-core-2-1g-hz-18mb-32gb-1-x-32gb-8-x-sff-x1-u-3-bc-mr416i-p-nc-b-800w-p55246-b21,"Senetic Maroc",has_dot
119577,34.51,"34.51 DH","SENSODYNE Dentifrice Protection Sensibilité 24h Soin Blancheur 75ml",sensodyne-dentifrice-protection-sensibilite-24h-soin-blancheur-75ml,"GoPara Maroc",has_dot
119580,34.51,"34.51 DH","Sensodyne Dentifrice Soin Complet 75ml",sensodyne-dentifrice-soin-complet-75ml,"GoPara Maroc",has_dot
119160,34.56,"34.56 DH","Travel Brosse A Dents Ambulatoire Coupe En V Ortho Gum",travel-brosse-a-dents-ambulatoire-coupe-en-v-ortho-gum,"UNIVERS PARADISCOUNT Maroc",has_dot
142408,34.91,"34.91 DH","Hewlett Packard Enterprise ProLiant DL360 Gen10 serveur Rack (1 U) Intel® Xeon® Silver 2,4 GHz 16 Go DDR4-SDRAM 500 W (P23578-B21)",hewlett-packard-enterprise-pro-liant-dl360-gen10-serveur-rack-1-u-intel-r-xeon-r-silver-2-4-g-hz-16-go-ddr4-sdram-500-w-p23578-b21,"Senetic Maroc",has_dot
143901,35.05,"35.05 DH","Brosse A Dents 509 Ultra Souple SensiVital+ Gum",brosse-a-dents-509-ultra-souple-sensi-vital-gum,"AtelierPara Maroc",has_dot
131635,35.15,"35.15 DH","Epson SIDM Black Ribbon Cartridge for LQ-350/300/+/570/+/580/8xx (C13S015633BA)",epson-sidm-black-ribbon-cartridge-for-lq-350-300-570-580-8xx-c13s015633ba,Technoplace,has_dot
119616,35.4,"35.40 DH","Dentifrice Junior 6 ans et + 50ml Goût Fraise Avec Fluor et Isomalt Gum",dentifrice-junior-6-ans-et-50ml-gout-fraise-avec-fluor-et-isomalt-gum,"UNIVERS PARADISCOUNT Maroc",has_dot
119164,35.64,"35.64 DH","Gum Brosse à dents Ortho 124",gum-brosse-a-dents-ortho-124,"AtelierPara Maroc",has_dot
119110,35.7,"35.70 DH","Brosse A Dents Classic Souple x1 Elgydium",brosse-a-dents-classic-souple-x1-elgydium,"GoPara Maroc",has_dot
121759,35.7,"35.70 DH","Fil dentaire Etui de transport inclus x30 Gum",fil-dentaire-etui-de-transport-inclus-x30-gum,"UNIVERS PARADISCOUNT Maroc",has_dot
119174,35.94,"35.94 DH","Brosse A Dents 525 Souple Technique pro Gum",brosse-a-dents-525-souple-technique-pro-gum,"AtelierPara Maroc",has_dot
119176,36.3,"36.30 DH","Brosse A Dents 525 Souple Technique pro Gum",brosse-a-dents-525-souple-technique-pro-gum,COTEPARA,has_dot
142487,36.79,"36.79 DH","Hewlett Packard Enterprise ProLiant DL380 Gen10 serveur 72 To 2,3 GHz 32 Go Rack (2 U) Intel® Xeon® Gold 800 W (P20249-B21)",hewlett-packard-enterprise-pro-liant-dl380-gen10-serveur-72-to-2-3-g-hz-32-go-rack-2-u-intel-r-xeon-r-gold-800-w-p20249-b21,"Senetic Maroc",has_dot
134011,36.84,"36.84 DH","Hewlett Packard Enterprise ProLiant DL380 Gen10 serveur 72 To 2,4 GHz 32 Go Rack (2 U) Intel Xeon Silver 800 W DDR4-SDRAM",hewlett-packard-enterprise-pro-liant-dl380-gen10-serveur-72-to-2-4-g-hz-32-go-rack-2-u-intel-xeon-silver-800-w-ddr4-sdram,"Senetic Maroc",has_dot
142143,37.13,"37.13 DH","Synology RackStation RS3621RPXS serveur de stockage Rack (2 U) Ethernet/LAN Noir D-1531 (RS3621RPxs)",synology-rack-station-rs3621rpxs-serveur-de-stockage-rack-2-u-ethernet-lan-noir-d-1531-rs3621r-pxs,"Senetic Maroc",has_dot
119149,37.26,"37.26 DH","Gum Brosse à dents Activital Souple 585",gum-brosse-a-dents-activital-souple-585,"UNIVERS PARADISCOUNT Maroc",has_dot
119155,37.26,"37.26 DH","Gum Brosse à dents Activital Souple 581",gum-brosse-a-dents-activital-souple-581,"UNIVERS PARADISCOUNT Maroc",has_dot
143902,37.26,"37.26 DH","Brosse A Dents 583 Normale Compact ActiVital Gum",brosse-a-dents-583-normale-compact-acti-vital-gum,"UNIVERS PARADISCOUNT Maroc",has_dot
119966,37.35,"37.35 DH","Gel Cicatrisant Post-Opératoire 40ml Elugel Elgydium",gel-cicatrisant-post-operatoire-40ml-elugel-elgydium,"UNIVERS PARADISCOUNT Maroc",has_dot
117384,37.39,"37.39 DH","NGS Tick Silver souris Droitier USB Type-A Optique 1600 DPI",ngs-tick-silver-souris-droitier-usb-type-a-optique-1600-dpi,Technoplace,has_dot
117835,37.39,"37.39 DH","Souris Optique USB NGS TICK / Rouge & Noir",souris-optique-usb-ngs-tick-rouge-noir,Technoplace,has_dot
143896,37.49,"37.49 DH","Elgydium Clinic 15/100 1 pcs",elgydium-clinic-15-100-1-pcs,"GoPara Maroc",has_dot
119104,38.12,"38.12 DH","Vitis Medium",vitis-medium,"AtelierPara Maroc",has_dot
143893,38.12,"38.12 DH","Vitis® Gingival Brosse à dents",vitis-r-gingival-brosse-a-dents,"AtelierPara Maroc",has_dot
119105,38.28,"38.28 DH","Vitis Medium",vitis-medium,"UNIVERS PARADISCOUNT Maroc",has_dot
143894,38.28,"38.28 DH","Vitis® Gingival Brosse à dents",vitis-r-gingival-brosse-a-dents,"UNIVERS PARADISCOUNT Maroc",has_dot
119133,38.5,"38.50 DH","Brosse A Dents Souple Whitening Blancheur Elgydium",brosse-a-dents-souple-whitening-blancheur-elgydium,"UNIVERS PARADISCOUNT Maroc",has_dot
124002,38.53,"38.53 DH","Casque Micro NGS MS 103 PRO / 3.5mm",casque-micro-ngs-ms-103-pro-3-5mm,Technoplace,has_dot
119108,38.61,"38.61 DH","Biorepair Sensitive Soft 1 pcs",biorepair-sensitive-soft-1-pcs,"UNIVERS PARADISCOUNT Maroc",has_dot
119109,38.61,"38.61 DH","Biorepair Gums Super Soft 1 pcs",biorepair-gums-super-soft-1-pcs,"UNIVERS PARADISCOUNT Maroc",has_dot
144102,38.61,"38.61 DH","Biorepair Junior Medium/Soft 6-12 1 pcs",biorepair-junior-medium-soft-6-12-1-pcs,"UNIVERS PARADISCOUNT Maroc",has_dot
119660,39.05,"39.05 DH","Dentifrice Blancheur Menthe 75ml Elgydium",dentifrice-blancheur-menthe-75ml-elgydium,"UNIVERS PARADISCOUNT Maroc",has_dot
119170,39.11,"39.11 DH","Brosse A Dents Souple Protection Gencives Meridol",brosse-a-dents-souple-protection-gencives-meridol,"AtelierPara Maroc",has_dot
121760,39.2,"39.20 DH","Fil dentaire Etui de transport inclus x30 Gum",fil-dentaire-etui-de-transport-inclus-x30-gum,"AtelierPara Maroc",has_dot
119599,39.27,"39.27 DH","Kids Dentifrice Au Fluorinol Gout Banane 2-6 Ans 50ml Elgydium",kids-dentifrice-au-fluorinol-gout-banane-2-6-ans-50ml-elgydium,"GoPara Maroc",has_dot
120304,39.27,"39.27 DH","Elgydium Kids saveur Fresh Strawberry 50 ml",elgydium-kids-saveur-fresh-strawberry-50-ml,"GoPara Maroc",has_dot
120570,39.27,"39.27 DH","Dentifrice Protection Caries Au Fluorinol Gout Grenadine 2-6ans Kids 50 ml Elgydium",dentifrice-protection-caries-au-fluorinol-gout-grenadine-2-6ans-kids-50-ml-elgydium,"GoPara Maroc",has_dot
119617,39.5,"39.50 DH","Dentifrice Junior 6 ans et + 50ml Goût Fraise Avec Fluor et Isomalt Gum",dentifrice-junior-6-ans-et-50ml-gout-fraise-avec-fluor-et-isomalt-gum,"AtelierPara Maroc",has_dot
118100,39.55,"39.55 DH","Logitech B100 souris Ambidextre USB Type-A Optique 800 DPI",logitech-b100-souris-ambidextre-usb-type-a-optique-800-dpi,Technoplace,has_dot
119600,39.6,"39.60 DH","Kids Dentifrice Au Fluorinol Gout Banane 2-6 Ans 50ml Elgydium",kids-dentifrice-au-fluorinol-gout-banane-2-6-ans-50ml-elgydium,"UNIVERS PARADISCOUNT Maroc",has_dot
120288,39.6,"39.60 DH","Curasept Biosmalto Baby 0-3 Years 1 pcs",curasept-biosmalto-baby-0-3-years-1-pcs,"UNIVERS PARADISCOUNT Maroc",has_dot
120305,39.6,"39.60 DH","Elgydium Kids saveur Fresh Strawberry 50 ml",elgydium-kids-saveur-fresh-strawberry-50-ml,"UNIVERS PARADISCOUNT Maroc",has_dot
120571,39.6,"39.60 DH","Dentifrice Protection Caries Au Fluorinol Gout Grenadine 2-6ans Kids 50 ml Elgydium",dentifrice-protection-caries-au-fluorinol-gout-grenadine-2-6ans-kids-50-ml-elgydium,"UNIVERS PARADISCOUNT Maroc",has_dot
144654,39.95,"39.95 DH","Maybelline Tattoo Liner Gel Pencil teinte 900 Deep Onyx 1.3 g",maybelline-tattoo-liner-gel-pencil-teinte-900-deep-onyx-1-3-g,"UNIVERS PARADISCOUNT Maroc",has_dot
119113,40.2,"40.20 DH","Brosse A Dents Classic Souple x1 Elgydium",brosse-a-dents-classic-souple-x1-elgydium,"AtelierPara Maroc",has_dot
143855,40.5,"40.50 DH","Après-Shampooing L'Oréal Paris Color Vive Nutri Filtre UV - 200 ml",apres-shampooing-l-oreal-paris-color-vive-nutri-filtre-uv-200-ml,MyMarket,has_dot
143889,40.69,"40.69 DH","Elgydium Clinic 25/100 1 pcs",elgydium-clinic-25-100-1-pcs,"UNIVERS PARADISCOUNT Maroc",has_dot
143897,40.69,"40.69 DH","Elgydium Clinic 15/100 1 pcs",elgydium-clinic-15-100-1-pcs,"UNIVERS PARADISCOUNT Maroc",has_dot
119116,40.8,"40.80 DH","Elgydium Inter-Active Soft 1 pcs",elgydium-inter-active-soft-1-pcs,"UNIVERS PARADISCOUNT Maroc",has_dot
119120,40.8,"40.80 DH","Brosse A Dents Medium Inter-active Elgydium",brosse-a-dents-medium-inter-active-elgydium,"UNIVERS PARADISCOUNT Maroc",has_dot
123033,40.8,"40.80 DH","Epson Ruban noir LQ-100 (3 millions de caractères)",epson-ruban-noir-lq-100-3-millions-de-caracteres,Technoplace,has_dot
131650,40.8,"40.80 DH","Epson Ruban noir FX-890/A (7,5 millions de caractères)",epson-ruban-noir-fx-890-a-7-5-millions-de-caracteres,Technoplace,has_dot
119156,40.99,"40.99 DH","Gum Brosse à dents Activital Souple 581",gum-brosse-a-dents-activital-souple-581,"AtelierPara Maroc",has_dot
143903,40.99,"40.99 DH","Brosse A Dents 583 Normale Compact ActiVital Gum",brosse-a-dents-583-normale-compact-acti-vital-gum,"AtelierPara Maroc",has_dot
119728,41.3,"41.30 DH","Dove Go Fresh Pomegranate & Lemon Verbena 250 ml",dove-go-fresh-pomegranate-lemon-verbena-250-ml,MyMarket,has_dot
120289,41.58,"41.58 DH","Curasept Biosmalto Baby 0-3 Years 1 pcs",curasept-biosmalto-baby-0-3-years-1-pcs,"AtelierPara Maroc",has_dot
120327,41.58,"41.58 DH","Curasept Biosmalto Kid 3-6 Years 1 pcs",curasept-biosmalto-kid-3-6-years-1-pcs,"AtelierPara Maroc",has_dot
120287,41.65,"41.65 DH","Bebeconfort Teething Ring Soother 3-6 m 1 pcs",bebeconfort-teething-ring-soother-3-6-m-1-pcs,"New Era Parapharmacie",has_dot
119117,42.25,"42.25 DH","Elgydium Inter-Active Soft 1 pcs",elgydium-inter-active-soft-1-pcs,"GoPara Maroc",has_dot
119121,42.25,"42.25 DH","Brosse A Dents Medium Inter-active Elgydium",brosse-a-dents-medium-inter-active-elgydium,"GoPara Maroc",has_dot
119661,42.25,"42.25 DH","Dentifrice Blancheur Menthe 75ml Elgydium",dentifrice-blancheur-menthe-75ml-elgydium,"GoPara Maroc",has_dot
143885,43.2,"43.20 DH","Curasept Softline 0.12 Extra Soft 1 pcs",curasept-softline-0-12-extra-soft-1-pcs,"UNIVERS PARADISCOUNT Maroc",has_dot
120329,43.56,"43.56 DH","Curasept Biosmalto Kid 3-6 Years 1 pcs",curasept-biosmalto-kid-3-6-years-1-pcs,"UNIVERS PARADISCOUNT Maroc",has_dot
111931,44.21,"44.21 DH","Epson SIDM Black Ribbon Cartridge for FX-890 (C13S015329BA)",epson-sidm-black-ribbon-cartridge-for-fx-890-c13s015329ba,Technoplace,has_dot
119601,44.22,"44.22 DH","Kids Dentifrice Au Fluorinol Gout Banane 2-6 Ans 50ml Elgydium",kids-dentifrice-au-fluorinol-gout-banane-2-6-ans-50ml-elgydium,"AtelierPara Maroc",has_dot
120308,44.22,"44.22 DH","Elgydium Kids saveur Fresh Strawberry 50 ml",elgydium-kids-saveur-fresh-strawberry-50-ml,"AtelierPara Maroc",has_dot
120572,44.22,"44.22 DH","Dentifrice Protection Caries Au Fluorinol Gout Grenadine 2-6ans Kids 50 ml Elgydium",dentifrice-protection-caries-au-fluorinol-gout-grenadine-2-6ans-kids-50-ml-elgydium,"AtelierPara Maroc",has_dot
119610,44.63,"44.63 DH","Sensodyne dentifrice Action Rapide Blancheur 75ml",sensodyne-dentifrice-action-rapide-blancheur-75ml,"GoPara Maroc",has_dot
131660,45.34,"45.34 DH","Epson SIDM Black Ribbon Cartridge for LQ-670/680/pro/860/1060/25xx (C13S015262BA)",epson-sidm-black-ribbon-cartridge-for-lq-670-680-pro-860-1060-25xx-c13s015262ba,Technoplace,has_dot
119621,45.36,"45.36 DH","Gel Dentifrice 75ml Ortho Gum",gel-dentifrice-75ml-ortho-gum,"UNIVERS PARADISCOUNT Maroc",has_dot
120419,45.38,"45.38 DH","Bebeconfort Emotion Slow to Medium Flow 0-12 m 2 pcs",bebeconfort-emotion-slow-to-medium-flow-0-12-m-2-pcs,"UNIVERS PARADISCOUNT Maroc",has_dot
143879,45.54,"45.54 DH","Brosse a dents Medium 0,17 Curasept",brosse-a-dents-medium-0-17-curasept,"AtelierPara Maroc",has_dot
143887,45.54,"45.54 DH","Curasept Softline 0.12 Extra Soft 1 pcs",curasept-softline-0-12-extra-soft-1-pcs,"AtelierPara Maroc",has_dot
143976,45.54,"45.54 DH","Laino Déodorant Efficacité 24H Extrait d'Agrumes 50 ml",laino-deodorant-efficacite-24h-extrait-d-agrumes-50-ml,"UNIVERS PARADISCOUNT Maroc",has_dot
119122,45.56,"45.56 DH","Brosse A Dents Medium Inter-active Elgydium",brosse-a-dents-medium-inter-active-elgydium,"AtelierPara Maroc",has_dot
120438,45.9,"45.90 DH","Dodie Tétine +6mois silicone 3 vitesses",dodie-tetine-6mois-silicone-3-vitesses,"GoPara Maroc",has_dot
144638,45.9,"45.90 DH","Maybelline The Colossal Kajal 12h teinte Extra Black 0,25 g",maybelline-the-colossal-kajal-12h-teinte-extra-black-0-25-g,"UNIVERS PARADISCOUNT Maroc",has_dot
119632,46.2,"46.20 DH","MIRADENT Mirafluor C 100ml",miradent-mirafluor-c-100ml,"UNIVERS PARADISCOUNT Maroc",has_dot
119636,46.2,"46.20 DH","Dentifrice Protection Gencives 75 ml Meridol",dentifrice-protection-gencives-75-ml-meridol,"UNIVERS PARADISCOUNT Maroc",has_dot
120280,46.75,"46.75 DH","Bebeconfort Emotion Slow Flow 0-6 m 2 pcs",bebeconfort-emotion-slow-flow-0-6-m-2-pcs,"New Era Parapharmacie",has_dot
120420,46.75,"46.75 DH","Bebeconfort Emotion Slow to Medium Flow 0-12 m 2 pcs",bebeconfort-emotion-slow-to-medium-flow-0-12-m-2-pcs,"New Era Parapharmacie",has_dot
144149,46.75,"46.75 DH","MUA Makeup Academy Professional 5 Shade Palette teinte Neutral Wanderlust 3,8 g",mua-makeup-academy-professional-5-shade-palette-teinte-neutral-wanderlust-3-8-g,"UNIVERS PARADISCOUNT Maroc",has_dot
144151,46.75,"46.75 DH","MUA Makeup Academy Professional 5 Shade Palette teinte Desert Bloom 3,8 g",mua-makeup-academy-professional-5-shade-palette-teinte-desert-bloom-3-8-g,"UNIVERS PARADISCOUNT Maroc",has_dot
119727,46.8,"46.80 DH","Déodorant Invisible 48h 200ml De Narta",deodorant-invisible-48h-200ml-de-narta,MyMarket,has_dot
119135,46.9,"46.90 DH","Brosse A Dents Souple Whitening Blancheur Elgydium",brosse-a-dents-souple-whitening-blancheur-elgydium,"AtelierPara Maroc",has_dot
119662,46.9,"46.90 DH","Dentifrice Blancheur Menthe 75ml Elgydium",dentifrice-blancheur-menthe-75ml-elgydium,"AtelierPara Maroc",has_dot
120553,46.98,"46.98 DH","Brosse A Dents Enfants Timer Light 7 Ans Et Plus Gum",brosse-a-dents-enfants-timer-light-7-ans-et-plus-gum,"UNIVERS PARADISCOUNT Maroc",has_dot
143880,47.52,"47.52 DH","Brosse a dents Medium 0,17 Curasept",brosse-a-dents-medium-0-17-curasept,"UNIVERS PARADISCOUNT Maroc",has_dot
117322,47.6,"47.60 DH","NGS SOURIS SS FIL FOG NOIR (FOG)",ngs-souris-ss-fil-fog-noir-fog,Technoplace,has_dot
119597,47.6,"47.60 DH","Elmex Dentifrice Sensitive 75ml",elmex-dentifrice-sensitive-75ml,"GoPara Maroc",has_dot
119598,47.6,"47.60 DH","Elmex Sensitive Gentle White 75 ml",elmex-sensitive-gentle-white-75-ml,"GoPara Maroc",has_dot
119614,47.6,"47.60 DH","Méridol Dentifrice Blancheur 75ml",meridol-dentifrice-blancheur-75ml,"GoPara Maroc",has_dot
119637,47.6,"47.60 DH","Dentifrice Protection Gencives 75 ml Meridol",dentifrice-protection-gencives-75-ml-meridol,"GoPara Maroc",has_dot
127770,47.6,"47.60 DH","ADATA C906 lecteur USB flash 16 Go USB Type-A 2.0 Blanc",adata-c906-lecteur-usb-flash-16-go-usb-type-a-2-0-blanc,Technoplace,has_dot
120578,48.6,"48.60 DH","NUK Nature Sense 2 Tétines Silicone - Taille : S",nuk-nature-sense-2-tetines-silicone-taille-s,"BebeMaman Maroc",has_dot
127809,48.72,"48.72 DH","ADATA C906 lecteur USB flash 16 Go USB Type-A 2.0 Noir",adata-c906-lecteur-usb-flash-16-go-usb-type-a-2-0-noir,Technoplace,has_dot
144125,49.3,"49.30 DH","Dodie Tétine 0/6 Mois Silicone Vitesse 2 DUO",dodie-tetine-0-6-mois-silicone-vitesse-2-duo,"GoPara Maroc",has_dot
127728,49.33,"49.33 DH","ADATA UV250 lecteur USB flash 32 Go USB Type-A 2.0 Argent",adata-uv250-lecteur-usb-flash-32-go-usb-type-a-2-0-argent,Technoplace,has_dot
142820,49.87,"49.87 DH","NGS IHUB4 TINY USB 2.0 480 Mbit/s Noir",ngs-ihub4-tiny-usb-2-0-480-mbit-s-noir,Technoplace,has_dot
119622,49.9,"49.90 DH","Gel Dentifrice 75ml Ortho Gum",gel-dentifrice-75ml-ortho-gum,"AtelierPara Maroc",has_dot
143959,50.33,"50.33 DH","Gel Dentifrice A L'eau Thermale Bio Gencives Sensibles Menthe 75ml Buccotherm",gel-dentifrice-a-l-eau-thermale-bio-gencives-sensibles-menthe-75ml-buccotherm,"UNIVERS PARADISCOUNT Maroc",has_dot
119675,51.5,"51.50 DH","Sensodyne Soin Complet 75 ml",sensodyne-soin-complet-75-ml,MyMarket,has_dot
129465,51.6,"51.60 DH","Epson Ruban LQ-630/630S (2 millions de caractères)",epson-ruban-lq-630-630s-2-millions-de-caracteres,"NGT Maroc",has_dot
143956,51.6,"51.60 DH","Gum Dentifrice HaliControl 75ml",gum-dentifrice-hali-control-75ml,COTEPARA,has_dot
120554,51.68,"51.68 DH","Brosse A Dents Enfants Timer Light 7 Ans Et Plus Gum",brosse-a-dents-enfants-timer-light-7-ans-et-plus-gum,"AtelierPara Maroc",has_dot
127766,52.13,"52.13 DH","SanDisk Cruzer Force lecteur USB flash 32 Go USB Type-A 2.0 Chrome",san-disk-cruzer-force-lecteur-usb-flash-32-go-usb-type-a-2-0-chrome,Technoplace,has_dot
131632,52.13,"52.13 DH","Epson Ruban noir",epson-ruban-noir,Technoplace,has_dot
119590,53.1,"53.10 DH","Vitis Dentifrice Blancheur 100ml",vitis-dentifrice-blancheur-100ml,"GoPara Maroc",has_dot
121868,54.4,"54.40 DH","Uriage Gyn-Phy Intimate Hygiene Cleansing Mist 50 ml",uriage-gyn-phy-intimate-hygiene-cleansing-mist-50-ml,"New Era Parapharmacie",has_dot
119581,54.45,"54.45 DH","Biorepair Fast Sensitive Repair 75 ml",biorepair-fast-sensitive-repair-75-ml,"UNIVERS PARADISCOUNT Maroc",has_dot
120281,54.45,"54.45 DH","Bebeconfort Emotion Slow Flow 0-6 m 2 pcs",bebeconfort-emotion-slow-flow-0-6-m-2-pcs,COTEPARA,has_dot
119085,54.6,"54.60 DH","GUM Junior 300 ml Fraise",gum-junior-300-ml-fraise,"UNIVERS PARADISCOUNT Maroc",has_dot
110968,54.67,"54.67 DH","ADATA UV350 lecteur USB flash 32 Go Argent",adata-uv350-lecteur-usb-flash-32-go-argent,Technoplace,has_dot
121251,55.08,"55.08 DH","Creme Pieds Regenerante Pieds Tres Secs Abimes Rugueux 88ml Body SA Cerave",creme-pieds-regenerante-pieds-tres-secs-abimes-rugueux-88ml-body-sa-cerave,"GoPara Maroc",has_dot
143951,55.28,"55.28 DH","Dentifrice à l'eau thermale 75ml Blancheur et Soin Buccotherm",dentifrice-a-l-eau-thermale-75ml-blancheur-et-soin-buccotherm,"UNIVERS PARADISCOUNT Maroc",has_dot
119633,55.44,"55.44 DH","MIRADENT Mirafluor C 100ml",miradent-mirafluor-c-100ml,"AtelierPara Maroc",has_dot
119638,55.44,"55.44 DH","Dentifrice Protection Gencives 75 ml Meridol",dentifrice-protection-gencives-75-ml-meridol,"AtelierPara Maroc",has_dot
114306,56.19,"56.19 DH","Epson DFX-9000N",epson-dfx-9000n,"Senetic Maroc",has_dot
127682,56.66,"56.66 DH","ADATA 32GB C906 lecteur USB flash 32 Go USB Type-A 2.0 Noir",adata-32gb-c906-lecteur-usb-flash-32-go-usb-type-a-2-0-noir,Technoplace,has_dot
127780,56.66,"56.66 DH","SanDisk Cruzer Blade lecteur USB flash 16 Go USB Type-A 2.0 Noir, Rouge",san-disk-cruzer-blade-lecteur-usb-flash-16-go-usb-type-a-2-0-noir-rouge,Technoplace,has_dot
119676,57.24,"57.24 DH","Sensivital + Dentifrice Dents Sensibles 75ml Gum",sensivital-dentifrice-dents-sensibles-75ml-gum,"UNIVERS PARADISCOUNT Maroc",has_dot
143960,57.42,"57.42 DH","Gel Dentifrice A L'eau Thermale Bio Gencives Sensibles Menthe 75ml Buccotherm",gel-dentifrice-a-l-eau-thermale-bio-gencives-sensibles-menthe-75ml-buccotherm,"AtelierPara Maroc",has_dot
120204,57.75,"57.75 DH","Alphanova Kids Spray Cheveux Lavande Bio 50 ml",alphanova-kids-spray-cheveux-lavande-bio-50-ml,"UNIVERS PARADISCOUNT Maroc",has_dot
119625,58.32,"58.32 DH","Dentifrice 75ml Gingidex Gum",dentifrice-75ml-gingidex-gum,"UNIVERS PARADISCOUNT Maroc",has_dot
119647,58.32,"58.32 DH","Paorex Gel Dentifrice Antiplaque 75ml Gum",paorex-gel-dentifrice-antiplaque-75ml-gum,"UNIVERS PARADISCOUNT Maroc",has_dot
121252,58.32,"58.32 DH","Creme Pieds Regenerante Pieds Tres Secs Abimes Rugueux 88ml Body SA Cerave",creme-pieds-regenerante-pieds-tres-secs-abimes-rugueux-88ml-body-sa-cerave,"UNIVERS PARADISCOUNT Maroc",has_dot
120580,58.5,"58.50 DH","NUK Ocean Blue 1 pcs",nuk-ocean-blue-1-pcs,"BebeMaman Maroc",has_dot
120780,58.65,"58.65 DH","Klorane Cédrat 200 ml",klorane-cedrat-200-ml,"New Era Parapharmacie",has_dot
121047,58.65,"58.65 DH","Klorane shampooing au dattier du desert 200ml",klorane-shampooing-au-dattier-du-desert-200ml,"New Era Parapharmacie",has_dot
143861,58.8,"58.80 DH","Curasept EcoBio Spray 20 ml",curasept-eco-bio-spray-20-ml,"UNIVERS PARADISCOUNT Maroc",has_dot
127646,58.93,"58.93 DH","Sandisk Cruzer Blade lecteur USB flash 32 Go USB Type-A 2.0 Noir, Rouge",sandisk-cruzer-blade-lecteur-usb-flash-32-go-usb-type-a-2-0-noir-rouge,Technoplace,has_dot
119072,59.28,"59.28 DH","KIN SENSIKIN Bain de bouche",kin-sensikin-bain-de-bouche,"AtelierPara Maroc",has_dot
120269,59.5,"59.50 DH","Lansinoh Maternity Pads 2 weeks+ 12 pcs",lansinoh-maternity-pads-2-weeks-12-pcs,"GoPara Maroc",has_dot
120296,59.5,"59.50 DH","Bebeconfort Set of 3 Toothbrushes 3-36 m 3 pcs",bebeconfort-set-of-3-toothbrushes-3-36-m-3-pcs,"New Era Parapharmacie",has_dot
121242,59.5,"59.50 DH","Creme Mains Et Ongles 50ml Reve De Miel Nuxe",creme-mains-et-ongles-50ml-reve-de-miel-nuxe,"GoPara Maroc",has_dot
142224,59.68,"59.68 DH","Synology RackStation RS4021XS+ serveur de stockage Rack (3 U) Ethernet/LAN Noir D-1541 (RS4021xs+)",synology-rack-station-rs4021xs-serveur-de-stockage-rack-3-u-ethernet-lan-noir-d-1541-rs4021xs,"Senetic Maroc",has_dot
144103,59.95,"59.95 DH","Crème de change bébé 75g Abcderm Pâte à l'eau Bioderma",creme-de-change-bebe-75g-abcderm-pate-a-l-eau-bioderma,"UNIVERS PARADISCOUNT Maroc",has_dot
119086,59.99,"59.99 DH","GUM Junior 300 ml Fraise",gum-junior-300-ml-fraise,"AtelierPara Maroc",has_dot
120781,60.39,"60.39 DH","Batiste Fruity & Cheeky Cherry 200 ml",batiste-fruity-cheeky-cherry-200-ml,"UNIVERS PARADISCOUNT Maroc",has_dot
119605,60.48,"60.48 DH","KIN DENTIFRICE GINGIVALE 75ML",kin-dentifrice-gingivale-75ml,"UNIVERS PARADISCOUNT Maroc",has_dot
143967,60.48,"60.48 DH","Bain De Bouche Gencives Et Dents Saines Au Quotidien Q10 300ml ActiVital Gum",bain-de-bouche-gencives-et-dents-saines-au-quotidien-q10-300ml-acti-vital-gum,"UNIVERS PARADISCOUNT Maroc",has_dot
144104,60.59,"60.59 DH","Crème de change bébé 75g Abcderm Pâte à l'eau Bioderma",creme-de-change-bebe-75g-abcderm-pate-a-l-eau-bioderma,"New Era Parapharmacie",has_dot
143867,60.6,"60.60 DH","Bain De Bouche Dents Sensibles 300ml SensiVital+ Gum",bain-de-bouche-dents-sensibles-300ml-sensi-vital-gum,"UNIVERS PARADISCOUNT Maroc",has_dot
119607,60.84,"60.84 DH","Kin Dentifrice Blancheur 75ml",kin-dentifrice-blancheur-75ml,"AtelierPara Maroc",has_dot
121220,61.2,"61.20 DH","Crème Mains Réparatrice 100ml Body Crevasse mains sèches à très séches Cerave",creme-mains-reparatrice-100ml-body-crevasse-mains-seches-a-tres-seches-cerave,"GoPara Maroc",has_dot
120270,61.38,"61.38 DH","Lansinoh Maternity Pads 2 weeks+ 12 pcs",lansinoh-maternity-pads-2-weeks-12-pcs,"AtelierPara Maroc",has_dot
120834,61.6,"61.60 DH","Shampooing nutrition 200ml Mangue Cheveux secs Klorane",shampooing-nutrition-200ml-mangue-cheveux-secs-klorane,"UNIVERS PARADISCOUNT Maroc",has_dot
120954,61.6,"61.60 DH","Shampooing Edelweiss Bio 200ml Quinine Cheveux fatigués Klorane",shampooing-edelweiss-bio-200ml-quinine-cheveux-fatigues-klorane,"UNIVERS PARADISCOUNT Maroc",has_dot
120962,61.6,"61.60 DH","Shampooing Seboreducteur 200 ml Ortie Klorane",shampooing-seboreducteur-200-ml-ortie-klorane,"UNIVERS PARADISCOUNT Maroc",has_dot
121253,61.75,"61.75 DH","Creme Pieds Regenerante Pieds Tres Secs Abimes Rugueux 88ml Body SA Cerave",creme-pieds-regenerante-pieds-tres-secs-abimes-rugueux-88ml-body-sa-cerave,"New Era Parapharmacie",has_dot
119592,61.85,"61.85 DH","Vitis Dentifrice Blancheur 100ml",vitis-dentifrice-blancheur-100ml,"AtelierPara Maroc",has_dot
143950,61.95,"61.95 DH","Solution micellaire 400 ml Garnier SkinActive",solution-micellaire-400-ml-garnier-skin-active,MyMarket,has_dot
119595,62.04,"62.04 DH","Vitis Dentifrice Blancheur 100ml",vitis-dentifrice-blancheur-100ml,"UNIVERS PARADISCOUNT Maroc",has_dot
119628,62.1,"62.10 DH","Dentifrice Anti-tâches 75ml Original White Gum",dentifrice-anti-taches-75ml-original-white-gum,"UNIVERS PARADISCOUNT Maroc",has_dot
121254,62.21,"62.21 DH","Creme Pieds Regenerante Pieds Tres Secs Abimes Rugueux 88ml Body SA Cerave",creme-pieds-regenerante-pieds-tres-secs-abimes-rugueux-88ml-body-sa-cerave,"AtelierPara Maroc",has_dot
118276,62.32,"62.32 DH","Souris sans Fil NGS Haze - Rouge",souris-sans-fil-ngs-haze-rouge,Technoplace,has_dot
143952,62.37,"62.37 DH","Dentifrice à l'eau thermale 75ml Blancheur et Soin Buccotherm",dentifrice-a-l-eau-thermale-75ml-blancheur-et-soin-buccotherm,"AtelierPara Maroc",has_dot
127838,62.5,"62.50 DH","Kingston Technology DataTraveler 64Go USB-C 3.2 Gen 1 70",kingston-technology-data-traveler-64go-usb-c-3-2-gen-1-70,Fournipro.ma,has_dot
143971,62.64,"62.64 DH","Activital Dentifrice Gencives Et Dents Saines Q10 75 ml ActiVital Gum",activital-dentifrice-gencives-et-dents-saines-q10-75-ml-acti-vital-gum,"UNIVERS PARADISCOUNT Maroc",has_dot
119677,63.36,"63.36 DH","Sensivital + Dentifrice Dents Sensibles 75ml Gum",sensivital-dentifrice-dents-sensibles-75ml-gum,"AtelierPara Maroc",has_dot
117391,63.47,"63.47 DH","NGS Bow souris Droitier RF sans fil Optique 1600 DPI",ngs-bow-souris-droitier-rf-sans-fil-optique-1600-dpi,Technoplace,has_dot
119678,63.6,"63.60 DH","Sensivital + Dentifrice Dents Sensibles 75ml Gum",sensivital-dentifrice-dents-sensibles-75ml-gum,COTEPARA,has_dot
131638,63.6,"63.60 DH","Epson SIDM Black Ribbon Cartridge for LQ-350/300/+/570/+/580/8xx (C13S015633BA)",epson-sidm-black-ribbon-cartridge-for-lq-350-300-570-580-8xx-c13s015633ba,"NGT Maroc",has_dot
143977,63.65,"63.65 DH","SO’BiO étic 3517360005509 déodorant Unisexe Déodorant roll-on 50 ml",so-bi-o-etic-3517360005509-deodorant-unisexe-deodorant-roll-on-50-ml,"New Era Parapharmacie",has_dot
144490,63.65,"63.65 DH","SO’BiO étic Après-shampooing Cheveux Nourris Karité 250 ml Shampoing Non-professionnel Unisexe",so-bi-o-etic-apres-shampooing-cheveux-nourris-karite-250-ml-shampoing-non-professionnel-unisexe,"New Era Parapharmacie",has_dot
119626,64.15,"64.15 DH","Dentifrice 75ml Gingidex Gum",dentifrice-75ml-gingidex-gum,"AtelierPara Maroc",has_dot
119648,64.16,"64.16 DH","Paorex Gel Dentifrice Antiplaque 75ml Gum",paorex-gel-dentifrice-antiplaque-75ml-gum,"AtelierPara Maroc",has_dot
127700,64.58,"64.58 DH","SanDisk UFM 16GB USB CRUZER GLIDE 3.0 lecteur USB flash 16 Go USB Type-A 3.2 Gen 1 (3.1 Gen 1) Noir, Rouge",san-disk-ufm-16gb-usb-cruzer-glide-3-0-lecteur-usb-flash-16-go-usb-type-a-3-2-gen-1-3-1-gen-1-noir-rouge,Technoplace,has_dot
120835,64.6,"64.60 DH","Shampooing nutrition 200ml Mangue Cheveux secs Klorane",shampooing-nutrition-200ml-mangue-cheveux-secs-klorane,"New Era Parapharmacie",has_dot
121050,64.6,"64.60 DH","Klorane Shampoing à la Camomille 200 ml",klorane-shampoing-a-la-camomille-200-ml,"New Era Parapharmacie",has_dot
121255,64.8,"64.80 DH","Creme Pieds Regenerante Pieds Tres Secs Abimes Rugueux 88ml Body SA Cerave",creme-pieds-regenerante-pieds-tres-secs-abimes-rugueux-88ml-body-sa-cerave,"Para La Gloire",has_dot
127734,64.8,"64.80 DH","ADATA UV250 lecteur USB flash 32 Go USB Type-A 2.0 Argent",adata-uv250-lecteur-usb-flash-32-go-usb-type-a-2-0-argent,"Shared Store",has_dot
143882,64.8,"64.80 DH","Curasept Softline 0.10 Maxi Soft 2Pack 2 pcs",curasept-softline-0-10-maxi-soft-2pack-2-pcs,"UNIVERS PARADISCOUNT Maroc",has_dot
144105,65.4,"65.40 DH","Crème de change bébé 75g Abcderm Pâte à l'eau Bioderma",creme-de-change-bebe-75g-abcderm-pate-a-l-eau-bioderma,"BebeMaman Maroc",has_dot
120303,65.6,"65.60 DH","Philips AVENT Tétine Natural, 2 pièces, débit rapide, 6 mois et +",philips-avent-tetine-natural-2-pieces-debit-rapide-6-mois-et,"New Era Parapharmacie",has_dot
120408,65.6,"65.60 DH","Philips AVENT Tétine Natural, 2 pièces, débit nouveau-né, 0 mois et +",philips-avent-tetine-natural-2-pieces-debit-nouveau-ne-0-mois-et,"New Era Parapharmacie",has_dot
120516,65.6,"65.60 DH","Philips AVENT Tétine Natural, 2 pièces, débit variable, 3 mois et +",philips-avent-tetine-natural-2-pieces-debit-variable-3-mois-et,"New Era Parapharmacie",has_dot
120518,65.6,"65.60 DH","Avent Natural 2 Tétines pour Liquides Épaissis 6 Mois et +",avent-natural-2-tetines-pour-liquides-epaissis-6-mois-et,"New Era Parapharmacie",has_dot
143868,66.53,"66.53 DH","Bain De Bouche Dents Sensibles 300ml SensiVital+ Gum",bain-de-bouche-dents-sensibles-300ml-sensi-vital-gum,"AtelierPara Maroc",has_dot
143968,66.53,"66.53 DH","Bain De Bouche Gencives Et Dents Saines Au Quotidien Q10 300ml ActiVital Gum",bain-de-bouche-gencives-et-dents-saines-au-quotidien-q10-300ml-acti-vital-gum,"AtelierPara Maroc",has_dot
120836,66.64,"66.64 DH","Shampooing nutrition 200ml Mangue Cheveux secs Klorane",shampooing-nutrition-200ml-mangue-cheveux-secs-klorane,"GoPara Maroc",has_dot
120955,66.64,"66.64 DH","Shampooing Edelweiss Bio 200ml Quinine Cheveux fatigués Klorane",shampooing-edelweiss-bio-200ml-quinine-cheveux-fatigues-klorane,"GoPara Maroc",has_dot
120963,66.64,"66.64 DH","Shampooing Seboreducteur 200 ml Ortie Klorane",shampooing-seboreducteur-200-ml-ortie-klorane,"GoPara Maroc",has_dot
112227,66.85,"66.85 DH","Epson Ruban noir LQ-590 (5 millions de caractères)",epson-ruban-noir-lq-590-5-millions-de-caracteres,Technoplace,has_dot
127690,66.85,"66.85 DH","SanDisk UFM 32GB USB CRUZER GLIDE 3.0 lecteur USB flash 32 Go USB Type-A 3.2 Gen 1 (3.1 Gen 1) Noir, Rouge",san-disk-ufm-32gb-usb-cruzer-glide-3-0-lecteur-usb-flash-32-go-usb-type-a-3-2-gen-1-3-1-gen-1-noir-rouge,Technoplace,has_dot
121222,67.1,"67.10 DH","Creme Mains Isolante Reparatrice Mains Abimees 50ml Bariéderm-Cica Uriage",creme-mains-isolante-reparatrice-mains-abimees-50ml-bariederm-cica-uriage,"UNIVERS PARADISCOUNT Maroc",has_dot
120026,67.15,"67.15 DH","Stick Hydratant 4g Reve De Miel Lèvres Desséchées ou abimées Nuxe",stick-hydratant-4g-reve-de-miel-levres-dessechees-ou-abimees-nuxe,"New Era Parapharmacie",has_dot
120956,67.15,"67.15 DH","Shampooing Edelweiss Bio 200ml Quinine Cheveux fatigués Klorane",shampooing-edelweiss-bio-200ml-quinine-cheveux-fatigues-klorane,"New Era Parapharmacie",has_dot
120964,67.15,"67.15 DH","Shampooing Seboreducteur 200 ml Ortie Klorane",shampooing-seboreducteur-200-ml-ortie-klorane,"New Era Parapharmacie",has_dot
120323,67.5,"67.50 DH","Curasept Biosmalto Junior All Fruits Flavour 7-12 Years 75 ml",curasept-biosmalto-junior-all-fruits-flavour-7-12-years-75-ml,"UNIVERS PARADISCOUNT Maroc",has_dot
121753,67.5,"67.50 DH","Curasept Proxi Prevention Mix P06, P07. P08, P09, P11 5 pcs",curasept-proxi-prevention-mix-p06-p07-p08-p09-p11-5-pcs,"UNIVERS PARADISCOUNT Maroc",has_dot
121758,67.5,"67.50 DH","Brossettes interdentaires Proxi T20 Vert x5 Curasept",brossettes-interdentaires-proxi-t20-vert-x5-curasept,"UNIVERS PARADISCOUNT Maroc",has_dot
119081,68.04,"68.04 DH","Gel Humectant Soulagement Bouche Sèche 50ml Hydral Gum",gel-humectant-soulagement-bouche-seche-50ml-hydral-gum,"UNIVERS PARADISCOUNT Maroc",has_dot
119994,68.2,"68.20 DH","Stick Levres 4g Xemose Uriage",stick-levres-4g-xemose-uriage,"UNIVERS PARADISCOUNT Maroc",has_dot
122253,68.2,"68.20 DH","Stick Levres Hydratant 4g Eau thermale et Hydratation Uriage",stick-levres-hydratant-4g-eau-thermale-et-hydratation-uriage,"UNIVERS PARADISCOUNT Maroc",has_dot
143377,68.31,"68.31 DH","Trust Vecco 480 Mbit/s Noir",trust-vecco-480-mbit-s-noir,"UNIVERS PARADISCOUNT Maroc",has_dot
119629,68.32,"68.32 DH","Dentifrice Anti-tâches 75ml Original White Gum",dentifrice-anti-taches-75ml-original-white-gum,"AtelierPara Maroc",has_dot
143883,68.32,"68.32 DH","Curasept Softline 0.10 Maxi Soft 2Pack 2 pcs",curasept-softline-0-10-maxi-soft-2pack-2-pcs,"AtelierPara Maroc",has_dot
143860,68.4,"68.40 DH","SO'BiO ETIC Après-shampooing au lait d'Amande et protéines de Riz - Cheveux doux - 200 ml",so-bi-o-etic-apres-shampooing-au-lait-d-amande-et-proteines-de-riz-cheveux-doux-200-ml,"New Era Parapharmacie",has_dot
117334,69.12,"69.12 DH","NGS Evo Mute souris Droitier RF sans fil Optique 1600 DPI",ngs-evo-mute-souris-droitier-rf-sans-fil-optique-1600-dpi,Technoplace,has_dot
136612,69.12,"69.12 DH","Epson Récupérateur d'encre usagée WF-100",epson-recuperateur-d-encre-usagee-wf-100,Technoplace,has_dot
120266,69.3,"69.30 DH","Lansinoh Maternity Pads 0-2 weeks 10 pcs",lansinoh-maternity-pads-0-2-weeks-10-pcs,"AtelierPara Maroc",has_dot
120267,69.3,"69.30 DH","Lansinoh Maternity Pads 0-2 weeks 10 pcs",lansinoh-maternity-pads-0-2-weeks-10-pcs,"UNIVERS PARADISCOUNT Maroc",has_dot
120273,69.3,"69.30 DH","Lansinoh Maternity Pads 2 weeks+ 12 pcs",lansinoh-maternity-pads-2-weeks-12-pcs,"UNIVERS PARADISCOUNT Maroc",has_dot
120298,69.3,"69.30 DH","Bebeconfort Set of 3 Toothbrushes 3-36 m 3 pcs",bebeconfort-set-of-3-toothbrushes-3-36-m-3-pcs,"AtelierPara Maroc",has_dot
121223,69.41,"69.41 DH","Creme Mains Isolante Reparatrice Mains Abimees 50ml Bariéderm-Cica Uriage",creme-mains-isolante-reparatrice-mains-abimees-50ml-bariederm-cica-uriage,"GoPara Maroc",has_dot
110983,69.6,"69.60 DH","Clé USB 16Go AUV240 – ADATA",cle-usb-16go-auv240-adata,"NGT Maroc",has_dot
121224,69.7,"69.70 DH","Creme Mains Isolante Reparatrice Mains Abimees 50ml Bariéderm-Cica Uriage",creme-mains-isolante-reparatrice-mains-abimees-50ml-bariederm-cica-uriage,"New Era Parapharmacie",has_dot
122254,69.7,"69.70 DH","Stick Levres Hydratant 4g Eau thermale et Hydratation Uriage",stick-levres-hydratant-4g-eau-thermale-et-hydratation-uriage,"New Era Parapharmacie",has_dot
143980,69.9,"69.90 DH","SO’BiO étic 3517360005509 déodorant Unisexe Déodorant roll-on 50 ml",so-bi-o-etic-3517360005509-deodorant-unisexe-deodorant-roll-on-50-ml,"UNIVERS PARADISCOUNT Maroc",has_dot
122255,70.05,"70.05 DH","Stick Levres Hydratant 4g Eau thermale et Hydratation Uriage",stick-levres-hydratant-4g-eau-thermale-et-hydratation-uriage,"GoPara Maroc",has_dot
120027,70.13,"70.13 DH","Stick Hydratant 4g Reve De Miel Lèvres Desséchées ou abimées Nuxe",stick-hydratant-4g-reve-de-miel-levres-dessechees-ou-abimees-nuxe,"UNIVERS PARADISCOUNT Maroc",has_dot
120512,70.13,"70.13 DH","Mustela Bébé 150 ml",mustela-bebe-150-ml,"UNIVERS PARADISCOUNT Maroc",has_dot
119995,70.45,"70.45 DH","Stick Levres 4g Xemose Uriage",stick-levres-4g-xemose-uriage,"GoPara Maroc",has_dot
119996,70.55,"70.55 DH","Stick Levres 4g Xemose Uriage",stick-levres-4g-xemose-uriage,"New Era Parapharmacie",has_dot
127493,70.8,"70.80 DH","ADATA C008 lecteur USB flash 16 Go USB Type-A 2.0 Bleu, Blanc",adata-c008-lecteur-usb-flash-16-go-usb-type-a-2-0-bleu-blanc,"NGT Maroc",has_dot
144757,71.16,"71.16 DH","NGS PowerPump 2200 Grape Lithium-Ion (Li-Ion) 2200 mAh Gris, Violet",ngs-power-pump-2200-grape-lithium-ion-li-ion-2200-m-ah-gris-violet,Technoplace,has_dot
121714,71.4,"71.40 DH","Brume Apaisante Anti Irritations 150ml Eau Thermale Peaux Sensibles La Roche-Posay",brume-apaisante-anti-irritations-150ml-eau-thermale-peaux-sensibles-la-roche-posay,"GoPara Maroc",has_dot
119074,71.82,"71.82 DH","KIN SENSIKIN Bain de bouche",kin-sensikin-bain-de-bouche,"UNIVERS PARADISCOUNT Maroc",has_dot
144107,71.94,"71.94 DH","Crème de change bébé 75g Abcderm Pâte à l'eau Bioderma",creme-de-change-bebe-75g-abcderm-pate-a-l-eau-bioderma,"AtelierPara Maroc",has_dot
119075,72.09,"72.09 DH","Spray Humectant Bouche sèche 50 ml Hydral Gum",spray-humectant-bouche-seche-50-ml-hydral-gum,"UNIVERS PARADISCOUNT Maroc",has_dot
119612,72.47,"72.47 DH","Dentifrice protection quotidienne bio Fresh Mint 75ml Gum",dentifrice-protection-quotidienne-bio-fresh-mint-75ml-gum,"AtelierPara Maroc",has_dot
127661,72.53,"72.53 DH","SanDisk ULTRA FLAIR lecteur USB flash 16 Go USB Type-A 3.0 Argent",san-disk-ultra-flair-lecteur-usb-flash-16-go-usb-type-a-3-0-argent,Technoplace,has_dot
120837,72.8,"72.80 DH","Shampooing nutrition 200ml Mangue Cheveux secs Klorane",shampooing-nutrition-200ml-mangue-cheveux-secs-klorane,"AtelierPara Maroc",has_dot
120957,72.8,"72.80 DH","Shampooing Edelweiss Bio 200ml Quinine Cheveux fatigués Klorane",shampooing-edelweiss-bio-200ml-quinine-cheveux-fatigues-klorane,"AtelierPara Maroc",has_dot
120965,72.8,"72.80 DH","Shampooing Seboreducteur 200 ml Ortie Klorane",shampooing-seboreducteur-200-ml-ortie-klorane,"AtelierPara Maroc",has_dot
120448,73.43,"73.43 DH","Dodie Tétines Rondes 3 Vitesses Anti-Colique Liquide Épais +6mois 2 pièces",dodie-tetines-rondes-3-vitesses-anti-colique-liquide-epais-6mois-2-pieces,"UNIVERS PARADISCOUNT Maroc",has_dot
119670,73.5,"73.50 DH","Dentifrice Soulagement De La Bouche Sèche 75ml Hydral Gum",dentifrice-soulagement-de-la-bouche-seche-75ml-hydral-gum,"UNIVERS PARADISCOUNT Maroc",has_dot
127772,73.66,"73.66 DH","SanDisk Cruzer Blade lecteur USB flash 64 Go USB Type-A 2.0 Noir, Rouge",san-disk-cruzer-blade-lecteur-usb-flash-64-go-usb-type-a-2-0-noir-rouge,Technoplace,has_dot
119459,73.67,"73.67 DH","Svr sensifine gelee micellaire demaquillante yeux 125ml",svr-sensifine-gelee-micellaire-demaquillante-yeux-125ml,"GoPara Maroc",has_dot
119609,73.71,"73.71 DH","Kin Dentifrice Blancheur 75ml",kin-dentifrice-blancheur-75ml,"UNIVERS PARADISCOUNT Maroc",has_dot
120475,73.95,"73.95 DH","Dodie Biberon Initiation Bleu 150ml - tétine silicone",dodie-biberon-initiation-bleu-150ml-tetine-silicone,"GoPara Maroc",has_dot
120477,73.95,"73.95 DH","Dodie Biberon Initiation Rose 150ml",dodie-biberon-initiation-rose-150ml,"GoPara Maroc",has_dot
119961,74.25,"74.25 DH","Curasept ADS 350 30 ml",curasept-ads-350-30-ml,"UNIVERS PARADISCOUNT Maroc",has_dot
120192,74.25,"74.25 DH","Alphanova Organic Mum 40 ml",alphanova-organic-mum-40-ml,"UNIVERS PARADISCOUNT Maroc",has_dot
120258,74.25,"74.25 DH","Bebeconfort Brush for Bottles and Teats 2 pcs",bebeconfort-brush-for-bottles-and-teats-2-pcs,"UNIVERS PARADISCOUNT Maroc",has_dot
120259,74.25,"74.25 DH","Bebeconfort Brush for Bottles and Teats 2 pcs",bebeconfort-brush-for-bottles-and-teats-2-pcs,"AtelierPara Maroc",has_dot
120260,74.25,"74.25 DH","Bebeconfort Brush for Bottles and Teats 2 pcs",bebeconfort-brush-for-bottles-and-teats-2-pcs,COTEPARA,has_dot
120324,74.25,"74.25 DH","Curasept Biosmalto Junior All Fruits Flavour 7-12 Years 75 ml",curasept-biosmalto-junior-all-fruits-flavour-7-12-years-75-ml,"AtelierPara Maroc",has_dot
119962,74.26,"74.26 DH","Curasept ADS 350 30 ml",curasept-ads-350-30-ml,"AtelierPara Maroc",has_dot
121756,74.26,"74.26 DH","Curasept Proxi Prevention Mix P06, P07. P08, P09, P11 5 pcs",curasept-proxi-prevention-mix-p06-p07-p08-p09-p11-5-pcs,"AtelierPara Maroc",has_dot
120310,74.7,"74.70 DH","Shampooing Doux Bébé 200ml Abcderm Haute Tolérance Bioderma",shampooing-doux-bebe-200ml-abcderm-haute-tolerance-bioderma,"New Era Parapharmacie",has_dot
120520,74.8,"74.80 DH","Dodie Biberon Bleu ourson 150 ml - tétine silicone plate",dodie-biberon-bleu-ourson-150-ml-tetine-silicone-plate,"GoPara Maroc",has_dot
127671,74.8,"74.80 DH","SanDisk Ultra Flair lecteur USB flash 32 Go USB Type-A 3.0 Noir, Acier inoxydable",san-disk-ultra-flair-lecteur-usb-flash-32-go-usb-type-a-3-0-noir-acier-inoxydable,Technoplace,has_dot
119082,74.84,"74.84 DH","Gel Humectant Soulagement Bouche Sèche 50ml Hydral Gum",gel-humectant-soulagement-bouche-seche-50ml-hydral-gum,"AtelierPara Maroc",has_dot
120443,75.08,"75.08 DH","Dodie Tétines Rondes Silicone Initiation + Col Large Débit 3 +6mois 2 pièces",dodie-tetines-rondes-silicone-initiation-col-large-debit-3-6mois-2-pieces,"UNIVERS PARADISCOUNT Maroc",has_dot
120445,75.08,"75.08 DH","Dodie Sensation+ Tétine Plate Débit 4 +6 Mois",dodie-sensation-tetine-plate-debit-4-6-mois,"UNIVERS PARADISCOUNT Maroc",has_dot
120455,75.08,"75.08 DH","Dodie Sensation+ Tétine Plate Débit 3 +6 Mois",dodie-sensation-tetine-plate-debit-3-6-mois,"UNIVERS PARADISCOUNT Maroc",has_dot
120500,75.08,"75.08 DH","Tetines Plates Col Large 3 Vitesses 0-6 Mois X2 Tetines Debit Lent Dodie",tetines-plates-col-large-3-vitesses-0-6-mois-x2-tetines-debit-lent-dodie,"UNIVERS PARADISCOUNT Maroc",has_dot
120501,75.08,"75.08 DH","Dodie Sensation+ 2 Tétines Plate Col Large 0-6 Mois Débit 2 Moyen",dodie-sensation-2-tetines-plate-col-large-0-6-mois-debit-2-moyen,"UNIVERS PARADISCOUNT Maroc",has_dot
119705,75.4,"75.40 DH","Nuxe Body 50 ml",nuxe-body-50-ml,"GoPara Maroc",has_dot
119654,75.48,"75.48 DH","Original White Dentifrice Anti-tache Lot 2x75ml Gum",original-white-dentifrice-anti-tache-lot-2x75ml-gum,"GoPara Maroc",has_dot
143963,75.48,"75.48 DH","Paroex Dentifrice Traitement D'attaque 2x75ml Gum",paroex-dentifrice-traitement-d-attaque-2x75ml-gum,"GoPara Maroc",has_dot
120449,75.65,"75.65 DH","Dodie Tétines Rondes 3 Vitesses Anti-Colique Liquide Épais +6mois 2 pièces",dodie-tetines-rondes-3-vitesses-anti-colique-liquide-epais-6mois-2-pieces,"New Era Parapharmacie",has_dot
120456,75.65,"75.65 DH","Dodie Sensation+ Tétine Plate Débit 3 +6 Mois",dodie-sensation-tetine-plate-debit-3-6-mois,"New Era Parapharmacie",has_dot
120478,75.65,"75.65 DH","Dodie Biberon Rose flamant 150 ml - tétine plate silicone",dodie-biberon-rose-flamant-150-ml-tetine-plate-silicone,"GoPara Maroc",has_dot
121226,76.24,"76.24 DH","Creme Mains Isolante Reparatrice Mains Abimees 50ml Bariéderm-Cica Uriage",creme-mains-isolante-reparatrice-mains-abimees-50ml-bariederm-cica-uriage,"Para La Gloire",has_dot
121139,76.5,"76.50 DH","Baume Hydratant Peaux Seches A Tres Seches 177ml Body Cerave",baume-hydratant-peaux-seches-a-tres-seches-177ml-body-cerave,"GoPara Maroc",has_dot
119371,76.64,"76.64 DH","Garnier Eau Nettoyant Micellaire 400ml",garnier-eau-nettoyant-micellaire-400ml,MyMarket,has_dot
122256,76.94,"76.94 DH","Stick Levres Hydratant 4g Eau thermale et Hydratation Uriage",stick-levres-hydratant-4g-eau-thermale-et-hydratation-uriage,"Para La Gloire",has_dot
120029,77.03,"77.03 DH","Stick Hydratant 4g Reve De Miel Lèvres Desséchées ou abimées Nuxe",stick-hydratant-4g-reve-de-miel-levres-dessechees-ou-abimees-nuxe,"AtelierPara Maroc",has_dot
120550,77.22,"77.22 DH","Sensation+ Tetines Plates Col Large En Silicone Debit Rapide +18 Mois Dodie",sensation-tetines-plates-col-large-en-silicone-debit-rapide-18-mois-dodie,"AtelierPara Maroc",has_dot
120450,77.35,"77.35 DH","Dodie Tétines Rondes 3 Vitesses Anti-Colique Liquide Épais +6mois 2 pièces",dodie-tetines-rondes-3-vitesses-anti-colique-liquide-epais-6mois-2-pieces,"GoPara Maroc",has_dot
120457,77.35,"77.35 DH","Dodie Sensation+ Tétine Plate Débit 3 +6 Mois",dodie-sensation-tetine-plate-debit-3-6-mois,"GoPara Maroc",has_dot
120502,77.35,"77.35 DH","Dodie Sensation+ 2 Tétines Plate Col Large 0-6 Mois Débit 2 Moyen",dodie-sensation-2-tetines-plate-col-large-0-6-mois-debit-2-moyen,"GoPara Maroc",has_dot
120551,77.35,"77.35 DH","Sensation+ Tetines Plates Col Large En Silicone Debit Rapide +18 Mois Dodie",sensation-tetines-plates-col-large-en-silicone-debit-rapide-18-mois-dodie,"GoPara Maroc",has_dot
122138,77.35,"77.35 DH","Creme Nourissante Peaux Sensibles Et Tres Seches 40ml Cold Cream Avène",creme-nourissante-peaux-sensibles-et-tres-seches-40ml-cold-cream-avene,"New Era Parapharmacie",has_dot
119997,77.38,"77.38 DH","Stick Levres 4g Xemose Uriage",stick-levres-4g-xemose-uriage,"Para La Gloire",has_dot
119460,77.88,"77.88 DH","Svr sensifine gelee micellaire demaquillante yeux 125ml",svr-sensifine-gelee-micellaire-demaquillante-yeux-125ml,"New Era Parapharmacie",has_dot
119954,78.2,"78.20 DH","SKYN 2in1 Oriental Touch 200 ml",skyn-2in1-oriental-touch-200-ml,"GoPara Maroc",has_dot
119076,79.29,"79.29 DH","Spray Humectant Bouche sèche 50 ml Hydral Gum",spray-humectant-bouche-seche-50-ml-hydral-gum,"AtelierPara Maroc",has_dot
127484,79.33,"79.33 DH","SanDisk UFM 64GB USB CRUZER GLIDE 3.0 lecteur USB flash 64 Go USB Type-A 3.2 Gen 1 (3.1 Gen 1) Noir, Rouge",san-disk-ufm-64gb-usb-cruzer-glide-3-0-lecteur-usb-flash-64-go-usb-type-a-3-2-gen-1-3-1-gen-1-noir-rouge,Technoplace,has_dot
119583,79.5,"79.50 DH","Dr Organic Charcoal Dentifrice blanchissant 100 ml",dr-organic-charcoal-dentifrice-blanchissant-100-ml,"AtelierPara Maroc",has_dot
119584,79.5,"79.50 DH","Dr Organic Charcoal Dentifrice blanchissant 100 ml",dr-organic-charcoal-dentifrice-blanchissant-100-ml,"UNIVERS PARADISCOUNT Maroc",has_dot
119585,79.5,"79.50 DH","Dr Organic Charcoal Dentifrice blanchissant 100 ml",dr-organic-charcoal-dentifrice-blanchissant-100-ml,"Natureo Shop",has_dot
119588,79.5,"79.50 DH","Dr Organic Aloe Vera Dentifrice blanchissant 100 ml",dr-organic-aloe-vera-dentifrice-blanchissant-100-ml,COTEPARA,has_dot
119685,79.5,"79.50 DH","Dr Organic Aloe Vera Femmes Déodorant roll-on 50 ml",dr-organic-aloe-vera-femmes-deodorant-roll-on-50-ml,"UNIVERS PARADISCOUNT Maroc",has_dot
119689,79.5,"79.50 DH","Dr Organic Tea Tree Femmes Déodorant roll-on 50 ml",dr-organic-tea-tree-femmes-deodorant-roll-on-50-ml,"UNIVERS PARADISCOUNT Maroc",has_dot
120756,79.5,"79.50 DH","Dr Organic Tea Tree 265 ml Shampoing Unisexe",dr-organic-tea-tree-265-ml-shampoing-unisexe,"UNIVERS PARADISCOUNT Maroc",has_dot
119915,79.8,"79.80 DH","Creme Lavante Hydratante Visage Et Corps Peaux Normales A Seches 236ml Cleanse Corps Cerave",creme-lavante-hydratante-visage-et-corps-peaux-normales-a-seches-236ml-cleanse-corps-cerave,"New Era Parapharmacie",has_dot
120469,79.9,"79.90 DH","Dodie Biberon Sensation+ 150 ml Débit 1 0-6 Mois - Modèle : Mer",dodie-biberon-sensation-150-ml-debit-1-0-6-mois-modele-mer,"New Era Parapharmacie",has_dot
119655,79.92,"79.92 DH","Original White Dentifrice Anti-tache Lot 2x75ml Gum",original-white-dentifrice-anti-tache-lot-2x75ml-gum,"UNIVERS PARADISCOUNT Maroc",has_dot
119759,80.03,"80.03 DH","Spray Anti-transpirant 75 ml Spirial Svr",spray-anti-transpirant-75-ml-spirial-svr,"UNIVERS PARADISCOUNT Maroc",has_dot
121680,80.3,"80.30 DH","Bioderma Atoderm Nutritive 40 ml",bioderma-atoderm-nutritive-40-ml,"UNIVERS PARADISCOUNT Maroc",has_dot
127497,80.4,"80.40 DH","ADATA 32GB C008 lecteur USB flash 32 Go USB Type-A 2.0 Noir, Rouge",adata-32gb-c008-lecteur-usb-flash-32-go-usb-type-a-2-0-noir-rouge,"NGT Maroc",has_dot
127574,80.45,"80.45 DH","SanDisk Ultra Dual Drive Go lecteur USB flash 32 Go USB Type-A / 3.2 Gen 1 (3.1 Gen 1) Noir",san-disk-ultra-dual-drive-go-lecteur-usb-flash-32-go-usb-type-a-3-2-gen-1-3-1-gen-1-noir,Technoplace,has_dot
121227,80.52,"80.52 DH","Creme Mains Isolante Reparatrice Mains Abimees 50ml Bariéderm-Cica Uriage",creme-mains-isolante-reparatrice-mains-abimees-50ml-bariederm-cica-uriage,"AtelierPara Maroc",has_dot
119069,80.64,"80.64 DH","KIN B5 500 ml",kin-b5-500-ml,"AtelierPara Maroc",has_dot
121715,80.75,"80.75 DH","Brume Apaisante Anti Irritations 150ml Eau Thermale Peaux Sensibles La Roche-Posay",brume-apaisante-anti-irritations-150ml-eau-thermale-peaux-sensibles-la-roche-posay,"New Era Parapharmacie",has_dot
119671,80.78,"80.78 DH","Dentifrice Soulagement De La Bouche Sèche 75ml Hydral Gum",dentifrice-soulagement-de-la-bouche-seche-75ml-hydral-gum,"AtelierPara Maroc",has_dot
120513,81.18,"81.18 DH","Mustela Bébé 150 ml",mustela-bebe-150-ml,"AtelierPara Maroc",has_dot
121716,81.28,"81.28 DH","Brume Apaisante Anti Irritations 150ml Eau Thermale Peaux Sensibles La Roche-Posay",brume-apaisante-anti-irritations-150ml-eau-thermale-peaux-sensibles-la-roche-posay,"AtelierPara Maroc",has_dot
119672,81.6,"81.60 DH","Dentifrice Soulagement De La Bouche Sèche 75ml Hydral Gum",dentifrice-soulagement-de-la-bouche-seche-75ml-hydral-gum,COTEPARA,has_dot
120414,81.6,"81.60 DH","Dodie Biberon Evolution Décoré 330ml - tétine silicone",dodie-biberon-evolution-decore-330ml-tetine-silicone,"GoPara Maroc",has_dot
120451,81.6,"81.60 DH","Dodie Biberon Initiation+ 150 ml Débit 1 0-6 Mois - Couleur : Rose",dodie-biberon-initiation-150-ml-debit-1-0-6-mois-couleur-rose,"New Era Parapharmacie",has_dot
120476,81.6,"81.60 DH","Dodie Biberon Initiation Bleu 150ml - tétine silicone",dodie-biberon-initiation-bleu-150ml-tetine-silicone,"New Era Parapharmacie",has_dot
120479,81.6,"81.60 DH","Dodie Biberon Evolution Rose 330ml",dodie-biberon-evolution-rose-330ml,"GoPara Maroc",has_dot
120521,81.6,"81.60 DH","Dodie Biberon Bleu ourson 150 ml - tétine silicone plate",dodie-biberon-bleu-ourson-150-ml-tetine-silicone-plate,"New Era Parapharmacie",has_dot
121049,81.6,"81.60 DH","Dessange Extrême 3 Huiles 250 ml Femmes Professionnel Shampoing",dessange-extreme-3-huiles-250-ml-femmes-professionnel-shampoing,MyMarket,has_dot
122139,81.6,"81.60 DH","Creme Nourissante Peaux Sensibles Et Tres Seches 40ml Cold Cream Avène",creme-nourissante-peaux-sensibles-et-tres-seches-40ml-cold-cream-avene,"UNIVERS PARADISCOUNT Maroc",has_dot
120311,81.68,"81.68 DH","Shampooing Doux Bébé 200ml Abcderm Haute Tolérance Bioderma",shampooing-doux-bebe-200ml-abcderm-haute-tolerance-bioderma,"UNIVERS PARADISCOUNT Maroc",has_dot
119998,81.84,"81.84 DH","Stick Levres 4g Xemose Uriage",stick-levres-4g-xemose-uriage,"AtelierPara Maroc",has_dot
120019,81.84,"81.84 DH","Avène Cold Cream stick lèvres - 4g",avene-cold-cream-stick-levres-4g,COTEPARA,has_dot
122258,81.84,"81.84 DH","Stick Levres Hydratant 4g Eau thermale et Hydratation Uriage",stick-levres-hydratant-4g-eau-thermale-et-hydratation-uriage,"AtelierPara Maroc",has_dot
120437,82.45,"82.45 DH","Dodie Biberon Jaune éléphant 270 ml - Tétine plate silicone",dodie-biberon-jaune-elephant-270-ml-tetine-plate-silicone,"GoPara Maroc",has_dot
121681,82.45,"82.45 DH","Bioderma Atoderm Nutritive 40 ml",bioderma-atoderm-nutritive-40-ml,"New Era Parapharmacie",has_dot
124516,82.5,"82.50 DH","Samsung EO-IA500BBEGWW écouteur/casque Avec fil Ecouteurs Musique Noir",samsung-eo-ia500bbegww-ecouteur-casque-avec-fil-ecouteurs-musique-noir,"Bestmark Maroc",has_dot
144696,82.5,"82.50 DH","Samsung EF-WJ530 coque de protection pour téléphones portables 13,2 cm (5.2"") Étui avec portefeuille Noir",samsung-ef-wj530-coque-de-protection-pour-telephones-portables-13-2-cm-5-2-etui-avec-portefeuille-noir,Fournipro.ma,has_dot
144752,82.5,"82.50 DH","Urban Factory BAW22UF banque d'alimentation électrique 2200 mAh Blanc",urban-factory-baw22uf-banque-d-alimentation-electrique-2200-m-ah-blanc,Fournipro.ma,has_dot
121682,82.72,"82.72 DH","Bioderma Atoderm Nutritive 40 ml",bioderma-atoderm-nutritive-40-ml,"GoPara Maroc",has_dot
127140,82.8,"82.80 DH","ADATA 16GB microSDHC 16 Go",adata-16gb-micro-sdhc-16-go,"NGT Maroc",has_dot
142725,82.8,"82.80 DH","Souris filaire USB Logitech M90",souris-filaire-usb-logitech-m90,"NGT Maroc",has_dot
119066,83.16,"83.16 DH","Biorepair Mouthwash 3 in 1 500 ml",biorepair-mouthwash-3-in-1-500-ml,"UNIVERS PARADISCOUNT Maroc",has_dot
143863,83.16,"83.16 DH","Bain De Bouche 120ml AftaClear Aphtes Et Lesions Buccales Gum",bain-de-bouche-120ml-afta-clear-aphtes-et-lesions-buccales-gum,"UNIVERS PARADISCOUNT Maroc",has_dot
119024,83.3,"83.30 DH","Klorane Organic Olive 200 ml",klorane-organic-olive-200-ml,"New Era Parapharmacie",has_dot
119730,83.83,"83.83 DH","Roge Cavailles Déo-Soin Absorb+ Efficacité 48h Spray Compressé 75ml",roge-cavailles-deo-soin-absorb-efficacite-48h-spray-compresse-75ml,"New Era Parapharmacie",has_dot
122217,84.1,"84.10 DH","La Roche-Posay Respectissime Crayon Eye Pencil teinte Black  1 g",la-roche-posay-respectissime-crayon-eye-pencil-teinte-black-1-g,"GoPara Maroc",has_dot
119776,84.15,"84.15 DH","Deodorant Puissance 3 Roll On Peaux Sensibles 50ml Hygiène Uriage",deodorant-puissance-3-roll-on-peaux-sensibles-50ml-hygiene-uriage,"UNIVERS PARADISCOUNT Maroc",has_dot
119780,84.15,"84.15 DH","Déodorant Douceur Anti-Odeur Peaux Sensibles 50ml Uriage",deodorant-douceur-anti-odeur-peaux-sensibles-50ml-uriage,"UNIVERS PARADISCOUNT Maroc",has_dot
120433,84.15,"84.15 DH","Dodie Biberon Sensation+ 150 ml Débit 1 0-6 Mois - Modèle : Jardin",dodie-biberon-sensation-150-ml-debit-1-0-6-mois-modele-jardin,"New Era Parapharmacie",has_dot
120535,84.15,"84.15 DH","Dodie Sensation+ Biberon Tétine Plate Débit 1 Air 0-6 Mois 150ml",dodie-sensation-biberon-tetine-plate-debit-1-air-0-6-mois-150ml,"New Era Parapharmacie",has_dot
121245,84.15,"84.15 DH","Creme Mains Et Ongles 50ml Reve De Miel Nuxe",creme-mains-et-ongles-50ml-reve-de-miel-nuxe,"New Era Parapharmacie",has_dot
121925,84.15,"84.15 DH","Bioderma 3401396935711 crème de jour et de nuit Crèmes de jour et de nuit All ages 40 ml",bioderma-3401396935711-creme-de-jour-et-de-nuit-cremes-de-jour-et-de-nuit-all-ages-40-ml,"GoPara Maroc",has_dot
120538,84.98,"84.98 DH","Dodie Initiation+ Biberon Anti-Colique Tétine Ronde 3 Vitesses Débit 2 Rose Licorne 0-6 Mois 270ml",dodie-initiation-biberon-anti-colique-tetine-ronde-3-vitesses-debit-2-rose-licorne-0-6-mois-270ml,"UNIVERS PARADISCOUNT Maroc",has_dot
111524,85.2,"85.20 DH","Epson Ruban noir LQ-100 (3 millions de caractères)",epson-ruban-noir-lq-100-3-millions-de-caracteres,"NGT Maroc",has_dot
119761,85.36,"85.36 DH","Spray Anti-transpirant 75 ml Spirial Svr",spray-anti-transpirant-75-ml-spirial-svr,"New Era Parapharmacie",has_dot
121142,85.5,"85.50 DH","Baume Hydratant Peaux Seches A Tres Seches 177ml Body Cerave",baume-hydratant-peaux-seches-a-tres-seches-177ml-body-cerave,"New Era Parapharmacie",has_dot
121236,85.9,"85.90 DH","Creme Mains Barriere Reparatrice Mains 50ml Cicaplast La Roche-Posay",creme-mains-barriere-reparatrice-mains-50ml-cicaplast-la-roche-posay,"GoPara Maroc",has_dot
127625,86.14,"86.14 DH","SanDisk ULTRA FLAIR lecteur USB flash 64 Go USB Type-A 3.0 Noir, Argent",san-disk-ultra-flair-lecteur-usb-flash-64-go-usb-type-a-3-0-noir-argent,Technoplace,has_dot
121143,86.4,"86.40 DH","Baume Hydratant Peaux Seches A Tres Seches 177ml Body Cerave",baume-hydratant-peaux-seches-a-tres-seches-177ml-body-cerave,"AtelierPara Maroc",has_dot
144640,86.4,"86.40 DH","L’Oréal Paris Superliner Perfect Slim teinte 01 Intense Black 1 g",l-oreal-paris-superliner-perfect-slim-teinte-01-intense-black-1-g,"UNIVERS PARADISCOUNT Maroc",has_dot
120806,86.63,"86.63 DH","Shampooing Quotidien Pouxdoux Bio 200ml Anti-Poux Puressentiel",shampooing-quotidien-pouxdoux-bio-200ml-anti-poux-puressentiel,"UNIVERS PARADISCOUNT Maroc",has_dot
121246,86.63,"86.63 DH","Creme Mains Et Ongles 50ml Reve De Miel Nuxe",creme-mains-et-ongles-50ml-reve-de-miel-nuxe,"UNIVERS PARADISCOUNT Maroc",has_dot
110977,86.66,"86.66 DH","ADATA UV350 lecteur USB flash 64 Go USB Type-A Gris",adata-uv350-lecteur-usb-flash-64-go-usb-type-a-gris,Technoplace,has_dot
119781,86.68,"86.68 DH","Déodorant Douceur Anti-Odeur Peaux Sensibles 50ml Uriage",deodorant-douceur-anti-odeur-peaux-sensibles-50ml-uriage,"GoPara Maroc",has_dot
119777,86.7,"86.70 DH","Deodorant Puissance 3 Roll On Peaux Sensibles 50ml Hygiène Uriage",deodorant-puissance-3-roll-on-peaux-sensibles-50ml-hygiene-uriage,"New Era Parapharmacie",has_dot
119782,86.7,"86.70 DH","Déodorant Douceur Anti-Odeur Peaux Sensibles 50ml Uriage",deodorant-douceur-anti-odeur-peaux-sensibles-50ml-uriage,"New Era Parapharmacie",has_dot
122009,86.7,"86.70 DH","Creme Hydratante Visage 52ml Face Cerave",creme-hydratante-visage-52ml-face-cerave,"GoPara Maroc",has_dot
122210,87.3,"87.30 DH","Tattoo Liner Ink Pen Maybelline New York",tattoo-liner-ink-pen-maybelline-new-york,"UNIVERS PARADISCOUNT Maroc",has_dot
120355,87.55,"87.55 DH","Klorane Bébé Calendula 75 ml",klorane-bebe-calendula-75-ml,"New Era Parapharmacie",has_dot
120527,87.55,"87.55 DH","Dodie Initiation+ Biberon Anti-Colique Tétine Ronde 3 Vitesses Débit 2 Bleu Cosmonaute 0-6 Mois 270ml",dodie-initiation-biberon-anti-colique-tetine-ronde-3-vitesses-debit-2-bleu-cosmonaute-0-6-mois-270ml,"New Era Parapharmacie",has_dot
120539,87.55,"87.55 DH","Dodie Initiation+ Biberon Anti-Colique Tétine Ronde 3 Vitesses Débit 2 Rose Licorne 0-6 Mois 270ml",dodie-initiation-biberon-anti-colique-tetine-ronde-3-vitesses-debit-2-rose-licorne-0-6-mois-270ml,"New Era Parapharmacie",has_dot
119656,87.89,"87.89 DH","Original White Dentifrice Anti-tache Lot 2x75ml Gum",original-white-dentifrice-anti-tache-lot-2x75ml-gum,"AtelierPara Maroc",has_dot
119483,88.04,"88.04 DH","Eau Micellaire 200 ml Physiopure Svr",eau-micellaire-200-ml-physiopure-svr,"UNIVERS PARADISCOUNT Maroc",has_dot
120440,88.11,"88.11 DH","Dodie Initiation+ Tétines Anti-Colique Rondes 3 Vitesses Débit 2 Col Large 0-6 mois 2 pièces",dodie-initiation-tetines-anti-colique-rondes-3-vitesses-debit-2-col-large-0-6-mois-2-pieces,"AtelierPara Maroc",has_dot
120504,88.11,"88.11 DH","Dodie Sensation+ 2 Tétines Plate Col Large 0-6 Mois Débit 2 Moyen",dodie-sensation-2-tetines-plate-col-large-0-6-mois-debit-2-moyen,"AtelierPara Maroc",has_dot
144599,88.11,"88.11 DH","Curaprox Prime Start CPS 08 0,8 - 3,2 mm",curaprox-prime-start-cps-08-0-8-3-2-mm,"UNIVERS PARADISCOUNT Maroc",has_dot
143964,88.12,"88.12 DH","Paroex Dentifrice Traitement D'attaque 2x75ml Gum",paroex-dentifrice-traitement-d-attaque-2x75ml-gum,"AtelierPara Maroc",has_dot
119657,88.8,"88.80 DH","Original White Dentifrice Anti-tache Lot 2x75ml Gum",original-white-dentifrice-anti-tache-lot-2x75ml-gum,"Para La Gloire",has_dot
119063,89.1,"89.10 DH","Curasept Biosmalto Sensitive Teeth 300 ml",curasept-biosmalto-sensitive-teeth-300-ml,"AtelierPara Maroc",has_dot
120312,89.1,"89.10 DH","Shampooing Doux Bébé 200ml Abcderm Haute Tolérance Bioderma",shampooing-doux-bebe-200ml-abcderm-haute-tolerance-bioderma,"BebeMaman Maroc",has_dot
120807,89.25,"89.25 DH","Shampooing Quotidien Pouxdoux Bio 200ml Anti-Poux Puressentiel",shampooing-quotidien-pouxdoux-bio-200ml-anti-poux-puressentiel,"GoPara Maroc",has_dot
144139,89.38,"89.38 DH","Philips AVENT SCF810/61 biberon 125 ml Polypropylène (PP) Transparent",philips-avent-scf810-61-biberon-125-ml-polypropylene-pp-transparent,"New Era Parapharmacie",has_dot
120757,89.5,"89.50 DH","Dr Organic Tea Tree 265 ml Shampoing Unisexe",dr-organic-tea-tree-265-ml-shampoing-unisexe,"Natureo Shop",has_dot
119520,89.65,"89.65 DH","Eau micellaire démaquillante 250ml Hydrabio H2O Bioderma",eau-micellaire-demaquillante-250ml-hydrabio-h2o-bioderma,"UNIVERS PARADISCOUNT Maroc",has_dot
122140,89.76,"89.76 DH","Creme Nourissante Peaux Sensibles Et Tres Seches 40ml Cold Cream Avène",creme-nourissante-peaux-sensibles-et-tres-seches-40ml-cold-cream-avene,"AtelierPara Maroc",has_dot
144140,89.93,"89.93 DH","Philips AVENT SCF810/61 biberon 125 ml Polypropylène (PP) Transparent",philips-avent-scf810-61-biberon-125-ml-polypropylene-pp-transparent,"UNIVERS PARADISCOUNT Maroc",has_dot
120086,89.95,"89.95 DH","Garnier Ultra Doux Avocat Karité",garnier-ultra-doux-avocat-karite,MyMarket,has_dot
120446,90.09,"90.09 DH","Dodie Sensation+ Tétine Plate Débit 4 +6 Mois",dodie-sensation-tetine-plate-debit-4-6-mois,"AtelierPara Maroc",has_dot
120459,90.09,"90.09 DH","Dodie Sensation+ Tétine Plate Débit 3 +6 Mois",dodie-sensation-tetine-plate-debit-3-6-mois,"AtelierPara Maroc",has_dot
120314,90.3,"90.30 DH","Shampooing Doux Bébé 200ml Abcderm Haute Tolérance Bioderma",shampooing-doux-bebe-200ml-abcderm-haute-tolerance-bioderma,"Para La Gloire",has_dot
131620,90.67,"90.67 DH","Epson SIDM Black Ribbon Cartridge for LQ-2x70/2x80/FX-2170/2180 (C13S015086BA)",epson-sidm-black-ribbon-cartridge-for-lq-2x70-2x80-fx-2170-2180-c13s015086ba,Technoplace,has_dot
120562,90.75,"90.75 DH","Eau De Soin Parfumee Peaux Normales Musti 50ml Mustela",eau-de-soin-parfumee-peaux-normales-musti-50ml-mustela,"UNIVERS PARADISCOUNT Maroc",has_dot
121094,90.75,"90.75 DH","Pur Monoi Tahiti Parfum Coco 100ml Hei Poa",pur-monoi-tahiti-parfum-coco-100ml-hei-poa,"UNIVERS PARADISCOUNT Maroc",has_dot
121153,90.75,"90.75 DH","Pur Monoi Tahiti Parfum Vanillier 100ml Hei Poa",pur-monoi-tahiti-parfum-vanillier-100ml-hei-poa,"UNIVERS PARADISCOUNT Maroc",has_dot
121157,90.75,"90.75 DH","Hei Poa Pure Tahiti Monoï Oil Tiara 100 ml",hei-poa-pure-tahiti-monoi-oil-tiara-100-ml,"UNIVERS PARADISCOUNT Maroc",has_dot
122218,90.86,"90.86 DH","La Roche-Posay Respectissime Crayon Eye Pencil teinte Black  1 g",la-roche-posay-respectissime-crayon-eye-pencil-teinte-black-1-g,"UNIVERS PARADISCOUNT Maroc",has_dot
119070,90.9,"90.90 DH","KIN B5 500 ml",kin-b5-500-ml,"UNIVERS PARADISCOUNT Maroc",has_dot
120399,90.95,"90.95 DH","1er Change 100ml Bébé Uriage",1er-change-100ml-bebe-uriage,"Para La Gloire",has_dot
143864,91.48,"91.48 DH","Bain De Bouche 120ml AftaClear Aphtes Et Lesions Buccales Gum",bain-de-bouche-120ml-afta-clear-aphtes-et-lesions-buccales-gum,"AtelierPara Maroc",has_dot
120528,91.58,"91.58 DH","Dodie Initiation+ Biberon Anti-Colique Tétine Ronde 3 Vitesses Débit 2 Bleu Cosmonaute 0-6 Mois 270ml",dodie-initiation-biberon-anti-colique-tetine-ronde-3-vitesses-debit-2-bleu-cosmonaute-0-6-mois-270ml,"UNIVERS PARADISCOUNT Maroc",has_dot
119322,91.8,"91.80 DH","ROGÉ CAVAILLÈS SOIN TOILETTE INTIME GEL FRAÎCHEUR 200 ML",roge-cavailles-soin-toilette-intime-gel-fraicheur-200-ml,"GoPara Maroc",has_dot
119919,91.8,"91.80 DH","Gel Moussant Visage Et Cou Peaux Normales A Grasses 236ml Cleanse Visage Cerave",gel-moussant-visage-et-cou-peaux-normales-a-grasses-236ml-cleanse-visage-cerave,"UNIVERS PARADISCOUNT Maroc",has_dot
120424,91.8,"91.80 DH","Biberon Kiddy Cup 300ml Bleu 12m+ Nuk",biberon-kiddy-cup-300ml-bleu-12m-nuk,"BebeMaman Maroc",has_dot
120432,91.8,"91.80 DH","Dodie Biberon Sensation+ 270 ml Débit 2 0-6 Mois - Modèle : Beige Écureuil",dodie-biberon-sensation-270-ml-debit-2-0-6-mois-modele-beige-ecureuil,"New Era Parapharmacie",has_dot
120474,91.8,"91.80 DH","Dodie Biberon Sensation+ 270 ml Débit 2 0-6 Mois",dodie-biberon-sensation-270-ml-debit-2-0-6-mois,"New Era Parapharmacie",has_dot
122010,91.8,"91.80 DH","Creme Hydratante Visage 52ml Face Cerave",creme-hydratante-visage-52ml-face-cerave,"UNIVERS PARADISCOUNT Maroc",has_dot
120020,92.23,"92.23 DH","Repair Baume Levres Abimees Sous Traitements Dessechants 15ml Keracnyl Ducray",repair-baume-levres-abimees-sous-traitements-dessechants-15ml-keracnyl-ducray,"GoPara Maroc",has_dot
119424,92.4,"92.40 DH","Solution Micellaire Demaquillante Eclat 250ml Neotone Isispharma",solution-micellaire-demaquillante-eclat-250ml-neotone-isispharma,"UNIVERS PARADISCOUNT Maroc",has_dot
143866,92.4,"92.40 DH","Bain De Bouche 120ml AftaClear Aphtes Et Lesions Buccales Gum",bain-de-bouche-120ml-afta-clear-aphtes-et-lesions-buccales-gum,COTEPARA,has_dot
119521,92.47,"92.47 DH","Eau micellaire démaquillante 250ml Hydrabio H2O Bioderma",eau-micellaire-demaquillante-250ml-hydrabio-h2o-bioderma,"GoPara Maroc",has_dot
119522,92.65,"92.65 DH","Eau micellaire démaquillante 250ml Hydrabio H2O Bioderma",eau-micellaire-demaquillante-250ml-hydrabio-h2o-bioderma,"New Era Parapharmacie",has_dot
119758,92.65,"92.65 DH","Roge Cavailles Déodorant Absorb + 48h 150ml",roge-cavailles-deodorant-absorb-48h-150ml,"GoPara Maroc",has_dot
119775,92.65,"92.65 DH","Roge Cavailles Homme Deo Absorb + 48h Roll On 50ml",roge-cavailles-homme-deo-absorb-48h-roll-on-50ml,"GoPara Maroc",has_dot
120463,92.65,"92.65 DH","Dodie Biberon Orange forêt 330 ml - Tétine plate silicone",dodie-biberon-orange-foret-330-ml-tetine-plate-silicone,"GoPara Maroc",has_dot
120464,92.65,"92.65 DH","Dodie Biberon Vert dinosaure 330 ml - tétine plate silicone",dodie-biberon-vert-dinosaure-330-ml-tetine-plate-silicone,"GoPara Maroc",has_dot
122085,92.65,"92.65 DH","Ducray Keracnyl 50 ml",ducray-keracnyl-50-ml,"New Era Parapharmacie",has_dot
119469,92.68,"92.68 DH","Dermo-nettoyant Peaux Reactives 200ml Sensifine Svr",dermo-nettoyant-peaux-reactives-200ml-sensifine-svr,"UNIVERS PARADISCOUNT Maroc",has_dot
121237,92.7,"92.70 DH","Creme Mains Barriere Reparatrice Mains 50ml Cicaplast La Roche-Posay",creme-mains-barriere-reparatrice-mains-50ml-cicaplast-la-roche-posay,"UNIVERS PARADISCOUNT Maroc",has_dot
122259,92.95,"92.95 DH","Baume Protecteur Levres Abimees 15ml Bariederm Cica Uriage",baume-protecteur-levres-abimees-15ml-bariederm-cica-uriage,"UNIVERS PARADISCOUNT Maroc",has_dot
119357,93.5,"93.50 DH","Prodigieux Huile De Douche 200ml Nuxe",prodigieux-huile-de-douche-200ml-nuxe,"New Era Parapharmacie",has_dot
119714,93.5,"93.50 DH","Deodorant Hydratant Fraicheur 50ml Rêve de thé Nuxe",deodorant-hydratant-fraicheur-50ml-reve-de-the-nuxe,"New Era Parapharmacie",has_dot
120563,93.5,"93.50 DH","Eau De Soin Parfumee Peaux Normales Musti 50ml Mustela",eau-de-soin-parfumee-peaux-normales-musti-50ml-mustela,"GoPara Maroc",has_dot
119484,94.16,"94.16 DH","Eau Micellaire 200 ml Physiopure Svr",eau-micellaire-200-ml-physiopure-svr,"New Era Parapharmacie",has_dot
120529,94.35,"94.35 DH","Dodie Initiation+ Biberon Anti-Colique Tétine Ronde 3 Vitesses Débit 2 Bleu Cosmonaute 0-6 Mois 270ml",dodie-initiation-biberon-anti-colique-tetine-ronde-3-vitesses-debit-2-bleu-cosmonaute-0-6-mois-270ml,"GoPara Maroc",has_dot
121683,94.49,"94.49 DH","Bioderma Atoderm Nutritive 40 ml",bioderma-atoderm-nutritive-40-ml,"Para La Gloire",has_dot
119720,94.55,"94.55 DH","Deodorant 48h 50ml Minéral Roll-on Peaux Sensibles Vichy",deodorant-48h-50ml-mineral-roll-on-peaux-sensibles-vichy,"GoPara Maroc",has_dot
119733,94.55,"94.55 DH","Anti Transpirant Crème 7 Jours 30ml Déodorant Vichy",anti-transpirant-creme-7-jours-30ml-deodorant-vichy,"GoPara Maroc",has_dot
119787,94.55,"94.55 DH","Anti Transpirant Efficace 48h 50ml Déodorant Peaux Sensibles Vichy",anti-transpirant-efficace-48h-50ml-deodorant-peaux-sensibles-vichy,"GoPara Maroc",has_dot
119810,94.55,"94.55 DH","Vichy Deodorant 48h 48h 50 ml",vichy-deodorant-48h-48h-50-ml,"GoPara Maroc",has_dot
119824,94.55,"94.55 DH","Anti-transpirant Anti-traces 50ml Déodorant Roll-on Vichy",anti-transpirant-anti-traces-50ml-deodorant-roll-on-vichy,"GoPara Maroc",has_dot
119831,94.55,"94.55 DH","Vichy Déodorant Déo Beauté Anti-Transpirant 48H Roll On 50ml",vichy-deodorant-deo-beaute-anti-transpirant-48h-roll-on-50ml,"GoPara Maroc",has_dot
119762,94.58,"94.58 DH","Spray Anti-transpirant 75 ml Spirial Svr",spray-anti-transpirant-75-ml-spirial-svr,"AtelierPara Maroc",has_dot
119783,94.58,"94.58 DH","Déodorant Douceur Anti-Odeur Peaux Sensibles 50ml Uriage",deodorant-douceur-anti-odeur-peaux-sensibles-50ml-uriage,"Para La Gloire",has_dot
142726,94.6,"94.60 DH","Souris filaire USB Logitech M90",souris-filaire-usb-logitech-m90,Micromad,has_dot
119715,94.88,"94.88 DH","Deodorant Hydratant Fraicheur 50ml Rêve de thé Nuxe",deodorant-hydratant-fraicheur-50ml-reve-de-the-nuxe,"UNIVERS PARADISCOUNT Maroc",has_dot
120522,95.04,"95.04 DH","Dodie Biberon Bleu ourson 150 ml - tétine silicone plate",dodie-biberon-bleu-ourson-150-ml-tetine-silicone-plate,"UNIVERS PARADISCOUNT Maroc",has_dot
120558,95.04,"95.04 DH","Dodie Biberon Initiation+ 150 ml Débit 1 0-6 Mois - Couleur : Bleu",dodie-biberon-initiation-150-ml-debit-1-0-6-mois-couleur-bleu,"UNIVERS PARADISCOUNT Maroc",has_dot
121739,95.15,"95.15 DH","Soin Apaisant Contour des Yeux 15ml Xemose Uriage",soin-apaisant-contour-des-yeux-15ml-xemose-uriage,"UNIVERS PARADISCOUNT Maroc",has_dot
144492,95.15,"95.15 DH","Shampooing Doux 200ml D.S Hair Uriage",shampooing-doux-200ml-d-s-hair-uriage,"UNIVERS PARADISCOUNT Maroc",has_dot
119425,95.2,"95.20 DH","Solution Micellaire Demaquillante Eclat 250ml Neotone Isispharma",solution-micellaire-demaquillante-eclat-250ml-neotone-isispharma,"New Era Parapharmacie",has_dot
119748,95.2,"95.20 DH","Rogé Cavaillès Absorb+ Déodorant Efficacité 48H Roll-on 50ml",roge-cavailles-absorb-deodorant-efficacite-48h-roll-on-50ml,"GoPara Maroc",has_dot
120776,95.2,"95.20 DH","Klorane Shampooing au dattier du désert 400ml",klorane-shampooing-au-dattier-du-desert-400ml,"New Era Parapharmacie",has_dot
120779,95.2,"95.20 DH","Klorane Shampoing à la Pulpe de Cédrat 400 ml",klorane-shampoing-a-la-pulpe-de-cedrat-400-ml,"New Era Parapharmacie",has_dot
121028,95.2,"95.20 DH","Ducray EXTRA-DOUX Femmes Non-professionnel Shampoing 400 ml",ducray-extra-doux-femmes-non-professionnel-shampoing-400-ml,"New Era Parapharmacie",has_dot
120292,95.7,"95.70 DH","Bebeconfort Silicone Spoons 4 m+ 2 pcs",bebeconfort-silicone-spoons-4-m-2-pcs,"UNIVERS PARADISCOUNT Maroc",has_dot
121155,95.7,"95.70 DH","Hei Poa Monoi Collection 1000 Flowers pour femme 100 ml",hei-poa-monoi-collection-1000-flowers-pour-femme-100-ml,"UNIVERS PARADISCOUNT Maroc",has_dot
122219,95.95,"95.95 DH","La Roche-Posay Respectissime Crayon Eye Pencil teinte Black  1 g",la-roche-posay-respectissime-crayon-eye-pencil-teinte-black-1-g,"New Era Parapharmacie",has_dot
122260,96.05,"96.05 DH","Baume Protecteur Levres Abimees 15ml Bariederm Cica Uriage",baume-protecteur-levres-abimees-15ml-bariederm-cica-uriage,"New Era Parapharmacie",has_dot
120980,96.39,"96.39 DH","Klorane Avoine 150 ml",klorane-avoine-150-ml,"GoPara Maroc",has_dot
122222,96.64,"96.64 DH","La Roche-Posay Respectissime Crayon Eye Pencil teinte Black  1 g",la-roche-posay-respectissime-crayon-eye-pencil-teinte-black-1-g,"AtelierPara Maroc",has_dot
119490,96.9,"96.90 DH","Eau Micellaire Nettoie Et Demaquille Visage Et Yeux 200ml Hyfac",eau-micellaire-nettoie-et-demaquille-visage-et-yeux-200ml-hyfac,"GoPara Maroc",has_dot
119731,96.9,"96.90 DH","Roge Cavailles Déo-Soin Absorb+ Efficacité 48h Spray Compressé 75ml",roge-cavailles-deo-soin-absorb-efficacite-48h-spray-compresse-75ml,"GoPara Maroc",has_dot
122012,96.9,"96.90 DH","Creme Hydratante Visage 52ml Face Cerave",creme-hydratante-visage-52ml-face-cerave,"New Era Parapharmacie",has_dot
119734,97.2,"97.20 DH","Anti Transpirant Crème 7 Jours 30ml Déodorant Vichy",anti-transpirant-creme-7-jours-30ml-deodorant-vichy,"UNIVERS PARADISCOUNT Maroc",has_dot
119825,97.2,"97.20 DH","Anti-transpirant Anti-traces 50ml Déodorant Roll-on Vichy",anti-transpirant-anti-traces-50ml-deodorant-roll-on-vichy,"UNIVERS PARADISCOUNT Maroc",has_dot
127499,97.2,"97.20 DH","ADATA 32GB C008 lecteur USB flash 32 Go USB Type-A 2.0 Bleu, Blanc",adata-32gb-c008-lecteur-usb-flash-32-go-usb-type-a-2-0-bleu-blanc,"NGT Maroc",has_dot
119476,97.65,"97.65 DH","Eau Micellaire Ar 200 ml Sensifine Svr",eau-micellaire-ar-200-ml-sensifine-svr,"UNIVERS PARADISCOUNT Maroc",has_dot
120357,97.73,"97.73 DH","Klorane Bébé Calendula 75 ml",klorane-bebe-calendula-75-ml,"Para La Gloire",has_dot
119716,97.75,"97.75 DH","Deodorant Hydratant Fraicheur 50ml Rêve de thé Nuxe",deodorant-hydratant-fraicheur-50ml-reve-de-the-nuxe,"GoPara Maroc",has_dot
121160,97.75,"97.75 DH","Cica - Crème Réparatrice 50ml Dermalibour+ Peaux Irritées A-Derma",cica-creme-reparatrice-50ml-dermalibour-peaux-irritees-a-derma,"New Era Parapharmacie",has_dot
121503,97.75,"97.75 DH","Hydra Creme Legere Peaux Normales A Seches 40ml Ictyane Ducray",hydra-creme-legere-peaux-normales-a-seches-40ml-ictyane-ducray,"New Era Parapharmacie",has_dot
121740,97.75,"97.75 DH","Soin Apaisant Contour des Yeux 15ml Xemose Uriage",soin-apaisant-contour-des-yeux-15ml-xemose-uriage,"New Era Parapharmacie",has_dot
144493,97.75,"97.75 DH","Shampooing Doux 200ml D.S Hair Uriage",shampooing-doux-200ml-d-s-hair-uriage,"New Era Parapharmacie",has_dot
121238,97.85,"97.85 DH","Creme Mains Barriere Reparatrice Mains 50ml Cicaplast La Roche-Posay",creme-mains-barriere-reparatrice-mains-50ml-cicaplast-la-roche-posay,"New Era Parapharmacie",has_dot
119920,97.92,"97.92 DH","Gel Moussant Visage Et Cou Peaux Normales A Grasses 236ml Cleanse Visage Cerave",gel-moussant-visage-et-cou-peaux-normales-a-grasses-236ml-cleanse-visage-cerave,"AtelierPara Maroc",has_dot
122013,97.92,"97.92 DH","Creme Hydratante Visage 52ml Face Cerave",creme-hydratante-visage-52ml-face-cerave,"AtelierPara Maroc",has_dot
120315,98.01,"98.01 DH","Shampooing Doux Bébé 200ml Abcderm Haute Tolérance Bioderma",shampooing-doux-bebe-200ml-abcderm-haute-tolerance-bioderma,"AtelierPara Maroc",has_dot
121741,98.09,"98.09 DH","Soin Apaisant Contour des Yeux 15ml Xemose Uriage",soin-apaisant-contour-des-yeux-15ml-xemose-uriage,"GoPara Maroc",has_dot
144494,98.09,"98.09 DH","Shampooing Doux 200ml D.S Hair Uriage",shampooing-doux-200ml-d-s-hair-uriage,"GoPara Maroc",has_dot
120610,98.18,"98.18 DH","Ecrinal Vernis Amer 10ml",ecrinal-vernis-amer-10ml,"UNIVERS PARADISCOUNT Maroc",has_dot
120619,98.18,"98.18 DH","Eau Parfumee Petit Brin 50ml Bébé Klorane",eau-parfumee-petit-brin-50ml-bebe-klorane,"GoPara Maroc",has_dot
121131,98.35,"98.35 DH","Lait Hydratant Visage Et Corps Peaux Seches A Tres Seches 236ml Body Cerave",lait-hydratant-visage-et-corps-peaux-seches-a-tres-seches-236ml-body-cerave,"GoPara Maroc",has_dot
121161,98.4,"98.40 DH","Cica - Crème Réparatrice 50ml Dermalibour+ Peaux Irritées A-Derma",cica-creme-reparatrice-50ml-dermalibour-peaux-irritees-a-derma,"UNIVERS PARADISCOUNT Maroc",has_dot
121504,98.4,"98.40 DH","Hydra Creme Legere Peaux Normales A Seches 40ml Ictyane Ducray",hydra-creme-legere-peaux-normales-a-seches-40ml-ictyane-ducray,"UNIVERS PARADISCOUNT Maroc",has_dot
119471,98.56,"98.56 DH","Dermo-nettoyant Peaux Reactives 200ml Sensifine Svr",dermo-nettoyant-peaux-reactives-200ml-sensifine-svr,"New Era Parapharmacie",has_dot
120293,98.6,"98.60 DH","Bebeconfort Silicone Spoons 4 m+ 2 pcs",bebeconfort-silicone-spoons-4-m-2-pcs,"New Era Parapharmacie",has_dot
120620,98.6,"98.60 DH","Eau Parfumee Petit Brin 50ml Bébé Klorane",eau-parfumee-petit-brin-50ml-bebe-klorane,"New Era Parapharmacie",has_dot
119079,98.9,"98.90 DH","Bain De Bouche 300 ml Hydral Gum",bain-de-bouche-300-ml-hydral-gum,"AtelierPara Maroc",has_dot
125029,98.9,"98.90 DH","Samsung EO-EG920B Casque Avec fil Ecouteurs Appels/Musique Bleu",samsung-eo-eg920b-casque-avec-fil-ecouteurs-appels-musique-bleu,Technoplace,has_dot
125035,98.9,"98.90 DH","Samsung EO-EG920B Casque Avec fil Ecouteurs Appels/Musique Blanc",samsung-eo-eg920b-casque-avec-fil-ecouteurs-appels-musique-blanc,Technoplace,has_dot
125052,98.9,"98.90 DH","Samsung EO-EG920B Casque Avec fil Ecouteurs Appels/Musique Rouge",samsung-eo-eg920b-casque-avec-fil-ecouteurs-appels-musique-rouge,Technoplace,has_dot
119957,99.05,"99.05 DH","SKYN 2in1 Oriental Touch 200 ml",skyn-2in1-oriental-touch-200-ml,"UNIVERS PARADISCOUNT Maroc",has_dot
121239,99.2,"99.20 DH","Creme Mains Barriere Reparatrice Mains 50ml Cicaplast La Roche-Posay",creme-mains-barriere-reparatrice-mains-50ml-cicaplast-la-roche-posay,"AtelierPara Maroc",has_dot
122014,99.45,"99.45 DH","Creme Hydratante Visage 52ml Face Cerave",creme-hydratante-visage-52ml-face-cerave,COTEPARA,has_dot
118086,99.49,"99.49 DH","Logitech M171 souris Ambidextre RF sans fil Optique 1000 DPI",logitech-m171-souris-ambidextre-rf-sans-fil-optique-1000-dpi,Technoplace,has_dot
120319,99.55,"99.55 DH","1er Spray Asséchant Réparateur 100ml Bébé Uriage",1er-spray-assechant-reparateur-100ml-bebe-uriage,"UNIVERS PARADISCOUNT Maroc",has_dot
121632,99.55,"99.55 DH","Crème hydratante anti-imperfections 30ml Sebium Peau acnéique Bioderma",creme-hydratante-anti-imperfections-30ml-sebium-peau-acneique-bioderma,"UNIVERS PARADISCOUNT Maroc",has_dot
124260,99.73,"99.73 DH","NGS MSX9 PRO Casque Avec fil Arceau Appels/Musique Noir",ngs-msx9-pro-casque-avec-fil-arceau-appels-musique-noir,Technoplace,has_dot
119818,99.81,"99.81 DH","Déodorant Anti transpirant 72h 50ml Homme Vichy",deodorant-anti-transpirant-72h-50ml-homme-vichy,"GoPara Maroc",has_dot
119038,100.1,"100.10 DH","Apres-shampooing Edelweiss Bio 200ml Quinine Cheveux fatigués Klorane",apres-shampooing-edelweiss-bio-200ml-quinine-cheveux-fatigues-klorane,"UNIVERS PARADISCOUNT Maroc",has_dot
120815,100.1,"100.10 DH","Shampooing Nutrition 400ml Mangue Cheveux Secs Klorane",shampooing-nutrition-400ml-mangue-cheveux-secs-klorane,"UNIVERS PARADISCOUNT Maroc",has_dot
120871,100.1,"100.10 DH","Shampooing Edelweiss Bio 400ml Quinine Cheveux Fatigués Klorane",shampooing-edelweiss-bio-400ml-quinine-cheveux-fatigues-klorane,"UNIVERS PARADISCOUNT Maroc",has_dot
119767,100.12,"100.12 DH","Anti Transpirant Anti Trace 125 ml Déodorant Spray Vichy",anti-transpirant-anti-trace-125-ml-deodorant-spray-vichy,"UNIVERS PARADISCOUNT Maroc",has_dot
119721,100.2,"100.20 DH","Deodorant 48h 50ml Minéral Roll-on Peaux Sensibles Vichy",deodorant-48h-50ml-mineral-roll-on-peaux-sensibles-vichy,"UNIVERS PARADISCOUNT Maroc",has_dot
119788,100.2,"100.20 DH","Anti Transpirant Efficace 48h 50ml Déodorant Peaux Sensibles Vichy",anti-transpirant-efficace-48h-50ml-deodorant-peaux-sensibles-vichy,"UNIVERS PARADISCOUNT Maroc",has_dot
119811,100.2,"100.20 DH","Vichy Deodorant 48h 48h 50 ml",vichy-deodorant-48h-48h-50-ml,"UNIVERS PARADISCOUNT Maroc",has_dot
119426,100.3,"100.30 DH","Demaquillant 125ml Toilette Physiologique Yeux et Peaux Sensibles La Roche-Posay",demaquillant-125ml-toilette-physiologique-yeux-et-peaux-sensibles-la-roche-posay,"GoPara Maroc",has_dot
114906,100.32,"100.32 DH","HP 47 Cartouche authentique, trois couleurs",hp-47-cartouche-authentique-trois-couleurs,Technoplace,has_dot
119477,100.61,"100.61 DH","Eau Micellaire Ar 200 ml Sensifine Svr",eau-micellaire-ar-200-ml-sensifine-svr,"GoPara Maroc",has_dot
120523,100.8,"100.80 DH","NUK Magic Cup 8m+ Green 230 ml",nuk-magic-cup-8m-green-230-ml,"BebeMaman Maroc",has_dot
124699,100.8,"100.80 DH","Logitech H111 Casque Avec fil Arceau Bureau/Centre d'appels Gris",logitech-h111-casque-avec-fil-arceau-bureau-centre-d-appels-gris,Technoplace,has_dot
131404,100.8,"100.80 DH","HP 13A toner LaserJet noir authentique",hp-13a-toner-laser-jet-noir-authentique,Technoplace,has_dot
132132,100.8,"100.80 DH","HP 15A toner LaserJet noir authentique",hp-15a-toner-laser-jet-noir-authentique,Technoplace,has_dot
119778,100.98,"100.98 DH","Deodorant Puissance 3 Roll On Peaux Sensibles 50ml Hygiène Uriage",deodorant-puissance-3-roll-on-peaux-sensibles-50ml-hygiene-uriage,"AtelierPara Maroc",has_dot
119784,100.98,"100.98 DH","Déodorant Douceur Anti-Odeur Peaux Sensibles 50ml Uriage",deodorant-douceur-anti-odeur-peaux-sensibles-50ml-uriage,"AtelierPara Maroc",has_dot
119785,100.98,"100.98 DH","Déodorant Douceur Anti-Odeur Peaux Sensibles 50ml Uriage",deodorant-douceur-anti-odeur-peaux-sensibles-50ml-uriage,COTEPARA,has_dot
120431,101.15,"101.15 DH","Dodie Sensation+ Biberon Tétine Plate Débit 3 Air +6 Mois 330ml",dodie-sensation-biberon-tetine-plate-debit-3-air-6-mois-330ml,"New Era Parapharmacie",has_dot
120467,101.15,"101.15 DH","Dodie Sensation+ Biberon Tétine Plate Débit 3 Jardin +6 Mois 330ml",dodie-sensation-biberon-tetine-plate-debit-3-jardin-6-mois-330ml,"New Era Parapharmacie",has_dot
120470,101.15,"101.15 DH","Dodie Initiation+ Biberon Anti-Colique Tétine Ronde 3 Vitesses Débit 3 Rose Danseuse +6 Mois 330ml",dodie-initiation-biberon-anti-colique-tetine-ronde-3-vitesses-debit-3-rose-danseuse-6-mois-330ml,"New Era Parapharmacie",has_dot
120536,101.15,"101.15 DH","Dodie Initiation+ Biberon Anti-Colique Tétine Ronde 3 Vitesses Débit 3 Bleu Pompier +6 Mois 330ml",dodie-initiation-biberon-anti-colique-tetine-ronde-3-vitesses-debit-3-bleu-pompier-6-mois-330ml,"New Era Parapharmacie",has_dot
120611,101.15,"101.15 DH","Ecrinal Vernis Amer 10ml",ecrinal-vernis-amer-10ml,"New Era Parapharmacie",has_dot
119530,101.37,"101.37 DH","DERMEDIC HYDRAIN 3 EAU MICELLAIRE 200 ML",dermedic-hydrain-3-eau-micellaire-200-ml,"New Era Parapharmacie",has_dot
119326,101.56,"101.56 DH","Roll-on Détranspirant Homme anti-odeur 96h 50ml Déodorant Vichy",roll-on-detranspirant-homme-anti-odeur-96h-50ml-deodorant-vichy,"GoPara Maroc",has_dot
119697,101.56,"101.56 DH","Détranspirant anti-odeur transpiration excessive 50ml Vichy",detranspirant-anti-odeur-transpiration-excessive-50ml-vichy,"GoPara Maroc",has_dot
119768,101.56,"101.56 DH","Anti Transpirant Anti Trace 125 ml Déodorant Spray Vichy",anti-transpirant-anti-trace-125-ml-deodorant-spray-vichy,"GoPara Maroc",has_dot
119802,101.56,"101.56 DH","Anti Transpirant 125ml Déodorant Spray Vichy",anti-transpirant-125ml-deodorant-spray-vichy,"GoPara Maroc",has_dot
121512,101.93,"101.93 DH","Masque Anti Rougeurs 40ml Roseliane Peaux Sensibles Uriage",masque-anti-rougeurs-40ml-roseliane-peaux-sensibles-uriage,"GoPara Maroc",has_dot
120022,102.3,"102.30 DH","Repair Baume Levres Abimees Sous Traitements Dessechants 15ml Keracnyl Ducray",repair-baume-levres-abimees-sous-traitements-dessechants-15ml-keracnyl-ducray,"AtelierPara Maroc",has_dot
120473,102.3,"102.30 DH","Dodie Biberon Sensation+ 270 ml Débit 2 0-6 Mois",dodie-biberon-sensation-270-ml-debit-2-0-6-mois,"UNIVERS PARADISCOUNT Maroc",has_dot
120809,102.38,"102.38 DH","Shampooing Quotidien Pouxdoux Bio 200ml Anti-Poux Puressentiel",shampooing-quotidien-pouxdoux-bio-200ml-anti-poux-puressentiel,"AtelierPara Maroc",has_dot
119789,102.6,"102.60 DH","Anti Transpirant Efficace 48h 50ml Déodorant Peaux Sensibles Vichy",anti-transpirant-efficace-48h-50ml-deodorant-peaux-sensibles-vichy,"New Era Parapharmacie",has_dot
119819,102.6,"102.60 DH","Déodorant Anti transpirant 72h 50ml Homme Vichy",deodorant-anti-transpirant-72h-50ml-homme-vichy,"UNIVERS PARADISCOUNT Maroc",has_dot
121633,102.76,"102.76 DH","Crème hydratante anti-imperfections 30ml Sebium Peau acnéique Bioderma",creme-hydratante-anti-imperfections-30ml-sebium-peau-acneique-bioderma,"GoPara Maroc",has_dot
119463,102.85,"102.85 DH","Lotion micellaire 250ml Sensitelial Acm",lotion-micellaire-250ml-sensitelial-acm,"New Era Parapharmacie",has_dot
121634,102.85,"102.85 DH","Crème hydratante anti-imperfections 30ml Sebium Peau acnéique Bioderma",creme-hydratante-anti-imperfections-30ml-sebium-peau-acneique-bioderma,"New Era Parapharmacie",has_dot
127148,103.2,"103.20 DH","ADATA Premier microSDHC UHS-I U1 Class10 32GB mémoire flash 32 Go Classe 10",adata-premier-micro-sdhc-uhs-i-u1-class10-32gb-memoire-flash-32-go-classe-10,"NGT Maroc",has_dot
119936,103.4,"103.40 DH","Bioderma Atoderm Intensive Gel Moussant 200 ml",bioderma-atoderm-intensive-gel-moussant-200-ml,"UNIVERS PARADISCOUNT Maroc",has_dot
120853,103.4,"103.40 DH","1er Shampooing 200ml Bébé Uriage",1er-shampooing-200ml-bebe-uriage,"UNIVERS PARADISCOUNT Maroc",has_dot
119937,103.7,"103.70 DH","Bioderma Atoderm Intensive Gel Moussant 200 ml",bioderma-atoderm-intensive-gel-moussant-200-ml,"New Era Parapharmacie",has_dot
119478,103.84,"103.84 DH","Eau Micellaire Ar 200 ml Sensifine Svr",eau-micellaire-ar-200-ml-sensifine-svr,"New Era Parapharmacie",has_dot
119216,103.95,"103.95 DH","3 Chênes Color & Soin Coloration Permanente 10N - Blond Platine 60ml",3-chenes-color-soin-coloration-permanente-10n-blond-platine-60ml,"UNIVERS PARADISCOUNT Maroc",has_dot
119218,103.95,"103.95 DH","3 Chênes Color & Soin Coloration Permanente 7G - Blond Doré 60ml",3-chenes-color-soin-coloration-permanente-7g-blond-dore-60ml,"UNIVERS PARADISCOUNT Maroc",has_dot
119232,103.95,"103.95 DH","3 Chênes Color & Soin Coloration Permanente 11R - Rouge Myrtille 60ml",3-chenes-color-soin-coloration-permanente-11r-rouge-myrtille-60ml,"UNIVERS PARADISCOUNT Maroc",has_dot
119239,103.95,"103.95 DH","3 Chênes Color & Soin Coloration Permanente Châtain Brownie 4B",3-chenes-color-soin-coloration-permanente-chatain-brownie-4b,"UNIVERS PARADISCOUNT Maroc",has_dot
119251,103.95,"103.95 DH","3 Chênes Color & Soin Coloration Permanente 10A - Blond Clair Cendré 60ml",3-chenes-color-soin-coloration-permanente-10a-blond-clair-cendre-60ml,"UNIVERS PARADISCOUNT Maroc",has_dot
119253,103.95,"103.95 DH","Les 3 Chênes Color & Soin Coloration Femme - Coloration : Blond Clair Doré : 8G",les-3-chenes-color-soin-coloration-femme-coloration-blond-clair-dore-8g,"UNIVERS PARADISCOUNT Maroc",has_dot
119255,103.95,"103.95 DH","3 Chênes Color & Soin Coloration Permanente 7N - Blond Noisette 60ml",3-chenes-color-soin-coloration-permanente-7n-blond-noisette-60ml,"UNIVERS PARADISCOUNT Maroc",has_dot
119263,103.95,"103.95 DH","3 Chênes Color & Soin Coloration Permanente 8V - Blond Veneziano 60ml",3-chenes-color-soin-coloration-permanente-8v-blond-veneziano-60ml,"UNIVERS PARADISCOUNT Maroc",has_dot
119264,103.95,"103.95 DH","3 Chênes Color & Soin Coloration Permanente 4M - Châtain Acajou 60ml",3-chenes-color-soin-coloration-permanente-4m-chatain-acajou-60ml,"UNIVERS PARADISCOUNT Maroc",has_dot
119270,103.95,"103.95 DH","3 Chênes Color & Soin Coloration Permanente 5N - Châtain Clair 60ml",3-chenes-color-soin-coloration-permanente-5n-chatain-clair-60ml,"UNIVERS PARADISCOUNT Maroc",has_dot
119274,103.95,"103.95 DH","3 Chênes Color & Soin Coloration Permanente 5G - Châtain Clair Doré 60ml",3-chenes-color-soin-coloration-permanente-5g-chatain-clair-dore-60ml,"UNIVERS PARADISCOUNT Maroc",has_dot
119278,103.95,"103.95 DH","3 Chênes Color & Soin Coloration Permanente 5M - Châtain Clair Acajou 60ml",3-chenes-color-soin-coloration-permanente-5m-chatain-clair-acajou-60ml,"UNIVERS PARADISCOUNT Maroc",has_dot
119280,103.95,"103.95 DH","3 Chênes Color & Soin Coloration Permanente Marron Cacao 6B",3-chenes-color-soin-coloration-permanente-marron-cacao-6b,"UNIVERS PARADISCOUNT Maroc",has_dot
119285,103.95,"103.95 DH","3 Chênes Color & Soin Coloration Permanente 5B - Marron Chocolat 60ml",3-chenes-color-soin-coloration-permanente-5b-marron-chocolat-60ml,"UNIVERS PARADISCOUNT Maroc",has_dot
119289,103.95,"103.95 DH","3 Chênes Color & Soin Coloration Permanente 1N - Noir Ébène 60ml",3-chenes-color-soin-coloration-permanente-1n-noir-ebene-60ml,"UNIVERS PARADISCOUNT Maroc",has_dot
119292,103.95,"103.95 DH","3 Chênes Color & Soin Coloration Permanente 8N - Blond Blé 60ml",3-chenes-color-soin-coloration-permanente-8n-blond-ble-60ml,"UNIVERS PARADISCOUNT Maroc",has_dot
119295,103.95,"103.95 DH","3 Chênes Color & Soin Coloration Permanente 3N - Châtain Foncé 60ml",3-chenes-color-soin-coloration-permanente-3n-chatain-fonce-60ml,"UNIVERS PARADISCOUNT Maroc",has_dot
119300,103.95,"103.95 DH","3 Chênes Color & Soin Coloration Permanente 9R - Rouge Feu 60ml",3-chenes-color-soin-coloration-permanente-9r-rouge-feu-60ml,"UNIVERS PARADISCOUNT Maroc",has_dot
119303,103.95,"103.95 DH","3 Chênes Color & Soin Coloration Permanente 4N - Châtain Naturel 60ml",3-chenes-color-soin-coloration-permanente-4n-chatain-naturel-60ml,"UNIVERS PARADISCOUNT Maroc",has_dot
119472,104.04,"104.04 DH","Dermo-nettoyant Peaux Reactives 200ml Sensifine Svr",dermo-nettoyant-peaux-reactives-200ml-sensifine-svr,"Para La Gloire",has_dot
119488,104.05,"104.05 DH","Eau Micellaire 200 ml Physiopure Svr",eau-micellaire-200-ml-physiopure-svr,"AtelierPara Maroc",has_dot
144521,104.13,"104.13 DH","Creme Reparatrice Apaisante 40ml Epitheliale A.H Ultra A-Derma",creme-reparatrice-apaisante-40ml-epitheliale-a-h-ultra-a-derma,"GoPara Maroc",has_dot
121132,104.14,"104.14 DH","Lait Hydratant Visage Et Corps Peaux Seches A Tres Seches 236ml Body Cerave",lait-hydratant-visage-et-corps-peaux-seches-a-tres-seches-236ml-body-cerave,"UNIVERS PARADISCOUNT Maroc",has_dot
121524,104.5,"104.50 DH","Masque Purifiant Peel-Off 50ml Hyseac Uriage",masque-purifiant-peel-off-50ml-hyseac-uriage,"UNIVERS PARADISCOUNT Maroc",has_dot
144522,104.55,"104.55 DH","Creme Reparatrice Apaisante 40ml Epitheliale A.H Ultra A-Derma",creme-reparatrice-apaisante-40ml-epitheliale-a-h-ultra-a-derma,"New Era Parapharmacie",has_dot
119339,104.89,"104.89 DH","Deodorant Bille 48h Anti-traces 50ml Vichy",deodorant-bille-48h-anti-traces-50ml-vichy,"GoPara Maroc",has_dot
119333,105.06,"105.06 DH","Roll-on Vaporisateur Ultra-frais 100 ml Déodorant Vichy",roll-on-vaporisateur-ultra-frais-100-ml-deodorant-vichy,"GoPara Maroc",has_dot
118029,105.34,"105.34 DH","HP Souris filaire 100",hp-souris-filaire-100,Technoplace,has_dot
120786,105.4,"105.40 DH","Klorane Camomille 400 ml",klorane-camomille-400-ml,"New Era Parapharmacie",has_dot
120816,105.4,"105.40 DH","Shampooing Nutrition 400ml Mangue Cheveux Secs Klorane",shampooing-nutrition-400ml-mangue-cheveux-secs-klorane,"New Era Parapharmacie",has_dot
144467,105.4,"105.40 DH","Klorane Shampooing extra doux protecteur au lait d'avoine 400ml",klorane-shampooing-extra-doux-protecteur-au-lait-d-avoine-400ml,"New Era Parapharmacie",has_dot
120934,105.6,"105.60 DH","Item Dermatologie Shampoing Alphakeptol DS Etats Pelliculaires Sévères 200 ml",item-dermatologie-shampoing-alphakeptol-ds-etats-pelliculaires-severes-200-ml,"New Era Parapharmacie",has_dot
119523,105.62,"105.62 DH","Eau micellaire démaquillante 250ml Hydrabio H2O Bioderma",eau-micellaire-demaquillante-250ml-hydrabio-h2o-bioderma,"Para La Gloire",has_dot
120394,105.78,"105.78 DH","Goupillon Pour Biberons Et Tetines Bleu Avent",goupillon-pour-biberons-et-tetines-bleu-avent,"New Era Parapharmacie",has_dot
144126,105.78,"105.78 DH","Philips AVENT SCF813/61 biberon 260 ml Polypropylène (PP) Transparent",philips-avent-scf813-61-biberon-260-ml-polypropylene-pp-transparent,"New Era Parapharmacie",has_dot
119381,106.15,"106.15 DH","Bioderma Créaline H2O AR 250 ml",bioderma-crealine-h2o-ar-250-ml,"UNIVERS PARADISCOUNT Maroc",has_dot
119422,106.25,"106.25 DH","Solution Micellaire Demaquillante Hydratante Aqua Peaux Sensibles 250ml Sensylia Isispharma",solution-micellaire-demaquillante-hydratante-aqua-peaux-sensibles-250ml-sensylia-isispharma,"New Era Parapharmacie",has_dot
120001,106.25,"106.25 DH","Nuxe Rêve De Miel Stick Lèvres OFFRE SPECIALE 2x 4g",nuxe-reve-de-miel-stick-levres-offre-speciale-2x-4g,"GoPara Maroc",has_dot
120465,106.25,"106.25 DH","Dodie Sensation+ Biberon Tétine Plate Débit 3 Mer +6 Mois 330ml",dodie-sensation-biberon-tetine-plate-debit-3-mer-6-mois-330ml,"New Era Parapharmacie",has_dot
119712,106.4,"106.40 DH","24h Toucher Sec 50ml Déodorant Roll-on Peaux Sensibles Vichy",24h-toucher-sec-50ml-deodorant-roll-on-peaux-sensibles-vichy,"New Era Parapharmacie",has_dot
119722,106.4,"106.40 DH","Deodorant 48h 50ml Minéral Roll-on Peaux Sensibles Vichy",deodorant-48h-50ml-mineral-roll-on-peaux-sensibles-vichy,"New Era Parapharmacie",has_dot
119736,106.4,"106.40 DH","Anti Transpirant Crème 7 Jours 30ml Déodorant Vichy",anti-transpirant-creme-7-jours-30ml-deodorant-vichy,"New Era Parapharmacie",has_dot
119812,106.4,"106.40 DH","Vichy Deodorant 48h 48h 50 ml",vichy-deodorant-48h-48h-50-ml,"New Era Parapharmacie",has_dot
119826,106.4,"106.40 DH","Anti-transpirant Anti-traces 50ml Déodorant Roll-on Vichy",anti-transpirant-anti-traces-50ml-deodorant-roll-on-vichy,"New Era Parapharmacie",has_dot
119832,106.4,"106.40 DH","Vichy Déodorant Déo Beauté Anti-Transpirant 48H Roll On 50ml",vichy-deodorant-deo-beaute-anti-transpirant-48h-roll-on-50ml,"New Era Parapharmacie",has_dot
120395,106.43,"106.43 DH","Goupillon Pour Biberons Et Tetines Bleu Avent",goupillon-pour-biberons-et-tetines-bleu-avent,"UNIVERS PARADISCOUNT Maroc",has_dot
121158,106.43,"106.43 DH","Hei Poa Monoi Collection Moringa 100 ml",hei-poa-monoi-collection-moringa-100-ml,"UNIVERS PARADISCOUNT Maroc",has_dot
144127,106.43,"106.43 DH","Philips AVENT SCF813/61 biberon 260 ml Polypropylène (PP) Transparent",philips-avent-scf813-61-biberon-260-ml-polypropylene-pp-transparent,"UNIVERS PARADISCOUNT Maroc",has_dot
121162,106.6,"106.60 DH","Cica - Crème Réparatrice 50ml Dermalibour+ Peaux Irritées A-Derma",cica-creme-reparatrice-50ml-dermalibour-peaux-irritees-a-derma,"AtelierPara Maroc",has_dot
119938,106.79,"106.79 DH","Bioderma Atoderm Intensive Gel Moussant 200 ml",bioderma-atoderm-intensive-gel-moussant-200-ml,"GoPara Maroc",has_dot
119723,106.88,"106.88 DH","Deodorant 48h 50ml Minéral Roll-on Peaux Sensibles Vichy",deodorant-48h-50ml-mineral-roll-on-peaux-sensibles-vichy,"AtelierPara Maroc",has_dot
119737,106.88,"106.88 DH","Anti Transpirant Crème 7 Jours 30ml Déodorant Vichy",anti-transpirant-creme-7-jours-30ml-deodorant-vichy,"AtelierPara Maroc",has_dot
119790,106.88,"106.88 DH","Anti Transpirant Efficace 48h 50ml Déodorant Peaux Sensibles Vichy",anti-transpirant-efficace-48h-50ml-deodorant-peaux-sensibles-vichy,"AtelierPara Maroc",has_dot
119813,106.88,"106.88 DH","Vichy Deodorant 48h 48h 50 ml",vichy-deodorant-48h-48h-50-ml,"AtelierPara Maroc",has_dot
119827,106.88,"106.88 DH","Anti-transpirant Anti-traces 50ml Déodorant Roll-on Vichy",anti-transpirant-anti-traces-50ml-deodorant-roll-on-vichy,"AtelierPara Maroc",has_dot
119833,106.88,"106.88 DH","Vichy Déodorant Déo Beauté Anti-Transpirant 48H Roll On 50ml",vichy-deodorant-deo-beaute-anti-transpirant-48h-roll-on-50ml,"AtelierPara Maroc",has_dot
119359,107.25,"107.25 DH","Prodigieux Huile De Douche 200ml Nuxe",prodigieux-huile-de-douche-200ml-nuxe,"AtelierPara Maroc",has_dot
120623,107.25,"107.25 DH","Eau Parfumee Petit Brin 50ml Bébé Klorane",eau-parfumee-petit-brin-50ml-bebe-klorane,"AtelierPara Maroc",has_dot
119698,107.53,"107.53 DH","Détranspirant anti-odeur transpiration excessive 50ml Vichy",detranspirant-anti-odeur-transpiration-excessive-50ml-vichy,"UNIVERS PARADISCOUNT Maroc",has_dot
119803,107.53,"107.53 DH","Anti Transpirant 125ml Déodorant Spray Vichy",anti-transpirant-125ml-deodorant-spray-vichy,"UNIVERS PARADISCOUNT Maroc",has_dot
119524,107.58,"107.58 DH","Eau micellaire démaquillante 250ml Hydrabio H2O Bioderma",eau-micellaire-demaquillante-250ml-hydrabio-h2o-bioderma,"AtelierPara Maroc",has_dot
121525,107.64,"107.64 DH","Masque Purifiant Peel-Off 50ml Hyseac Uriage",masque-purifiant-peel-off-50ml-hyseac-uriage,"GoPara Maroc",has_dot
121742,107.74,"107.74 DH","Soin Apaisant Contour des Yeux 15ml Xemose Uriage",soin-apaisant-contour-des-yeux-15ml-xemose-uriage,"Para La Gloire",has_dot
119531,107.91,"107.91 DH","DERMEDIC HYDRAIN 3 EAU MICELLAIRE 200 ML",dermedic-hydrain-3-eau-micellaire-200-ml,"AtelierPara Maroc",has_dot
144141,107.91,"107.91 DH","Philips AVENT SCF810/61 biberon 125 ml Polypropylène (PP) Transparent",philips-avent-scf810-61-biberon-125-ml-polypropylene-pp-transparent,"AtelierPara Maroc",has_dot
121526,107.95,"107.95 DH","Masque Purifiant Peel-Off 50ml Hyseac Uriage",masque-purifiant-peel-off-50ml-hyseac-uriage,"New Era Parapharmacie",has_dot
121549,107.95,"107.95 DH","Pate Sos 15ml Hyseac Uriage",pate-sos-15ml-hyseac-uriage,"New Era Parapharmacie",has_dot
121506,108.24,"108.24 DH","Hydra Creme Legere Peaux Normales A Seches 40ml Ictyane Ducray",hydra-creme-legere-peaux-normales-a-seches-40ml-ictyane-ducray,"AtelierPara Maroc",has_dot
120817,108.29,"108.29 DH","Shampooing Nutrition 400ml Mangue Cheveux Secs Klorane",shampooing-nutrition-400ml-mangue-cheveux-secs-klorane,"GoPara Maroc",has_dot
120872,108.29,"108.29 DH","Shampooing Edelweiss Bio 400ml Quinine Cheveux Fatigués Klorane",shampooing-edelweiss-bio-400ml-quinine-cheveux-fatigues-klorane,"GoPara Maroc",has_dot
119470,108.5,"108.50 DH","Dermo-nettoyant Peaux Reactives 200ml Sensifine Svr",dermo-nettoyant-peaux-reactives-200ml-sensifine-svr,"GoPara Maroc",has_dot
119815,108.55,"108.55 DH","Vichy Deodorant 48h 48h 50 ml",vichy-deodorant-48h-48h-50-ml,COTEPARA,has_dot
119836,108.55,"108.55 DH","Vichy Déodorant Déo Beauté Anti-Transpirant 48H Roll On 50ml",vichy-deodorant-deo-beaute-anti-transpirant-48h-roll-on-50ml,COTEPARA,has_dot
119525,108.79,"108.79 DH","Eau micellaire démaquillante 250ml Hydrabio H2O Bioderma",eau-micellaire-demaquillante-250ml-hydrabio-h2o-bioderma,"Azana Maroc",has_dot
119039,108.8,"108.80 DH","Apres-shampooing Edelweiss Bio 200ml Quinine Cheveux fatigués Klorane",apres-shampooing-edelweiss-bio-200ml-quinine-cheveux-fatigues-klorane,"New Era Parapharmacie",has_dot
119058,108.8,"108.80 DH","Klorane Camomille 200 ml",klorane-camomille-200-ml,"New Era Parapharmacie",has_dot
120873,108.8,"108.80 DH","Shampooing Edelweiss Bio 400ml Quinine Cheveux Fatigués Klorane",shampooing-edelweiss-bio-400ml-quinine-cheveux-fatigues-klorane,"New Era Parapharmacie",has_dot
120567,108.9,"108.90 DH","Eau De Soin Parfumee Peaux Normales Musti 50ml Mustela",eau-de-soin-parfumee-peaux-normales-musti-50ml-mustela,"AtelierPara Maroc",has_dot
122194,108.9,"108.90 DH","Crème hydratante visage 40ml Sebium Peaux tendances acnéiques Bioderma",creme-hydratante-visage-40ml-sebium-peaux-tendances-acneiques-bioderma,"UNIVERS PARADISCOUNT Maroc",has_dot
120933,109.12,"109.12 DH","ALPHACTIF SHAMPOOING CHEVEUX DEVITALISES 200ml Item Dermatologie",alphactif-shampooing-cheveux-devitalises-200ml-item-dermatologie,"New Era Parapharmacie",has_dot
127543,109.2,"109.20 DH","ADATA DashDrive UV128 32GB lecteur USB flash 32 Go USB Type-A 3.2 Gen 1 (3.1 Gen 1) Noir, Bleu",adata-dash-drive-uv128-32gb-lecteur-usb-flash-32-go-usb-type-a-3-2-gen-1-3-1-gen-1-noir-bleu,"NGT Maroc",has_dot
130304,109.2,"109.20 DH","HP Color LaserJet C4192A Cyan Original Toner Cartridge Cartouche de toner",hp-color-laser-jet-c4192a-cyan-original-toner-cartridge-cartouche-de-toner,Technoplace,has_dot
119417,109.25,"109.25 DH","SO BIO PRÉCIEUX ARGAN EAU MICELLAIRE ANTI-ÂGE 500ML",so-bio-precieux-argan-eau-micellaire-anti-age-500ml,"New Era Parapharmacie",has_dot
120400,109.45,"109.45 DH","1er Change 100ml Bébé Uriage",1er-change-100ml-bebe-uriage,"UNIVERS PARADISCOUNT Maroc",has_dot
119473,109.47,"109.47 DH","Dermo-nettoyant Peaux Reactives 200ml Sensifine Svr",dermo-nettoyant-peaux-reactives-200ml-sensifine-svr,"AtelierPara Maroc",has_dot
119382,109.65,"109.65 DH","Bioderma Créaline H2O AR 250 ml",bioderma-crealine-h2o-ar-250-ml,"New Era Parapharmacie",has_dot
119444,109.65,"109.65 DH","Nuxe Cleansers and Make-up Removers 200 ml",nuxe-cleansers-and-make-up-removers-200-ml,"GoPara Maroc",has_dot
112235,109.92,"109.92 DH","Epson Ruban noir LQ-690 (10 millions de caractères)",epson-ruban-noir-lq-690-10-millions-de-caracteres,Technoplace,has_dot
127714,109.92,"109.92 DH","Sandisk Ultra Dual Drive lecteur USB flash 32 Go USB Type-A / 3.2 Gen 1 (3.1 Gen 1) Noir, Argent",sandisk-ultra-dual-drive-lecteur-usb-flash-32-go-usb-type-a-3-2-gen-1-3-1-gen-1-noir-argent,Technoplace,has_dot
119804,110.2,"110.20 DH","Anti Transpirant 125ml Déodorant Spray Vichy",anti-transpirant-125ml-deodorant-spray-vichy,"New Era Parapharmacie",has_dot
120696,110.31,"110.31 DH","Mousse A Raser Anti-irritations Vitamine C 200ml Homme Peaux Sensibles Vichy",mousse-a-raser-anti-irritations-vitamine-c-200ml-homme-peaux-sensibles-vichy,"GoPara Maroc",has_dot
120401,110.39,"110.39 DH","1er Change 100ml Bébé Uriage",1er-change-100ml-bebe-uriage,"New Era Parapharmacie",has_dot
119795,110.5,"110.50 DH","Deodorant Protection 24h Roll-on 50ml Men Nuxe",deodorant-protection-24h-roll-on-50ml-men-nuxe,"New Era Parapharmacie",has_dot
120525,110.55,"110.55 DH","Dodie Biberon Anti-Colique Verre Tétine Plate Débit 1 London 150ml",dodie-biberon-anti-colique-verre-tetine-plate-debit-1-london-150ml,"UNIVERS PARADISCOUNT Maroc",has_dot
121508,110.6,"110.60 DH","Hydra Creme Legere Peaux Normales A Seches 40ml Ictyane Ducray",hydra-creme-legere-peaux-normales-a-seches-40ml-ictyane-ducray,"Para La Gloire",has_dot
119219,110.88,"110.88 DH","3 Chênes Color & Soin Coloration Permanente 7G - Blond Doré 60ml",3-chenes-color-soin-coloration-permanente-7g-blond-dore-60ml,"New Era Parapharmacie",has_dot
119234,110.88,"110.88 DH","3 Chênes Color & Soin Coloration Permanente 4A - Marron Glacé 60ml",3-chenes-color-soin-coloration-permanente-4a-marron-glace-60ml,"New Era Parapharmacie",has_dot
119240,110.88,"110.88 DH","3 Chênes Color & Soin Coloration Permanente Châtain Brownie 4B",3-chenes-color-soin-coloration-permanente-chatain-brownie-4b,"New Era Parapharmacie",has_dot
119244,110.88,"110.88 DH","3 Chênes Color & Soin Coloration Permanente 6N - Blond Foncé 60ml",3-chenes-color-soin-coloration-permanente-6n-blond-fonce-60ml,"New Era Parapharmacie",has_dot
119249,110.88,"110.88 DH","3 Chênes Color & Soin Coloration Permanente 8A - Blond Cendré 60ml",3-chenes-color-soin-coloration-permanente-8a-blond-cendre-60ml,"New Era Parapharmacie",has_dot
119252,110.88,"110.88 DH","3 Chênes Color & Soin Coloration Permanente 10A - Blond Clair Cendré 60ml",3-chenes-color-soin-coloration-permanente-10a-blond-clair-cendre-60ml,"New Era Parapharmacie",has_dot
119254,110.88,"110.88 DH","Les 3 Chênes Color & Soin Coloration Femme - Coloration : Blond Clair Doré : 8G",les-3-chenes-color-soin-coloration-femme-coloration-blond-clair-dore-8g,"New Era Parapharmacie",has_dot
119256,110.88,"110.88 DH","3 Chênes Color & Soin Coloration Permanente 7N - Blond Noisette 60ml",3-chenes-color-soin-coloration-permanente-7n-blond-noisette-60ml,"New Era Parapharmacie",has_dot
119259,110.88,"110.88 DH","3 Chênes Color & Soin Coloration Permanente 11A - Blond Sable Cendré 60ml",3-chenes-color-soin-coloration-permanente-11a-blond-sable-cendre-60ml,"New Era Parapharmacie",has_dot
119265,110.88,"110.88 DH","3 Chênes Color & Soin Coloration Permanente 4M - Châtain Acajou 60ml",3-chenes-color-soin-coloration-permanente-4m-chatain-acajou-60ml,"New Era Parapharmacie",has_dot
119267,110.88,"110.88 DH","3 Chênes Color & Soin Coloration Permanente Châtain Clair 5GM",3-chenes-color-soin-coloration-permanente-chatain-clair-5gm,"New Era Parapharmacie",has_dot
119271,110.88,"110.88 DH","3 Chênes Color & Soin Coloration Permanente 5N - Châtain Clair 60ml",3-chenes-color-soin-coloration-permanente-5n-chatain-clair-60ml,"New Era Parapharmacie",has_dot
119275,110.88,"110.88 DH","3 Chênes Color & Soin Coloration Permanente 5G - Châtain Clair Doré 60ml",3-chenes-color-soin-coloration-permanente-5g-chatain-clair-dore-60ml,"New Era Parapharmacie",has_dot
119279,110.88,"110.88 DH","3 Chênes Color & Soin Coloration Permanente 5M - Châtain Clair Acajou 60ml",3-chenes-color-soin-coloration-permanente-5m-chatain-clair-acajou-60ml,"New Era Parapharmacie",has_dot
119281,110.88,"110.88 DH","3 Chênes Color & Soin Coloration Permanente Marron Cacao 6B",3-chenes-color-soin-coloration-permanente-marron-cacao-6b,"New Era Parapharmacie",has_dot
119286,110.88,"110.88 DH","3 Chênes Color & Soin Coloration Permanente 5B - Marron Chocolat 60ml",3-chenes-color-soin-coloration-permanente-5b-marron-chocolat-60ml,"New Era Parapharmacie",has_dot
119290,110.88,"110.88 DH","3 Chênes Color & Soin Coloration Permanente 1N - Noir Ébène 60ml",3-chenes-color-soin-coloration-permanente-1n-noir-ebene-60ml,"New Era Parapharmacie",has_dot
119293,110.88,"110.88 DH","3 Chênes Color & Soin Coloration Permanente 8N - Blond Blé 60ml",3-chenes-color-soin-coloration-permanente-8n-blond-ble-60ml,"New Era Parapharmacie",has_dot
119296,110.88,"110.88 DH","3 Chênes Color & Soin Coloration Permanente 3N - Châtain Foncé 60ml",3-chenes-color-soin-coloration-permanente-3n-chatain-fonce-60ml,"New Era Parapharmacie",has_dot
119301,110.88,"110.88 DH","3 Chênes Color & Soin Coloration Permanente 9R - Rouge Feu 60ml",3-chenes-color-soin-coloration-permanente-9r-rouge-feu-60ml,"New Era Parapharmacie",has_dot
119304,110.88,"110.88 DH","3 Chênes Color & Soin Coloration Permanente 4N - Châtain Naturel 60ml",3-chenes-color-soin-coloration-permanente-4n-chatain-naturel-60ml,"New Era Parapharmacie",has_dot
119464,110.88,"110.88 DH","Lotion micellaire 250ml Sensitelial Acm",lotion-micellaire-250ml-sensitelial-acm,"UNIVERS PARADISCOUNT Maroc",has_dot
120530,111.01,"111.01 DH","Dodie Initiation+ Biberon Anti-Colique Tétine Ronde 3 Vitesses Débit 2 Bleu Cosmonaute 0-6 Mois 270ml",dodie-initiation-biberon-anti-colique-tetine-ronde-3-vitesses-debit-2-bleu-cosmonaute-0-6-mois-270ml,COTEPARA,has_dot
121134,111.08,"111.08 DH","Lait Hydratant Visage Et Corps Peaux Seches A Tres Seches 236ml Body Cerave",lait-hydratant-visage-et-corps-peaux-seches-a-tres-seches-236ml-body-cerave,"AtelierPara Maroc",has_dot
119340,111.15,"111.15 DH","Deodorant Bille 48h Anti-traces 50ml Vichy",deodorant-bille-48h-anti-traces-50ml-vichy,"New Era Parapharmacie",has_dot
119820,111.15,"111.15 DH","Déodorant Anti transpirant 72h 50ml Homme Vichy",deodorant-anti-transpirant-72h-50ml-homme-vichy,"New Era Parapharmacie",has_dot
119480,111.21,"111.21 DH","Eau Micellaire Ar 200 ml Sensifine Svr",eau-micellaire-ar-200-ml-sensifine-svr,"Para La Gloire",has_dot
120926,111.35,"111.35 DH","Shampooing Anti Pelliculaire Sensitive Cuir Chevelu Sensible 200ml Dercos Vichy",shampooing-anti-pelliculaire-sensitive-cuir-chevelu-sensible-200ml-dercos-vichy,"GoPara Maroc",has_dot
120996,111.35,"111.35 DH","Shampooing Ultra Apaisant Cheveux Normaux A Gras 200ml Dercos Vichy",shampooing-ultra-apaisant-cheveux-normaux-a-gras-200ml-dercos-vichy,"GoPara Maroc",has_dot
121002,111.35,"111.35 DH","Shampooing Ultra Apaisant Cheveux Secs 200ml Dercos Vichy",shampooing-ultra-apaisant-cheveux-secs-200ml-dercos-vichy,"GoPara Maroc",has_dot
119751,111.38,"111.38 DH","SVR Spirial Extreme Détranspirant 20ml",svr-spirial-extreme-detranspirant-20ml,"UNIVERS PARADISCOUNT Maroc",has_dot
119796,111.38,"111.38 DH","Deodorant Protection 24h Roll-on 50ml Men Nuxe",deodorant-protection-24h-roll-on-50ml-men-nuxe,"UNIVERS PARADISCOUNT Maroc",has_dot
122261,111.54,"111.54 DH","Baume Protecteur Levres Abimees 15ml Bariederm Cica Uriage",baume-protecteur-levres-abimees-15ml-bariederm-cica-uriage,"AtelierPara Maroc",has_dot
120915,111.86,"111.86 DH","Shampooing Traitant Antipelliculaire Pellicules Grasses 200ml Squanorm Ducray",shampooing-traitant-antipelliculaire-pellicules-grasses-200ml-squanorm-ducray,"GoPara Maroc",has_dot
119450,111.94,"111.94 DH","Gelee Micellaire Yeux Palpebral By Demaquillant Paupieres Sensibles 125ml Topialyse Svr",gelee-micellaire-yeux-palpebral-by-demaquillant-paupieres-sensibles-125ml-topialyse-svr,"UNIVERS PARADISCOUNT Maroc",has_dot
119428,112.1,"112.10 DH","Demaquillant 125ml Toilette Physiologique Yeux et Peaux Sensibles La Roche-Posay",demaquillant-125ml-toilette-physiologique-yeux-et-peaux-sensibles-la-roche-posay,"New Era Parapharmacie",has_dot
119718,112.13,"112.13 DH","Deodorant Hydratant Fraicheur 50ml Rêve de thé Nuxe",deodorant-hydratant-fraicheur-50ml-reve-de-the-nuxe,"AtelierPara Maroc",has_dot
127583,112.19,"112.19 DH","Sandisk Ultra Dual Drive Go lecteur USB flash 64 Go USB Type-A / 3.2 Gen 1 (3.1 Gen 1) Noir",sandisk-ultra-dual-drive-go-lecteur-usb-flash-64-go-usb-type-a-3-2-gen-1-3-1-gen-1-noir,Technoplace,has_dot
120409,112.2,"112.20 DH","Dodie Biberon Anti-Colique a anses Garçon 6m+ 270ml",dodie-biberon-anti-colique-a-anses-garcon-6m-270ml,"UNIVERS PARADISCOUNT Maroc",has_dot
120559,112.2,"112.20 DH","Dodie Peppa Pig Biberon Initiation+ 270 ml Débit 2 0-6 Mois",dodie-peppa-pig-biberon-initiation-270-ml-debit-2-0-6-mois,"UNIVERS PARADISCOUNT Maroc",has_dot
120849,112.2,"112.20 DH","Shampooing Traitant Antipelliculaire Pellicules Seches 200ml Squanorm Ducray",shampooing-traitant-antipelliculaire-pellicules-seches-200ml-squanorm-ducray,"New Era Parapharmacie",has_dot
120916,112.2,"112.20 DH","Shampooing Traitant Antipelliculaire Pellicules Grasses 200ml Squanorm Ducray",shampooing-traitant-antipelliculaire-pellicules-grasses-200ml-squanorm-ducray,"New Era Parapharmacie",has_dot
121706,112.2,"112.20 DH","Brume Apaisante Anti Irritations 300ml Eau Thermale Peaux Sensibles La Roche-Posay",brume-apaisante-anti-irritations-300ml-eau-thermale-peaux-sensibles-la-roche-posay,"GoPara Maroc",has_dot
122195,112.2,"112.20 DH","Crème hydratante visage 40ml Sebium Peaux tendances acnéiques Bioderma",creme-hydratante-visage-40ml-sebium-peaux-tendances-acneiques-bioderma,"New Era Parapharmacie",has_dot
119440,112.95,"112.95 DH","Endocare Hydractive 400 ml",endocare-hydractive-400-ml,"GoPara Maroc",has_dot
120402,112.95,"112.95 DH","1er Change 100ml Bébé Uriage",1er-change-100ml-bebe-uriage,"GoPara Maroc",has_dot
119699,113.05,"113.05 DH","Détranspirant anti-odeur transpiration excessive 50ml Vichy",detranspirant-anti-odeur-transpiration-excessive-50ml-vichy,"New Era Parapharmacie",has_dot
119769,113.05,"113.05 DH","Anti Transpirant Anti Trace 125 ml Déodorant Spray Vichy",anti-transpirant-anti-trace-125-ml-deodorant-spray-vichy,"New Era Parapharmacie",has_dot
121169,113.3,"113.30 DH","Baume Hydratant 75ml Atoderm Visage et Corps Peaux Très Sèches Bioderma",baume-hydratant-75ml-atoderm-visage-et-corps-peaux-tres-seches-bioderma,"UNIVERS PARADISCOUNT Maroc",has_dot
119553,113.31,"113.31 DH","ROCHE POSAY SOLUTION MICELLAIRE 200 ML",roche-posay-solution-micellaire-200-ml,"GoPara Maroc",has_dot
112718,113.33,"113.33 DH","Epson 103 Original Jaune",epson-103-original-jaune,Technoplace,has_dot
127167,113.33,"113.33 DH","SanDisk Extreme mémoire flash 16 Go SDHC UHS-I Classe 10",san-disk-extreme-memoire-flash-16-go-sdhc-uhs-i-classe-10,Technoplace,has_dot
120236,113.4,"113.40 DH","NUK Magic Cup Mini 6m+ Green 160 ml",nuk-magic-cup-mini-6m-green-160-ml,"BebeMaman Maroc",has_dot
119225,113.52,"113.52 DH","Les 3 Chênes Color & Soin Retouche Color Racines Spray 75 ml - Teinte : Châtain Foncé",les-3-chenes-color-soin-retouche-color-racines-spray-75-ml-teinte-chatain-fonce,"New Era Parapharmacie",has_dot
119227,113.52,"113.52 DH","Les 3 Chênes Color & Soin Retouche Color Racines Spray 75 ml - Teinte : Blond Foncé",les-3-chenes-color-soin-retouche-color-racines-spray-75-ml-teinte-blond-fonce,"New Era Parapharmacie",has_dot
119230,113.52,"113.52 DH","Les 3 Chênes Color & Soin Retouche Color Racines Spray 75 ml - Teinte : Châtain Clair",les-3-chenes-color-soin-retouche-color-racines-spray-75-ml-teinte-chatain-clair,"New Era Parapharmacie",has_dot
119308,113.52,"113.52 DH","Les 3 Chênes Color & Soin Retouche Color Racines Spray 75 ml - Teinte : Blond Clair",les-3-chenes-color-soin-retouche-color-racines-spray-75-ml-teinte-blond-clair,"New Era Parapharmacie",has_dot
119309,113.52,"113.52 DH","Les 3 Chênes Color & Soin Retouche Color Racines Spray 75 ml - Teinte : Noir",les-3-chenes-color-soin-retouche-color-racines-spray-75-ml-teinte-noir,"New Era Parapharmacie",has_dot
144524,113.75,"113.75 DH","Creme Reparatrice Apaisante 40ml Epitheliale A.H Ultra A-Derma",creme-reparatrice-apaisante-40ml-epitheliale-a-h-ultra-a-derma,"AtelierPara Maroc",has_dot
121743,114.18,"114.18 DH","Soin Apaisant Contour des Yeux 15ml Xemose Uriage",soin-apaisant-contour-des-yeux-15ml-xemose-uriage,"AtelierPara Maroc",has_dot
144497,114.18,"114.18 DH","Shampooing Doux 200ml D.S Hair Uriage",shampooing-doux-200ml-d-s-hair-uriage,"AtelierPara Maroc",has_dot
110847,114.46,"114.46 DH","NGS GKX-300 clavier USB Noir",ngs-gkx-300-clavier-usb-noir,Technoplace,has_dot
119700,114.56,"114.56 DH","Détranspirant anti-odeur transpiration excessive 50ml Vichy",detranspirant-anti-odeur-transpiration-excessive-50ml-vichy,"AtelierPara Maroc",has_dot
119770,114.56,"114.56 DH","Anti Transpirant Anti Trace 125 ml Déodorant Spray Vichy",anti-transpirant-anti-trace-125-ml-deodorant-spray-vichy,"AtelierPara Maroc",has_dot
119805,114.56,"114.56 DH","Anti Transpirant 125ml Déodorant Spray Vichy",anti-transpirant-125ml-deodorant-spray-vichy,"AtelierPara Maroc",has_dot
109621,114.67,"114.67 DH","HP Kit de conversion DVI-VGA",hp-kit-de-conversion-dvi-vga,Technoplace,has_dot
119797,114.75,"114.75 DH","Deodorant Protection 24h Roll-on 50ml Men Nuxe",deodorant-protection-24h-roll-on-50ml-men-nuxe,"GoPara Maroc",has_dot
119059,114.8,"114.80 DH","Klorane Camomille 200 ml",klorane-camomille-200-ml,"Para La Gloire",has_dot
120322,114.8,"114.80 DH","Avent Natural Biberon 125 ml 0 Mois et + - Couleur : Transparent",avent-natural-biberon-125-ml-0-mois-et-couleur-transparent,"New Era Parapharmacie",has_dot
120294,114.84,"114.84 DH","Bebeconfort Silicone Spoons 4 m+ 2 pcs",bebeconfort-silicone-spoons-4-m-2-pcs,"AtelierPara Maroc",has_dot
120927,115.2,"115.20 DH","Shampooing Anti Pelliculaire Sensitive Cuir Chevelu Sensible 200ml Dercos Vichy",shampooing-anti-pelliculaire-sensitive-cuir-chevelu-sensible-200ml-dercos-vichy,"UNIVERS PARADISCOUNT Maroc",has_dot
120992,115.2,"115.20 DH","Shampooing Anti-pelliculaire Traitant Pellicules et Démangeaisons 200ml Dercos Cheveux secs Vichy",shampooing-anti-pelliculaire-traitant-pellicules-et-demangeaisons-200ml-dercos-cheveux-secs-vichy,"UNIVERS PARADISCOUNT Maroc",has_dot
120997,115.2,"115.20 DH","Shampooing Ultra Apaisant Cheveux Normaux A Gras 200ml Dercos Vichy",shampooing-ultra-apaisant-cheveux-normaux-a-gras-200ml-dercos-vichy,"UNIVERS PARADISCOUNT Maroc",has_dot
121016,115.2,"115.20 DH","Shampoing Traitant Pellicules & Démangeaisons 200ml Dercos Cheveux normaux à gras Vichy",shampoing-traitant-pellicules-demangeaisons-200ml-dercos-cheveux-normaux-a-gras-vichy,"UNIVERS PARADISCOUNT Maroc",has_dot
119481,115.4,"115.40 DH","Eau Micellaire Ar 200 ml Sensifine Svr",eau-micellaire-ar-200-ml-sensifine-svr,"AtelierPara Maroc",has_dot
120410,115.6,"115.60 DH","Dodie Biberon Anti-Colique a anses Garçon 6m+ 270ml",dodie-biberon-anti-colique-a-anses-garcon-6m-270ml,"New Era Parapharmacie",has_dot
120560,115.6,"115.60 DH","Dodie Peppa Pig Biberon Initiation+ 270 ml Débit 2 0-6 Mois",dodie-peppa-pig-biberon-initiation-270-ml-debit-2-0-6-mois,"New Era Parapharmacie",has_dot
143995,116.05,"116.05 DH","Gel Nettoyant Regulateur 150ml D.S Uriage",gel-nettoyant-regulateur-150ml-d-s-uriage,"UNIVERS PARADISCOUNT Maroc",has_dot
144498,116.1,"116.10 DH","Shampooing Energy+ 200ml Dercos stimulant anti-chute à l'Aminexil Vichy",shampooing-energy-200ml-dercos-stimulant-anti-chute-a-l-aminexil-vichy,"UNIVERS PARADISCOUNT Maroc",has_dot
119772,116.35,"116.35 DH","Anti Transpirant Anti Trace 125 ml Déodorant Spray Vichy",anti-transpirant-anti-trace-125-ml-deodorant-spray-vichy,COTEPARA,has_dot
120697,116.8,"116.80 DH","Mousse A Raser Anti-irritations Vitamine C 200ml Homme Peaux Sensibles Vichy",mousse-a-raser-anti-irritations-vitamine-c-200ml-homme-peaux-sensibles-vichy,"UNIVERS PARADISCOUNT Maroc",has_dot
120856,116.86,"116.86 DH","1er Shampooing 200ml Bébé Uriage",1er-shampooing-200ml-bebe-uriage,"Para La Gloire",has_dot
119693,117.03,"117.03 DH","Cryo Pure Roller 75ml Articulations Et Muscles Puressentiel",cryo-pure-roller-75ml-articulations-et-muscles-puressentiel,"New Era Parapharmacie",has_dot
119565,117.15,"117.15 DH","Eau micellaire 250ml Sebium H2O Peaux grasses Bioderma",eau-micellaire-250ml-sebium-h2o-peaux-grasses-bioderma,"UNIVERS PARADISCOUNT Maroc",has_dot
119419,117.3,"117.30 DH","Eau Micellaire Démaquillante 400ml Toilette Physiologique Peaux Sensibles La Roche-Posay",eau-micellaire-demaquillante-400ml-toilette-physiologique-peaux-sensibles-la-roche-posay,"GoPara Maroc",has_dot
120973,117.3,"117.30 DH","Uriage DS HAIR Kerato-Reducing Treatment Shampoo 150 ml",uriage-ds-hair-kerato-reducing-treatment-shampoo-150-ml,"New Era Parapharmacie",has_dot
133202,117.34,"117.34 DH","Epson C13T03V34A cartouche d'encreMagenta",epson-c13t03v34a-cartouche-d-encre-magenta,Technoplace,has_dot
120928,117.77,"117.77 DH","Shampooing Anti Pelliculaire Sensitive Cuir Chevelu Sensible 200ml Dercos Vichy",shampooing-anti-pelliculaire-sensitive-cuir-chevelu-sensible-200ml-dercos-vichy,"Para La Gloire",has_dot
121003,117.77,"117.77 DH","Shampooing Ultra Apaisant Cheveux Secs 200ml Dercos Vichy",shampooing-ultra-apaisant-cheveux-secs-200ml-dercos-vichy,"Para La Gloire",has_dot
121017,117.77,"117.77 DH","Shampoing Traitant Pellicules & Démangeaisons 200ml Dercos Cheveux normaux à gras Vichy",shampoing-traitant-pellicules-demangeaisons-200ml-dercos-cheveux-normaux-a-gras-vichy,"Para La Gloire",has_dot
119328,117.8,"117.80 DH","Roll-on Détranspirant Homme anti-odeur 96h 50ml Déodorant Vichy",roll-on-detranspirant-homme-anti-odeur-96h-50ml-deodorant-vichy,"New Era Parapharmacie",has_dot
127427,117.86,"117.86 DH","ADATA DashDrive UV128 128GB lecteur USB flash 128 Go USB Type-A 3.2 Gen 1 (3.1 Gen 1) Noir, Bleu",adata-dash-drive-uv128-128gb-lecteur-usb-flash-128-go-usb-type-a-3-2-gen-1-3-1-gen-1-noir-bleu,Technoplace,has_dot
120531,117.98,"117.98 DH","Sensation+ Biberon Beige Biche Debit 1 Lent 0-6 Mois 150ml Dodie",sensation-biberon-beige-biche-debit-1-lent-0-6-mois-150ml-dodie,"UNIVERS PARADISCOUNT Maroc",has_dot
120542,117.98,"117.98 DH","Dodie Biberon Verre Sensation+ 150 ml Débit 1 0-6 Mois",dodie-biberon-verre-sensation-150-ml-debit-1-0-6-mois,"UNIVERS PARADISCOUNT Maroc",has_dot
120064,118.15,"118.15 DH","Klorane masque au dattier du desert 150ml",klorane-masque-au-dattier-du-desert-150ml,"New Era Parapharmacie",has_dot
120434,118.15,"118.15 DH","Dodie Biberon Verre Sensation+ Paris Débit 1 150ml",dodie-biberon-verre-sensation-paris-debit-1-150ml,"New Era Parapharmacie",has_dot
120526,118.15,"118.15 DH","Dodie Biberon Anti-Colique Verre Tétine Plate Débit 1 London 150ml",dodie-biberon-anti-colique-verre-tetine-plate-debit-1-london-150ml,"New Era Parapharmacie",has_dot
120532,118.15,"118.15 DH","Sensation+ Biberon Beige Biche Debit 1 Lent 0-6 Mois 150ml Dodie",sensation-biberon-beige-biche-debit-1-lent-0-6-mois-150ml-dodie,"New Era Parapharmacie",has_dot
121171,118.15,"118.15 DH","Spray Rafraichissant Ultra-calmant 100ml Cutalgan A-Derma",spray-rafraichissant-ultra-calmant-100ml-cutalgan-a-derma,"New Era Parapharmacie",has_dot
121723,118.25,"118.25 DH","Soin Yeux Frais Apaisant peaux intolérantes et allergiques 15ml Tolederm Uriage",soin-yeux-frais-apaisant-peaux-intolerantes-et-allergiques-15ml-tolederm-uriage,"UNIVERS PARADISCOUNT Maroc",has_dot
119040,118.28,"118.28 DH","Apres-shampooing Edelweiss Bio 200ml Quinine Cheveux fatigués Klorane",apres-shampooing-edelweiss-bio-200ml-quinine-cheveux-fatigues-klorane,"AtelierPara Maroc",has_dot
120818,118.3,"118.30 DH","Shampooing Nutrition 400ml Mangue Cheveux Secs Klorane",shampooing-nutrition-400ml-mangue-cheveux-secs-klorane,"AtelierPara Maroc",has_dot
120874,118.3,"118.30 DH","Shampooing Edelweiss Bio 400ml Quinine Cheveux Fatigués Klorane",shampooing-edelweiss-bio-400ml-quinine-cheveux-fatigues-klorane,"AtelierPara Maroc",has_dot
119329,118.4,"118.40 DH","Roll-on Détranspirant Homme anti-odeur 96h 50ml Déodorant Vichy",roll-on-detranspirant-homme-anti-odeur-96h-50ml-deodorant-vichy,"AtelierPara Maroc",has_dot
119335,118.4,"118.40 DH","Roll-on Vaporisateur Ultra-frais 100 ml Déodorant Vichy",roll-on-vaporisateur-ultra-frais-100-ml-deodorant-vichy,"AtelierPara Maroc",has_dot
119822,118.4,"118.40 DH","Déodorant Anti transpirant 72h 50ml Homme Vichy",deodorant-anti-transpirant-72h-50ml-homme-vichy,"AtelierPara Maroc",has_dot
133143,118.67,"118.67 DH","Epson C13T03V24A cartouche d'encreCyan",epson-c13t03v24a-cartouche-d-encre-cyan,Technoplace,has_dot
119361,118.8,"118.80 DH","Prodigieux Huile De Douche 200ml Nuxe",prodigieux-huile-de-douche-200ml-nuxe,COTEPARA,has_dot
119752,118.8,"118.80 DH","SVR Spirial Extreme Détranspirant 20ml",svr-spirial-extreme-detranspirant-20ml,"New Era Parapharmacie",has_dot
120403,118.8,"118.80 DH","1er Change 100ml Bébé Uriage",1er-change-100ml-bebe-uriage,"BebeMaman Maroc",has_dot
121024,118.8,"118.80 DH","Shampooing Complement Antichute 200ml Anaphase+ Ducray",shampooing-complement-antichute-200ml-anaphase-ducray,"UNIVERS PARADISCOUNT Maroc",has_dot
121514,118.8,"118.80 DH","Masque Anti Rougeurs 40ml Roseliane Peaux Sensibles Uriage",masque-anti-rougeurs-40ml-roseliane-peaux-sensibles-uriage,"AtelierPara Maroc",has_dot
121515,118.8,"118.80 DH","Masque Anti Rougeurs 40ml Roseliane Peaux Sensibles Uriage",masque-anti-rougeurs-40ml-roseliane-peaux-sensibles-uriage,"UNIVERS PARADISCOUNT Maroc",has_dot
121708,118.8,"118.80 DH","Brume Apaisante Anti Irritations 300ml Eau Thermale Peaux Sensibles La Roche-Posay",brume-apaisante-anti-irritations-300ml-eau-thermale-peaux-sensibles-la-roche-posay,"UNIVERS PARADISCOUNT Maroc",has_dot
124973,118.8,"118.80 DH","Logitech H110 headset (981-000271)",logitech-h110-headset-981-000271,Technoplace,has_dot
127765,118.8,"118.80 DH","ADATA UV250 lecteur USB flash 16 Go USB Type-A 2.0 Argent",adata-uv250-lecteur-usb-flash-16-go-usb-type-a-2-0-argent,"NGT Maroc",has_dot
144133,118.9,"118.90 DH","Philips AVENT SCF816/61 biberon 330 ml Transparent",philips-avent-scf816-61-biberon-330-ml-transparent,"New Era Parapharmacie",has_dot
144526,119.07,"119.07 DH","Creme Reparatrice Apaisante 40ml Epitheliale A.H Ultra A-Derma",creme-reparatrice-apaisante-40ml-epitheliale-a-h-ultra-a-derma,"Para La Gloire",has_dot
121637,119.46,"119.46 DH","Crème hydratante anti-imperfections 30ml Sebium Peau acnéique Bioderma",creme-hydratante-anti-imperfections-30ml-sebium-peau-acneique-bioderma,"AtelierPara Maroc",has_dot
119410,119.63,"119.63 DH","PLACENTOR EAU MICELLAIRE 400 ML",placentor-eau-micellaire-400-ml,"UNIVERS PARADISCOUNT Maroc",has_dot
119414,119.63,"119.63 DH","Jonzac Pure Age 500 ml",jonzac-pure-age-500-ml,"UNIVERS PARADISCOUNT Maroc",has_dot
119421,119.63,"119.63 DH","Jonzac Rehydrate eau micellaire 500 ml",jonzac-rehydrate-eau-micellaire-500-ml,"UNIVERS PARADISCOUNT Maroc",has_dot
119931,119.63,"119.63 DH","Mustela Bébé 200 ml",mustela-bebe-200-ml,"UNIVERS PARADISCOUNT Maroc",has_dot
144134,119.63,"119.63 DH","Philips AVENT SCF816/61 biberon 330 ml Transparent",philips-avent-scf816-61-biberon-330-ml-transparent,"UNIVERS PARADISCOUNT Maroc",has_dot
119451,119.68,"119.68 DH","Gelee Micellaire Yeux Palpebral By Demaquillant Paupieres Sensibles 125ml Topialyse Svr",gelee-micellaire-yeux-palpebral-by-demaquillant-paupieres-sensibles-125ml-topialyse-svr,"New Era Parapharmacie",has_dot
120509,119.7,"119.70 DH","NUK First Choice Mickey Mouse 6m+ Grey 150 ml",nuk-first-choice-mickey-mouse-6m-grey-150-ml,"BebeMaman Maroc",has_dot
119465,119.79,"119.79 DH","Lotion micellaire 250ml Sensitelial Acm",lotion-micellaire-250ml-sensitelial-acm,"AtelierPara Maroc",has_dot
121170,119.85,"119.85 DH","Baume Hydratant 75ml Atoderm Visage et Corps Peaux Très Sèches Bioderma",baume-hydratant-75ml-atoderm-visage-et-corps-peaux-tres-seches-bioderma,"New Era Parapharmacie",has_dot
119554,119.99,"119.99 DH","ROCHE POSAY SOLUTION MICELLAIRE 200 ML",roche-posay-solution-micellaire-200-ml,"UNIVERS PARADISCOUNT Maroc",has_dot
127536,120.13,"120.13 DH","SanDisk Ultra Dual Drive lecteur USB flash 64 Go USB Type-A / USB Type-C 3.2 Gen 1 (3.1 Gen 1) Noir, Argent",san-disk-ultra-dual-drive-lecteur-usb-flash-64-go-usb-type-a-usb-type-c-3-2-gen-1-3-1-gen-1-noir-argent,Technoplace,has_dot
119379,120.65,"120.65 DH","Vichy Pureté Thermale Micellar Water for Combination to Oily Skin eau micellaire",vichy-purete-thermale-micellar-water-for-combination-to-oily-skin-eau-micellaire,"New Era Parapharmacie",has_dot
119504,120.7,"120.70 DH","Lotion Micellaire 250ml Sébionex Acm",lotion-micellaire-250ml-sebionex-acm,"GoPara Maroc",has_dot
119505,120.7,"120.70 DH","Lotion Micellaire 250ml Sébionex Acm",lotion-micellaire-250ml-sebionex-acm,"New Era Parapharmacie",has_dot
119566,120.7,"120.70 DH","Eau micellaire 250ml Sebium H2O Peaux grasses Bioderma",eau-micellaire-250ml-sebium-h2o-peaux-grasses-bioderma,"New Era Parapharmacie",has_dot
121229,120.7,"120.70 DH","Creme Reparatrice Isolante 100ml Cicalfate Mains très sèches et irrités Avène",creme-reparatrice-isolante-100ml-cicalfate-mains-tres-seches-et-irrites-avene,"New Era Parapharmacie",has_dot
119567,120.82,"120.82 DH","Eau micellaire 250ml Sebium H2O Peaux grasses Bioderma",eau-micellaire-250ml-sebium-h2o-peaux-grasses-bioderma,"GoPara Maroc",has_dot
120703,120.82,"120.82 DH","Gel De Rasage Anti-irritations Vitamine C Peaux Sensibles 150ml Homme Vichy",gel-de-rasage-anti-irritations-vitamine-c-peaux-sensibles-150ml-homme-vichy,"GoPara Maroc",has_dot
121188,120.82,"120.82 DH","Crème Protectrice 100ml Cold Cream Uriage",creme-protectrice-100ml-cold-cream-uriage,"GoPara Maroc",has_dot
127520,121.25,"121.25 DH","ADATA AUV130-32G-RGD lecteur USB flash 32 Go USB Type-A 2.0 Or",adata-auv130-32g-rgd-lecteur-usb-flash-32-go-usb-type-a-2-0-or,"Bestmark Maroc",has_dot
144123,121.36,"121.36 DH","Philips AVENT Tasse d’apprentissage 260 ml (12 mois et +)",philips-avent-tasse-d-apprentissage-260-ml-12-mois-et,"New Era Parapharmacie",has_dot
120506,121.5,"121.50 DH","Twistshake Divided Plate Pink 6 m+ 1 pcs",twistshake-divided-plate-pink-6-m-1-pcs,"BebeMaman Maroc",has_dot
120533,121.55,"121.55 DH","Sensation+ Biberon Beige Biche Debit 1 Lent 0-6 Mois 150ml Dodie",sensation-biberon-beige-biche-debit-1-lent-0-6-mois-150ml-dodie,"GoPara Maroc",has_dot
121724,121.99,"121.99 DH","Soin Yeux Frais Apaisant peaux intolérantes et allergiques 15ml Tolederm Uriage",soin-yeux-frais-apaisant-peaux-intolerantes-et-allergiques-15ml-tolederm-uriage,"GoPara Maroc",has_dot
144549,122.1,"122.10 DH","Emulsion Apaisante Regulatrice 40ml D.S Uriage",emulsion-apaisante-regulatrice-40ml-d-s-uriage,"UNIVERS PARADISCOUNT Maroc",has_dot
120344,122.18,"122.18 DH","Sachets De Conservation X25 Pour Le Lait Maternel 180ml Accessoires Avent",sachets-de-conservation-x25-pour-le-lait-maternel-180ml-accessoires-avent,"New Era Parapharmacie",has_dot
121725,122.4,"122.40 DH","Soin Yeux Frais Apaisant peaux intolérantes et allergiques 15ml Tolederm Uriage",soin-yeux-frais-apaisant-peaux-intolerantes-et-allergiques-15ml-tolederm-uriage,"New Era Parapharmacie",has_dot
144499,122.55,"122.55 DH","Shampooing Energy+ 200ml Dercos stimulant anti-chute à l'Aminexil Vichy",shampooing-energy-200ml-dercos-stimulant-anti-chute-a-l-aminexil-vichy,"New Era Parapharmacie",has_dot
144554,122.65,"122.65 DH","Masque D'eau Nuit Peaux Deshydratees 50ml Eau thermale et Hydratation Uriage",masque-d-eau-nuit-peaux-deshydratees-50ml-eau-thermale-et-hydratation-uriage,"UNIVERS PARADISCOUNT Maroc",has_dot
119220,122.86,"122.86 DH","3 Chênes Color & Soin Coloration Permanente 7G - Blond Doré 60ml",3-chenes-color-soin-coloration-permanente-7g-blond-dore-60ml,"AtelierPara Maroc",has_dot
119235,122.86,"122.86 DH","3 Chênes Color & Soin Coloration Permanente 4A - Marron Glacé 60ml",3-chenes-color-soin-coloration-permanente-4a-marron-glace-60ml,"AtelierPara Maroc",has_dot
119241,122.86,"122.86 DH","3 Chênes Color & Soin Coloration Permanente Châtain Brownie 4B",3-chenes-color-soin-coloration-permanente-chatain-brownie-4b,"AtelierPara Maroc",has_dot
119245,122.86,"122.86 DH","3 Chênes Color & Soin Coloration Permanente 6N - Blond Foncé 60ml",3-chenes-color-soin-coloration-permanente-6n-blond-fonce-60ml,"AtelierPara Maroc",has_dot
119272,122.86,"122.86 DH","3 Chênes Color & Soin Coloration Permanente 5N - Châtain Clair 60ml",3-chenes-color-soin-coloration-permanente-5n-chatain-clair-60ml,"AtelierPara Maroc",has_dot
119276,122.86,"122.86 DH","3 Chênes Color & Soin Coloration Permanente 5G - Châtain Clair Doré 60ml",3-chenes-color-soin-coloration-permanente-5g-chatain-clair-dore-60ml,"AtelierPara Maroc",has_dot
119282,122.86,"122.86 DH","3 Chênes Color & Soin Coloration Permanente Marron Cacao 6B",3-chenes-color-soin-coloration-permanente-marron-cacao-6b,"AtelierPara Maroc",has_dot
119287,122.86,"122.86 DH","3 Chênes Color & Soin Coloration Permanente 5B - Marron Chocolat 60ml",3-chenes-color-soin-coloration-permanente-5b-marron-chocolat-60ml,"AtelierPara Maroc",has_dot
119297,122.86,"122.86 DH","3 Chênes Color & Soin Coloration Permanente 3N - Châtain Foncé 60ml",3-chenes-color-soin-coloration-permanente-3n-chatain-fonce-60ml,"AtelierPara Maroc",has_dot
119305,122.86,"122.86 DH","3 Chênes Color & Soin Coloration Permanente 4N - Châtain Naturel 60ml",3-chenes-color-soin-coloration-permanente-4n-chatain-naturel-60ml,"AtelierPara Maroc",has_dot
120998,122.88,"122.88 DH","Shampooing Ultra Apaisant Cheveux Normaux A Gras 200ml Dercos Vichy",shampooing-ultra-apaisant-cheveux-normaux-a-gras-200ml-dercos-vichy,"AtelierPara Maroc",has_dot
120345,122.93,"122.93 DH","Sachets De Conservation X25 Pour Le Lait Maternel 180ml Accessoires Avent",sachets-de-conservation-x25-pour-le-lait-maternel-180ml-accessoires-avent,"UNIVERS PARADISCOUNT Maroc",has_dot
120441,122.93,"122.93 DH","Dodie Initiation+ Biberon Anti-Colique Tétine ronde 3 Vitesses Débit 3 Minnie Fuschia +6 Mois 330ml",dodie-initiation-biberon-anti-colique-tetine-ronde-3-vitesses-debit-3-minnie-fuschia-6-mois-330ml,"UNIVERS PARADISCOUNT Maroc",has_dot
120460,122.93,"122.93 DH","Dodie Peppa Pig Biberon Initiation+ 330 ml Débit 3 6 Mois et +",dodie-peppa-pig-biberon-initiation-330-ml-debit-3-6-mois-et,"UNIVERS PARADISCOUNT Maroc",has_dot
121527,122.95,"122.95 DH","Masque Purifiant Peel-Off 50ml Hyseac Uriage",masque-purifiant-peel-off-50ml-hyseac-uriage,"Para La Gloire",has_dot
119399,123.2,"123.20 DH","Sesderma Sensyses Cleanser Classic 200 ml",sesderma-sensyses-cleanser-classic-200-ml,"New Era Parapharmacie",has_dot
120350,123.2,"123.20 DH","Cica-huile Dermatologique Vergetures Et Marques Bariederm 100ml Bariéderm-Cica Uriage",cica-huile-dermatologique-vergetures-et-marques-bariederm-100ml-bariederm-cica-uriage,"UNIVERS PARADISCOUNT Maroc",has_dot
119411,123.25,"123.25 DH","PLACENTOR EAU MICELLAIRE 400 ML",placentor-eau-micellaire-400-ml,"GoPara Maroc",has_dot
119932,123.25,"123.25 DH","Mustela Bébé 200 ml",mustela-bebe-200-ml,"GoPara Maroc",has_dot
120004,123.25,"123.25 DH","Baume Lèvres à la rose 15g Very rose Nuxe",baume-levres-a-la-rose-15g-very-rose-nuxe,"New Era Parapharmacie",has_dot
143996,123.25,"123.25 DH","Gel Nettoyant Regulateur 150ml D.S Uriage",gel-nettoyant-regulateur-150ml-d-s-uriage,"New Era Parapharmacie",has_dot
143997,123.41,"123.41 DH","Gel Nettoyant Regulateur 150ml D.S Uriage",gel-nettoyant-regulateur-150ml-d-s-uriage,"GoPara Maroc",has_dot
120698,123.5,"123.50 DH","Mousse A Raser Anti-irritations Vitamine C 200ml Homme Peaux Sensibles Vichy",mousse-a-raser-anti-irritations-vitamine-c-200ml-homme-peaux-sensibles-vichy,"New Era Parapharmacie",has_dot
111522,123.6,"123.60 DH","Epson Ruban noir LX-100 (3 millions de caractères)",epson-ruban-noir-lx-100-3-millions-de-caracteres,"NGT Maroc",has_dot
119401,123.75,"123.75 DH","Sesderma Sensyses Cleanser Sebum 200 ml",sesderma-sensyses-cleanser-sebum-200-ml,"UNIVERS PARADISCOUNT Maroc",has_dot
119423,123.75,"123.75 DH","Solution Micellaire Demaquillante Hydratante Aqua Peaux Sensibles 250ml Sensylia Isispharma",solution-micellaire-demaquillante-hydratante-aqua-peaux-sensibles-250ml-sensylia-isispharma,"AtelierPara Maroc",has_dot
120005,123.75,"123.75 DH","Baume Lèvres à la rose 15g Very rose Nuxe",baume-levres-a-la-rose-15g-very-rose-nuxe,"BebeMaman Maroc",has_dot
120006,123.75,"123.75 DH","Baume Lèvres à la rose 15g Very rose Nuxe",baume-levres-a-la-rose-15g-very-rose-nuxe,"UNIVERS PARADISCOUNT Maroc",has_dot
120013,123.75,"123.75 DH","Baume Levres Ultra-nourrissant Levres Dessechees Ou Abimees 15g Reve De Miel Nuxe",baume-levres-ultra-nourrissant-levres-dessechees-ou-abimees-15g-reve-de-miel-nuxe,"UNIVERS PARADISCOUNT Maroc",has_dot
119939,124.08,"124.08 DH","Bioderma Atoderm Intensive Gel Moussant 200 ml",bioderma-atoderm-intensive-gel-moussant-200-ml,"AtelierPara Maroc",has_dot
120859,124.08,"124.08 DH","1er Shampooing 200ml Bébé Uriage",1er-shampooing-200ml-bebe-uriage,"AtelierPara Maroc",has_dot
120917,124.08,"124.08 DH","Shampooing Traitant Antipelliculaire Pellicules Grasses 200ml Squanorm Ducray",shampooing-traitant-antipelliculaire-pellicules-grasses-200ml-squanorm-ducray,"AtelierPara Maroc",has_dot
121030,124.1,"124.10 DH","Shampooing Energisant 200ml Novophane Cheveux ternes et fragilisés Acm",shampooing-energisant-200ml-novophane-cheveux-ternes-et-fragilises-acm,"GoPara Maroc",has_dot
121031,124.1,"124.10 DH","Shampooing Energisant 200ml Novophane Cheveux ternes et fragilisés Acm",shampooing-energisant-200ml-novophane-cheveux-ternes-et-fragilises-acm,"New Era Parapharmacie",has_dot
144500,124.16,"124.16 DH","Shampooing Energy+ 200ml Dercos stimulant anti-chute à l'Aminexil Vichy",shampooing-energy-200ml-dercos-stimulant-anti-chute-a-l-aminexil-vichy,"AtelierPara Maroc",has_dot
120929,124.45,"124.45 DH","Shampooing Anti Pelliculaire Sensitive Cuir Chevelu Sensible 200ml Dercos Vichy",shampooing-anti-pelliculaire-sensitive-cuir-chevelu-sensible-200ml-dercos-vichy,"New Era Parapharmacie",has_dot
120993,124.45,"124.45 DH","Shampooing Anti-pelliculaire Traitant Pellicules et Démangeaisons 200ml Dercos Cheveux secs Vichy",shampooing-anti-pelliculaire-traitant-pellicules-et-demangeaisons-200ml-dercos-cheveux-secs-vichy,"New Era Parapharmacie",has_dot
120999,124.45,"124.45 DH","Shampooing Ultra Apaisant Cheveux Normaux A Gras 200ml Dercos Vichy",shampooing-ultra-apaisant-cheveux-normaux-a-gras-200ml-dercos-vichy,"New Era Parapharmacie",has_dot
121004,124.45,"124.45 DH","Shampooing Ultra Apaisant Cheveux Secs 200ml Dercos Vichy",shampooing-ultra-apaisant-cheveux-secs-200ml-dercos-vichy,"New Era Parapharmacie",has_dot
121018,124.45,"124.45 DH","Shampoing Traitant Pellicules & Démangeaisons 200ml Dercos Cheveux normaux à gras Vichy",shampoing-traitant-pellicules-demangeaisons-200ml-dercos-cheveux-normaux-a-gras-vichy,"New Era Parapharmacie",has_dot
119214,124.74,"124.74 DH","3 Chênes Color & Soin Coloration Permanente 7C - Blond Terre Cuivré 60ml",3-chenes-color-soin-coloration-permanente-7c-blond-terre-cuivre-60ml,"UNIVERS PARADISCOUNT Maroc",has_dot
119236,124.74,"124.74 DH","3 Chênes Color & Soin Coloration Permanente 4A - Marron Glacé 60ml",3-chenes-color-soin-coloration-permanente-4a-marron-glace-60ml,"UNIVERS PARADISCOUNT Maroc",has_dot
119246,124.74,"124.74 DH","3 Chênes Color & Soin Coloration Permanente 6N - Blond Foncé 60ml",3-chenes-color-soin-coloration-permanente-6n-blond-fonce-60ml,"UNIVERS PARADISCOUNT Maroc",has_dot
119250,124.74,"124.74 DH","3 Chênes Color & Soin Coloration Permanente 8A - Blond Cendré 60ml",3-chenes-color-soin-coloration-permanente-8a-blond-cendre-60ml,"UNIVERS PARADISCOUNT Maroc",has_dot
119260,124.74,"124.74 DH","3 Chênes Color & Soin Coloration Permanente 11A - Blond Sable Cendré 60ml",3-chenes-color-soin-coloration-permanente-11a-blond-sable-cendre-60ml,"UNIVERS PARADISCOUNT Maroc",has_dot
119261,124.74,"124.74 DH","3 Chênes Color & Soin Coloration Permanente 2A - Brun Azuré 60ml",3-chenes-color-soin-coloration-permanente-2a-brun-azure-60ml,"UNIVERS PARADISCOUNT Maroc",has_dot
119268,124.74,"124.74 DH","3 Chênes Color & Soin Coloration Permanente Châtain Clair 5GM",3-chenes-color-soin-coloration-permanente-chatain-clair-5gm,"UNIVERS PARADISCOUNT Maroc",has_dot
119383,124.78,"124.78 DH","Bioderma Créaline H2O AR 250 ml",bioderma-crealine-h2o-ar-250-ml,"Para La Gloire",has_dot
120699,124.8,"124.80 DH","Mousse A Raser Anti-irritations Vitamine C 200ml Homme Peaux Sensibles Vichy",mousse-a-raser-anti-irritations-vitamine-c-200ml-homme-peaux-sensibles-vichy,"AtelierPara Maroc",has_dot
121230,124.8,"124.80 DH","Creme Reparatrice Isolante 100ml Cicalfate Mains très sèches et irrités Avène",creme-reparatrice-isolante-100ml-cicalfate-mains-tres-seches-et-irrites-avene,"UNIVERS PARADISCOUNT Maroc",has_dot
120942,124.95,"124.95 DH","Shampooing Ultra Nutritif 200ml Novophane Acm",shampooing-ultra-nutritif-200ml-novophane-acm,"GoPara Maroc",has_dot
120943,124.95,"124.95 DH","Shampooing Ultra Nutritif 200ml Novophane Acm",shampooing-ultra-nutritif-200ml-novophane-acm,"New Era Parapharmacie",has_dot
121042,124.95,"124.95 DH","Shampooing Sebo Regulateur 200ml Novophane Acm",shampooing-sebo-regulateur-200ml-novophane-acm,"GoPara Maroc",has_dot
121043,124.95,"124.95 DH","Shampooing Sebo Regulateur 200ml Novophane Acm",shampooing-sebo-regulateur-200ml-novophane-acm,"New Era Parapharmacie",has_dot
121431,124.95,"124.95 DH","Crème Boutons et points noirs 30ml Keracnyl Glycolic Ducray",creme-boutons-et-points-noirs-30ml-keracnyl-glycolic-ducray,"GoPara Maroc",has_dot
121432,124.95,"124.95 DH","Crème Boutons et points noirs 30ml Keracnyl Glycolic Ducray",creme-boutons-et-points-noirs-30ml-keracnyl-glycolic-ducray,"New Era Parapharmacie",has_dot
143945,125.01,"125.01 DH","Kuora Eau Micellaire à l'Aloe Vera 250ml",kuora-eau-micellaire-a-l-aloe-vera-250ml,COTEPARA,has_dot
119441,125.33,"125.33 DH","Endocare Hydractive 400 ml",endocare-hydractive-400-ml,"New Era Parapharmacie",has_dot
119694,125.4,"125.40 DH","Cryo Pure Roller 75ml Articulations Et Muscles Puressentiel",cryo-pure-roller-75ml-articulations-et-muscles-puressentiel,"UNIVERS PARADISCOUNT Maroc",has_dot
121709,125.4,"125.40 DH","Brume Apaisante Anti Irritations 300ml Eau Thermale Peaux Sensibles La Roche-Posay",brume-apaisante-anti-irritations-300ml-eau-thermale-peaux-sensibles-la-roche-posay,"New Era Parapharmacie",has_dot
127795,125.78,"125.78 DH","Sandisk Cruzer Blade lecteur USB flash 128 Go USB Type-A 2.0 Noir, Rouge",sandisk-cruzer-blade-lecteur-usb-flash-128-go-usb-type-a-2-0-noir-rouge,Technoplace,has_dot
144109,125.8,"125.80 DH","Coussinet D'allaitement Lavable X4 Lansinoh",coussinet-d-allaitement-lavable-x4-lansinoh,"GoPara Maroc",has_dot
144550,125.8,"125.80 DH","Emulsion Apaisante Regulatrice 40ml D.S Uriage",emulsion-apaisante-regulatrice-40ml-d-s-uriage,"New Era Parapharmacie",has_dot
144555,125.8,"125.80 DH","Masque D'eau Nuit Peaux Deshydratees 50ml Eau thermale et Hydratation Uriage",masque-d-eau-nuit-peaux-deshydratees-50ml-eau-thermale-et-hydratation-uriage,"New Era Parapharmacie",has_dot
120930,126.08,"126.08 DH","Shampooing Anti Pelliculaire Sensitive Cuir Chevelu Sensible 200ml Dercos Vichy",shampooing-anti-pelliculaire-sensitive-cuir-chevelu-sensible-200ml-dercos-vichy,"AtelierPara Maroc",has_dot
120994,126.08,"126.08 DH","Shampooing Anti-pelliculaire Traitant Pellicules et Démangeaisons 200ml Dercos Cheveux secs Vichy",shampooing-anti-pelliculaire-traitant-pellicules-et-demangeaisons-200ml-dercos-cheveux-secs-vichy,"AtelierPara Maroc",has_dot
121005,126.08,"126.08 DH","Shampooing Ultra Apaisant Cheveux Secs 200ml Dercos Vichy",shampooing-ultra-apaisant-cheveux-secs-200ml-dercos-vichy,"AtelierPara Maroc",has_dot
121019,126.08,"126.08 DH","Shampoing Traitant Pellicules & Démangeaisons 200ml Dercos Cheveux normaux à gras Vichy",shampoing-traitant-pellicules-demangeaisons-200ml-dercos-cheveux-normaux-a-gras-vichy,"AtelierPara Maroc",has_dot
144556,126.21,"126.21 DH","Masque D'eau Nuit Peaux Deshydratees 50ml Eau thermale et Hydratation Uriage",masque-d-eau-nuit-peaux-deshydratees-50ml-eau-thermale-et-hydratation-uriage,"GoPara Maroc",has_dot
121305,126.3,"126.30 DH","Masque Effaclar 100ml Effaclar La Roche-Posay",masque-effaclar-100ml-effaclar-la-roche-posay,"GoPara Maroc",has_dot
119555,126.35,"126.35 DH","ROCHE POSAY SOLUTION MICELLAIRE 200 ML",roche-posay-solution-micellaire-200-ml,"New Era Parapharmacie",has_dot
120866,126.5,"126.50 DH","Shampooing fortifiant kératine 200ml Forcapil Arkopharma",shampooing-fortifiant-keratine-200ml-forcapil-arkopharma,"UNIVERS PARADISCOUNT Maroc",has_dot
120461,126.65,"126.65 DH","Dodie Peppa Pig Biberon Initiation+ 330 ml Débit 3 6 Mois et +",dodie-peppa-pig-biberon-initiation-330-ml-debit-3-6-mois-et,"New Era Parapharmacie",has_dot
118342,126.67,"126.67 DH","HP Souris filaire X500",hp-souris-filaire-x500,Technoplace,has_dot
119380,126.67,"126.67 DH","Vichy Pureté Thermale Micellar Water for Combination to Oily Skin eau micellaire",vichy-purete-thermale-micellar-water-for-combination-to-oily-skin-eau-micellaire,"Para La Gloire",has_dot
120468,126.72,"126.72 DH","Dodie Sensation+ Biberon Tétine Plate Débit 3 Jardin +6 Mois 330ml",dodie-sensation-biberon-tetine-plate-debit-3-jardin-6-mois-330ml,"UNIVERS PARADISCOUNT Maroc",has_dot
120472,126.72,"126.72 DH","Dodie Initiation+ Biberon Anti-Colique Tétine Ronde 3 Vitesses Débit 3 Rose Danseuse +6 Mois 330ml",dodie-initiation-biberon-anti-colique-tetine-ronde-3-vitesses-debit-3-rose-danseuse-6-mois-330ml,"UNIVERS PARADISCOUNT Maroc",has_dot
120537,126.72,"126.72 DH","Dodie Initiation+ Biberon Anti-Colique Tétine Ronde 3 Vitesses Débit 3 Bleu Pompier +6 Mois 330ml",dodie-initiation-biberon-anti-colique-tetine-ronde-3-vitesses-debit-3-bleu-pompier-6-mois-330ml,"AtelierPara Maroc",has_dot
121710,126.72,"126.72 DH","Brume Apaisante Anti Irritations 300ml Eau Thermale Peaux Sensibles La Roche-Posay",brume-apaisante-anti-irritations-300ml-eau-thermale-peaux-sensibles-la-roche-posay,"AtelierPara Maroc",has_dot
127509,127.2,"127.20 DH","ADATA AUV210-32G-RGD lecteur USB flash 32 Go USB Type-A 2.0 Beige",adata-auv210-32g-rgd-lecteur-usb-flash-32-go-usb-type-a-2-0-beige,"NGT Maroc",has_dot
121718,127.26,"127.26 DH","Brume Apaisante Anti Irritations 150ml Eau Thermale Peaux Sensibles La Roche-Posay",brume-apaisante-anti-irritations-150ml-eau-thermale-peaux-sensibles-la-roche-posay,"UNIVERS PARADISCOUNT Maroc",has_dot
119384,127.38,"127.38 DH","Bioderma Créaline H2O AR 250 ml",bioderma-crealine-h2o-ar-250-ml,"AtelierPara Maroc",has_dot
120921,127.4,"127.40 DH","Shampooing Traitant Antipelliculaire Pellicules Grasses 200ml Squanorm Ducray",shampooing-traitant-antipelliculaire-pellicules-grasses-200ml-squanorm-ducray,"Para La Gloire",has_dot
119396,127.5,"127.50 DH","Nuxe Bio Organic 200 ml",nuxe-bio-organic-200-ml,"GoPara Maroc",has_dot
120007,127.5,"127.50 DH","Baume Lèvres à la rose 15g Very rose Nuxe",baume-levres-a-la-rose-15g-very-rose-nuxe,"GoPara Maroc",has_dot
120351,127.5,"127.50 DH","Cica-huile Dermatologique Vergetures Et Marques Bariederm 100ml Bariéderm-Cica Uriage",cica-huile-dermatologique-vergetures-et-marques-bariederm-100ml-bariederm-cica-uriage,"New Era Parapharmacie",has_dot
121500,127.5,"127.50 DH","Emulsion Matifiante Mat' 40ml Hyseac Uriage",emulsion-matifiante-mat-40ml-hyseac-uriage,"New Era Parapharmacie",has_dot
121944,127.5,"127.50 DH","Creme Apaisante Peaux Irritees Avec Rougeurs Et Squames 40ml Kelual Ds Ducray",creme-apaisante-peaux-irritees-avec-rougeurs-et-squames-40ml-kelual-ds-ducray,"New Era Parapharmacie",has_dot
119226,127.71,"127.71 DH","Les 3 Chênes Color & Soin Retouche Color Racines Spray 75 ml - Teinte : Châtain Foncé",les-3-chenes-color-soin-retouche-color-racines-spray-75-ml-teinte-chatain-fonce,"UNIVERS PARADISCOUNT Maroc",has_dot
119228,127.71,"127.71 DH","Les 3 Chênes Color & Soin Retouche Color Racines Spray 75 ml - Teinte : Blond Foncé",les-3-chenes-color-soin-retouche-color-racines-spray-75-ml-teinte-blond-fonce,"UNIVERS PARADISCOUNT Maroc",has_dot
119231,127.71,"127.71 DH","Les 3 Chênes Color & Soin Retouche Color Racines Spray 75 ml - Teinte : Châtain Clair",les-3-chenes-color-soin-retouche-color-racines-spray-75-ml-teinte-chatain-clair,"UNIVERS PARADISCOUNT Maroc",has_dot
144128,127.71,"127.71 DH","Philips AVENT SCF813/61 biberon 260 ml Polypropylène (PP) Transparent",philips-avent-scf813-61-biberon-260-ml-polypropylene-pp-transparent,"AtelierPara Maroc",has_dot
121501,127.82,"127.82 DH","Emulsion Matifiante Mat' 40ml Hyseac Uriage",emulsion-matifiante-mat-40ml-hyseac-uriage,"GoPara Maroc",has_dot
120396,128.04,"128.04 DH","Goupillon Pour Biberons Et Tetines Bleu Avent",goupillon-pour-biberons-et-tetines-bleu-avent,"AtelierPara Maroc",has_dot
119561,128.15,"128.15 DH","Bioderma Créaline H2O 250ml",bioderma-crealine-h2o-250ml,"UNIVERS PARADISCOUNT Maroc",has_dot
119269,128.5,"128.50 DH","3 Chênes Color & Soin Coloration Permanente Châtain Clair 5GM",3-chenes-color-soin-coloration-permanente-chatain-clair-5gm,"GoPara Maroc",has_dot
119288,128.5,"128.50 DH","3 Chênes Color & Soin Coloration Permanente 5B - Marron Chocolat 60ml",3-chenes-color-soin-coloration-permanente-5b-marron-chocolat-60ml,"GoPara Maroc",has_dot
120387,128.5,"128.50 DH","Weleda Mama 50 ml",weleda-mama-50-ml,"UNIVERS PARADISCOUNT Maroc",has_dot
120959,128.74,"128.74 DH","Uriage DS HAIR Anti-Dandruff Treatment Shampoo 200 ml",uriage-ds-hair-anti-dandruff-treatment-shampoo-200-ml,"Para La Gloire",has_dot
120974,128.74,"128.74 DH","Uriage DS HAIR Kerato-Reducing Treatment Shampoo 150 ml",uriage-ds-hair-kerato-reducing-treatment-shampoo-150-ml,"Para La Gloire",has_dot
119695,129.2,"129.20 DH","Cryo Pure Roller 75ml Articulations Et Muscles Puressentiel",cryo-pure-roller-75ml-articulations-et-muscles-puressentiel,"GoPara Maroc",has_dot
121272,129.2,"129.20 DH","Ducray Neoptide 3x30 ml",ducray-neoptide-3x30-ml,"New Era Parapharmacie",has_dot
121189,129.24,"129.24 DH","Crème Protectrice 100ml Cold Cream Uriage",creme-protectrice-100ml-cold-cream-uriage,"Para La Gloire",has_dot
121179,129.25,"129.25 DH","Avène Cicalfate + 100 ml",avene-cicalfate-100-ml,"UNIVERS PARADISCOUNT Maroc",has_dot
121581,129.25,"129.25 DH","Crème matifiante hydratante 30ml Sebium Peaux mixtes à grasses Bioderma",creme-matifiante-hydratante-30ml-sebium-peaux-mixtes-a-grasses-bioderma,"UNIVERS PARADISCOUNT Maroc",has_dot
119744,129.31,"129.31 DH","SVR Spirial Déodorant Anti-Transpirant Intense 48H Roll-on 50 ml",svr-spirial-deodorant-anti-transpirant-intense-48h-roll-on-50-ml,"Para La Gloire",has_dot
127843,129.6,"129.60 DH","Kingston Technology DataTraveler 64Go USB-C 3.2 Gen 1 70",kingston-technology-data-traveler-64go-usb-c-3-2-gen-1-70,MSLAND,has_dot
119746,129.94,"129.94 DH","SVR Spirial Crème Déodorant Anti-Transpirant Intense 48H 50 ml",svr-spirial-creme-deodorant-anti-transpirant-intense-48h-50-ml,"Para La Gloire",has_dot
120935,130.05,"130.05 DH","Shampooing Anti Pelliculaire 125ml Novophane K Acm",shampooing-anti-pelliculaire-125ml-novophane-k-acm,"New Era Parapharmacie",has_dot
120983,130.05,"130.05 DH","Shampooing Kera Solutions Cheveux Secs 250 ml Dercos Vichy",shampooing-kera-solutions-cheveux-secs-250-ml-dercos-vichy,"GoPara Maroc",has_dot
121009,130.05,"130.05 DH","Densi-solutions Shampooing Epaisseur 250ml Dercos Vichy",densi-solutions-shampooing-epaisseur-250ml-dercos-vichy,"GoPara Maroc",has_dot
121036,130.05,"130.05 DH","Shampooing Anti Pelliculaire 125ml Novophane Ds Acm",shampooing-anti-pelliculaire-125ml-novophane-ds-acm,"New Era Parapharmacie",has_dot
117570,130.32,"130.32 DH","HP Souris filaire 125",hp-souris-filaire-125,Technoplace,has_dot
120867,130.33,"130.33 DH","Shampooing fortifiant kératine 200ml Forcapil Arkopharma",shampooing-fortifiant-keratine-200ml-forcapil-arkopharma,"GoPara Maroc",has_dot
121798,130.35,"130.35 DH","Hei Poa Monoi Suncare 150 ml",hei-poa-monoi-suncare-150-ml,"UNIVERS PARADISCOUNT Maroc",has_dot
144007,130.5,"130.50 DH","Huile 10-en-1 sans rinçage 90ml Absolu Repair Gold L'Oréal Professionnel",huile-10-en-1-sans-rincage-90ml-absolu-repair-gold-l-oreal-professionnel,"UNIVERS PARADISCOUNT Maroc",has_dot
144480,130.5,"130.50 DH","Serie Expert shampooing Lissage Intense 300ml Liss Unlimited L'Oréal Professionnel",serie-expert-shampooing-lissage-intense-300ml-liss-unlimited-l-oreal-professionnel,"UNIVERS PARADISCOUNT Maroc",has_dot
122196,130.68,"130.68 DH","Crème hydratante visage 40ml Sebium Peaux tendances acnéiques Bioderma",creme-hydratante-visage-40ml-sebium-peaux-tendances-acneiques-bioderma,"AtelierPara Maroc",has_dot
111704,130.8,"130.80 DH","Lexmark C500, X500, X502 Waste Toner Bottle Cartouche de toner Original",lexmark-c500-x500-x502-waste-toner-bottle-cartouche-de-toner-original,"NGT Maroc",has_dot
119755,131.05,"131.05 DH","SVR Spirial Extreme Détranspirant 20ml",svr-spirial-extreme-detranspirant-20ml,"Para La Gloire",has_dot
119393,131.1,"131.10 DH","Demaquillant Waterproof Yeux Sensibles 100ml Purete Thermale Vichy",demaquillant-waterproof-yeux-sensibles-100ml-purete-thermale-vichy,"New Era Parapharmacie",has_dot
120822,131.18,"131.18 DH","Shampooing Anti-chute a la keratine 200ml Luxeol",shampooing-anti-chute-a-la-keratine-200ml-luxeol,"UNIVERS PARADISCOUNT Maroc",has_dot
120789,131.33,"131.33 DH","Shampooing-gel Apaisant Kerium Doux Extreme 400 ml Kerium La Roche-Posay",shampooing-gel-apaisant-kerium-doux-extreme-400-ml-kerium-la-roche-posay,"GoPara Maroc",has_dot
120405,131.34,"131.34 DH","1er Change 100ml Bébé Uriage",1er-change-100ml-bebe-uriage,"AtelierPara Maroc",has_dot
144626,131.45,"131.45 DH","Crème D'eau + Acid Hyaluronique 40ml Eau Thermale D'Uriage Tous Types De Peaux Uriage",creme-d-eau-acid-hyaluronique-40ml-eau-thermale-d-uriage-tous-types-de-peaux-uriage,"UNIVERS PARADISCOUNT Maroc",has_dot
127435,131.47,"131.47 DH","SanDisk UFM 128GB USB CRUZER GLIDE 3.0 lecteur USB flash 128 Go USB Type-A 3.2 Gen 1 (3.1 Gen 1) Noir, Rouge",san-disk-ufm-128gb-usb-cruzer-glide-3-0-lecteur-usb-flash-128-go-usb-type-a-3-2-gen-1-3-1-gen-1-noir-rouge,Technoplace,has_dot
119756,131.57,"131.57 DH","SVR Spirial Extreme Détranspirant 20ml",svr-spirial-extreme-detranspirant-20ml,"AtelierPara Maroc",has_dot
122088,131.6,"131.60 DH","Ducray Keracnyl 50 ml",ducray-keracnyl-50-ml,"Para La Gloire",has_dot
119799,131.63,"131.63 DH","Deodorant Protection 24h Roll-on 50ml Men Nuxe",deodorant-protection-24h-roll-on-50ml-men-nuxe,"AtelierPara Maroc",has_dot
119453,132.29,"132.29 DH","Gelee Micellaire Yeux Palpebral By Demaquillant Paupieres Sensibles 125ml Topialyse Svr",gelee-micellaire-yeux-palpebral-by-demaquillant-paupieres-sensibles-125ml-topialyse-svr,"AtelierPara Maroc",has_dot
144474,132.3,"132.30 DH","Absolut Repair Gold Shampooing Restructurant Serie Expert 300ml L'Oréal Professionnel",absolut-repair-gold-shampooing-restructurant-serie-expert-300ml-l-oreal-professionnel,"UNIVERS PARADISCOUNT Maroc",has_dot
121306,132.5,"132.50 DH","Masque Effaclar 100ml Effaclar La Roche-Posay",masque-effaclar-100ml-effaclar-la-roche-posay,"Para La Gloire",has_dot
121085,132.55,"132.55 DH","Stick Fissures Et Crevasses 22g Bariéderm-Cica Peaux Fragilisees Et Irritees Uriage",stick-fissures-et-crevasses-22g-bariederm-cica-peaux-fragilisees-et-irritees-uriage,"UNIVERS PARADISCOUNT Maroc",has_dot
120936,132.6,"132.60 DH","Shampooing Anti Pelliculaire 125ml Novophane K Acm",shampooing-anti-pelliculaire-125ml-novophane-k-acm,"GoPara Maroc",has_dot
122144,133.03,"133.03 DH","Creme Riche Anti Rougeurs 50ml Roseliane Peaux Sensibles Et Seches Uriage",creme-riche-anti-rougeurs-50ml-roseliane-peaux-sensibles-et-seches-uriage,"GoPara Maroc",has_dot
121582,133.08,"133.08 DH","Crème matifiante hydratante 30ml Sebium Peaux mixtes à grasses Bioderma",creme-matifiante-hydratante-30ml-sebium-peaux-mixtes-a-grasses-bioderma,"GoPara Maroc",has_dot
120366,133.2,"133.20 DH","Lansinoh Organic Pre-Birth 50 ml",lansinoh-organic-pre-birth-50-ml,"New Era Parapharmacie",has_dot
128011,133.2,"133.20 DH","HP 903 Cartouche d’encre magenta authentique",hp-903-cartouche-d-encre-magenta-authentique,"NGT Maroc",has_dot
129540,133.2,"133.20 DH","HP 903 cartouche d'encre magenta conçue par",hp-903-cartouche-d-encre-magenta-concue-par,"NGT Maroc",has_dot
129541,133.2,"133.20 DH","HP 903 cartouche d'encre conçue par",hp-903-cartouche-d-encre-concue-par,"NGT Maroc",has_dot
131731,133.2,"133.20 DH","HP 903 Cartouche d’encre cyan authentique",hp-903-cartouche-d-encre-cyan-authentique,"NGT Maroc",has_dot
144110,133.2,"133.20 DH","Coussinet D'allaitement Lavable X4 Lansinoh",coussinet-d-allaitement-lavable-x4-lansinoh,"New Era Parapharmacie",has_dot
128865,133.33,"133.33 DH","Canon GI-490 M Magenta - Bouteille d'encre Canon d'origine (0665C001AB)",canon-gi-490-m-magenta-bouteille-d-encre-canon-d-origine-0665c001ab,Technoplace,has_dot
121583,133.45,"133.45 DH","Crème matifiante hydratante 30ml Sebium Peaux mixtes à grasses Bioderma",creme-matifiante-hydratante-30ml-sebium-peaux-mixtes-a-grasses-bioderma,"New Era Parapharmacie",has_dot
119757,133.6,"133.60 DH","SVR Spirial Extreme Détranspirant 20ml",svr-spirial-extreme-detranspirant-20ml,COTEPARA,has_dot
118201,133.73,"133.73 DH","DELL MS116 souris Ambidextre USB Type-A Optique 1000 DPI (570-AAIR)",dell-ms116-souris-ambidextre-usb-type-a-optique-1000-dpi-570-aair,Technoplace,has_dot
121726,133.98,"133.98 DH","Soin Yeux Frais Apaisant peaux intolérantes et allergiques 15ml Tolederm Uriage",soin-yeux-frais-apaisant-peaux-intolerantes-et-allergiques-15ml-tolederm-uriage,"Para La Gloire",has_dot
119454,134.33,"134.33 DH","Gelee Micellaire Yeux Palpebral By Demaquillant Paupieres Sensibles 125ml Topialyse Svr",gelee-micellaire-yeux-palpebral-by-demaquillant-paupieres-sensibles-125ml-topialyse-svr,COTEPARA,has_dot
114040,134.4,"134.40 DH","Lexmark C734X77G imprimante de développement 25000 pages",lexmark-c734x77g-imprimante-de-developpement-25000-pages,"NGT Maroc",has_dot
119493,134.75,"134.75 DH","Eau micellaire 500ml Sebium H2O Peaux grasses Bioderma",eau-micellaire-500ml-sebium-h2o-peaux-grasses-bioderma,"UNIVERS PARADISCOUNT Maroc",has_dot
119415,134.85,"134.85 DH","Jonzac Pure Age 500 ml",jonzac-pure-age-500-ml,"New Era Parapharmacie",has_dot
118320,134.86,"134.86 DH","HP Souris filaire 1000",hp-souris-filaire-1000,Technoplace,has_dot
120704,134.9,"134.90 DH","Gel De Rasage Anti-irritations Vitamine C Peaux Sensibles 150ml Homme Vichy",gel-de-rasage-anti-irritations-vitamine-c-peaux-sensibles-150ml-homme-vichy,"New Era Parapharmacie",has_dot
117929,135.44,"135.44 DH","Logitech LGT-M185B",logitech-lgt-m185b,Technoplace,has_dot
143998,135.54,"135.54 DH","Gel Nettoyant Regulateur 150ml D.S Uriage",gel-nettoyant-regulateur-150ml-d-s-uriage,"Para La Gloire",has_dot
144627,135.71,"135.71 DH","Crème D'eau + Acid Hyaluronique 40ml Eau Thermale D'Uriage Tous Types De Peaux Uriage",creme-d-eau-acid-hyaluronique-40ml-eau-thermale-d-uriage-tous-types-de-peaux-uriage,"GoPara Maroc",has_dot
120924,135.85,"135.85 DH","Shampooing Redensifiant Neogenic 200ml Dercos Vichy",shampooing-redensifiant-neogenic-200ml-dercos-vichy,"New Era Parapharmacie",has_dot
121328,136.23,"136.23 DH","Bioderma Créaline Mask 75 ml",bioderma-crealine-mask-75-ml,"GoPara Maroc",has_dot
120705,136.32,"136.32 DH","Gel De Rasage Anti-irritations Vitamine C Peaux Sensibles 150ml Homme Vichy",gel-de-rasage-anti-irritations-vitamine-c-peaux-sensibles-150ml-homme-vichy,"AtelierPara Maroc",has_dot
121308,136.35,"136.35 DH","Masque Effaclar 100ml Effaclar La Roche-Posay",masque-effaclar-100ml-effaclar-la-roche-posay,"UNIVERS PARADISCOUNT Maroc",has_dot
120751,136.4,"136.40 DH","Salerm Cosmetics Shampoing Cheveux Traités 300 ml",salerm-cosmetics-shampoing-cheveux-traites-300-ml,"New Era Parapharmacie",has_dot
121088,136.42,"136.42 DH","Stick Fissures Et Crevasses 22g Bariéderm-Cica Peaux Fragilisees Et Irritees Uriage",stick-fissures-et-crevasses-22g-bariederm-cica-peaux-fragilisees-et-irritees-uriage,"GoPara Maroc",has_dot
119747,136.5,"136.50 DH","SVR Spirial Crème Déodorant Anti-Transpirant Intense 48H 50 ml",svr-spirial-creme-deodorant-anti-transpirant-intense-48h-50-ml,"GoPara Maroc",has_dot
144088,136.62,"136.62 DH","Dr Brown's Biberon 270ml Cole large",dr-brown-s-biberon-270ml-cole-large,"AtelierPara Maroc",has_dot
121465,136.69,"136.69 DH","Bi-stick 3ml Hyseac Peaux à imperfections Uriage",bi-stick-3ml-hyseac-peaux-a-imperfections-uriage,"GoPara Maroc",has_dot
121973,136.8,"136.80 DH","Creme Anti Rougeurs Spf30 Peaux Sensibles A Rougeurs 40ml Roseliane Uriage",creme-anti-rougeurs-spf30-peaux-sensibles-a-rougeurs-40ml-roseliane-uriage,"GoPara Maroc",has_dot
121466,136.85,"136.85 DH","Bi-stick 3ml Hyseac Peaux à imperfections Uriage",bi-stick-3ml-hyseac-peaux-a-imperfections-uriage,"New Era Parapharmacie",has_dot
144628,136.85,"136.85 DH","Crème D'eau + Acid Hyaluronique 40ml Eau Thermale D'Uriage Tous Types De Peaux Uriage",creme-d-eau-acid-hyaluronique-40ml-eau-thermale-d-uriage-tous-types-de-peaux-uriage,"New Era Parapharmacie",has_dot
121231,137.28,"137.28 DH","Creme Reparatrice Isolante 100ml Cicalfate Mains très sèches et irrités Avène",creme-reparatrice-isolante-100ml-cicalfate-mains-tres-seches-et-irrites-avene,"AtelierPara Maroc",has_dot
121010,137.7,"137.70 DH","Densi-solutions Shampooing Epaisseur 250ml Dercos Vichy",densi-solutions-shampooing-epaisseur-250ml-dercos-vichy,"UNIVERS PARADISCOUNT Maroc",has_dot
121414,137.7,"137.70 DH","Crème Apaisante Anti Imperfections PP+ 30ml Keracnyl Ducray",creme-apaisante-anti-imperfections-pp-30ml-keracnyl-ducray,"New Era Parapharmacie",has_dot
120452,137.78,"137.78 DH","Biberon Anti Colique En Verre Debit 3 0 A 6 Mois Vert Oiseaux 270ml Dodie",biberon-anti-colique-en-verre-debit-3-0-a-6-mois-vert-oiseaux-270ml-dodie,"UNIVERS PARADISCOUNT Maroc",has_dot
124141,138.46,"138.46 DH","Celly GameBeat Casque Avec fil Arceau Jouer Noir, Rouge",celly-game-beat-casque-avec-fil-arceau-jouer-noir-rouge,Technoplace,has_dot
119741,138.5,"138.50 DH","Vaporisateur-deo Tres Forte Transpiration 100ml Akileine Asepta",vaporisateur-deo-tres-forte-transpiration-100ml-akileine-asepta,"AtelierPara Maroc",has_dot
119935,138.6,"138.60 DH","Mustela Bébé 200 ml",mustela-bebe-200-ml,"AtelierPara Maroc",has_dot
120947,138.6,"138.60 DH","Shampoing anti-squames 150ml Node Cuir chevelu sensible Bioderma",shampoing-anti-squames-150ml-node-cuir-chevelu-sensible-bioderma,"UNIVERS PARADISCOUNT Maroc",has_dot
121033,138.6,"138.60 DH","Shampooing Energisant 200ml Novophane Cheveux ternes et fragilisés Acm",shampooing-energisant-200ml-novophane-cheveux-ternes-et-fragilises-acm,"AtelierPara Maroc",has_dot
121435,138.6,"138.60 DH","Crème Boutons et points noirs 30ml Keracnyl Glycolic Ducray",creme-boutons-et-points-noirs-30ml-keracnyl-glycolic-ducray,"AtelierPara Maroc",has_dot
119494,138.68,"138.68 DH","Eau micellaire 500ml Sebium H2O Peaux grasses Bioderma",eau-micellaire-500ml-sebium-h2o-peaux-grasses-bioderma,"GoPara Maroc",has_dot
120790,139.2,"139.20 DH","Shampooing-gel Apaisant Kerium Doux Extreme 400 ml Kerium La Roche-Posay",shampooing-gel-apaisant-kerium-doux-extreme-400-ml-kerium-la-roche-posay,"UNIVERS PARADISCOUNT Maroc",has_dot
112709,139.39,"139.39 DH","Epson 103 Original Magenta",epson-103-original-magenta,Technoplace,has_dot
112742,139.39,"139.39 DH","Epson 103 Original Bleu",epson-103-original-bleu,Technoplace,has_dot
133230,139.39,"139.39 DH","Epson 103 cartouche d'encreOriginal Noir",epson-103-cartouche-d-encre-original-noir,Technoplace,has_dot
119373,140.25,"140.25 DH","Solution Micellaire 300ml Martiderm",solution-micellaire-300ml-martiderm,"UNIVERS PARADISCOUNT Maroc",has_dot
119407,140.25,"140.25 DH","Eau Micellaire Hydratante 3En1 200ml Very rose Nuxe",eau-micellaire-hydratante-3en1-200ml-very-rose-nuxe,"GoPara Maroc",has_dot
119408,140.25,"140.25 DH","Eau Micellaire Hydratante 3En1 200ml Very rose Nuxe",eau-micellaire-hydratante-3en1-200ml-very-rose-nuxe,"New Era Parapharmacie",has_dot
119497,140.25,"140.25 DH","Eau Micellaire 4-en-1 400ml Isdin",eau-micellaire-4-en-1-400ml-isdin,"UNIVERS PARADISCOUNT Maroc",has_dot
119510,140.25,"140.25 DH","Gel Nettoyant 150ml Hyseac Peaux Grasses à imperfections Uriage",gel-nettoyant-150ml-hyseac-peaux-grasses-a-imperfections-uriage,"New Era Parapharmacie",has_dot
120802,140.25,"140.25 DH","Bio12 Shampoing Réparateur Multiactif 250ml",bio12-shampoing-reparateur-multiactif-250ml,"GoPara Maroc",has_dot
121180,140.25,"140.25 DH","Avène Cicalfate + 100 ml",avene-cicalfate-100-ml,"New Era Parapharmacie",has_dot
133415,140.4,"140.40 DH","Epson Ruban noir EX-800/EX-1000 (5 millions de caractères)",epson-ruban-noir-ex-800-ex-1000-5-millions-de-caracteres,"NGT Maroc",has_dot
119508,140.58,"140.58 DH","Lotion Micellaire 250ml Sébionex Acm",lotion-micellaire-250ml-sebionex-acm,"AtelierPara Maroc",has_dot
119509,140.58,"140.58 DH","Lotion Micellaire 250ml Sébionex Acm",lotion-micellaire-250ml-sebionex-acm,"UNIVERS PARADISCOUNT Maroc",has_dot
119570,140.58,"140.58 DH","Eau micellaire 250ml Sebium H2O Peaux grasses Bioderma",eau-micellaire-250ml-sebium-h2o-peaux-grasses-bioderma,"AtelierPara Maroc",has_dot
119729,140.58,"140.58 DH","Uriage Déodorant Puissance 3 Lot de 2 x 50 ml",uriage-deodorant-puissance-3-lot-de-2-x-50-ml,"UNIVERS PARADISCOUNT Maroc",has_dot
119378,140.6,"140.60 DH","Vichy Pureté Thermale Mineral Micellar Water for Sensitive Skin eau micellaire",vichy-purete-thermale-mineral-micellar-water-for-sensitive-skin-eau-micellaire,"New Era Parapharmacie",has_dot
119511,140.64,"140.64 DH","Gel Nettoyant 150ml Hyseac Peaux Grasses à imperfections Uriage",gel-nettoyant-150ml-hyseac-peaux-grasses-a-imperfections-uriage,"GoPara Maroc",has_dot
120886,141.05,"141.05 DH","Cystiphane Biorga Shampooing États Pelliculaires Modérés 200ml",cystiphane-biorga-shampooing-etats-pelliculaires-moderes-200ml,"AtelierPara Maroc",has_dot
120359,141.1,"141.10 DH","Traitement des croûtes de lait bébé 40ml Abcderm Très Bonne Tolérance Bioderma",traitement-des-croutes-de-lait-bebe-40ml-abcderm-tres-bonne-tolerance-bioderma,"New Era Parapharmacie",has_dot
124918,141.2,"141.20 DH","Samsung EO-EG920B Casque Avec fil Ecouteurs Appels/Musique Noir, Bleu",samsung-eo-eg920b-casque-avec-fil-ecouteurs-appels-musique-noir-bleu,Technoplace,has_dot
119386,141.35,"141.35 DH","Fluide Dermo Nettoyant Peaux Sensibles A Rougeurs 250ml Roseliane Uriage",fluide-dermo-nettoyant-peaux-sensibles-a-rougeurs-250ml-roseliane-uriage,"UNIVERS PARADISCOUNT Maroc",has_dot
121233,141.4,"141.40 DH","Creme Reparatrice Isolante 100ml Cicalfate Mains très sèches et irrités Avène",creme-reparatrice-isolante-100ml-cicalfate-mains-tres-seches-et-irrites-avene,"Para La Gloire",has_dot
120534,141.57,"141.57 DH","Sensation+ Biberon Beige Biche Debit 1 Lent 0-6 Mois 150ml Dodie",sensation-biberon-beige-biche-debit-1-lent-0-6-mois-150ml-dodie,"AtelierPara Maroc",has_dot
132361,141.75,"141.75 DH","Cartouche jet d'encre HP original CB319HE pour HP 178 - Magenta",cartouche-jet-d-encre-hp-original-cb319he-pour-hp-178-magenta,"Bestmark Maroc",has_dot
132414,141.75,"141.75 DH","Cartouche d'encre authentique HP 178 / Jaune",cartouche-d-encre-authentique-hp-178-jaune,"Bestmark Maroc",has_dot
121729,141.9,"141.90 DH","Soin Yeux Frais Apaisant peaux intolérantes et allergiques 15ml Tolederm Uriage",soin-yeux-frais-apaisant-peaux-intolerantes-et-allergiques-15ml-tolederm-uriage,"AtelierPara Maroc",has_dot
120453,141.95,"141.95 DH","Biberon Anti Colique En Verre Debit 3 0 A 6 Mois Vert Oiseaux 270ml Dodie",biberon-anti-colique-en-verre-debit-3-0-a-6-mois-vert-oiseaux-270ml-dodie,"New Era Parapharmacie",has_dot
120543,141.95,"141.95 DH","Biberon En Verre Londres 0 A 6 Mois 270ml Dodie",biberon-en-verre-londres-0-a-6-mois-270ml-dodie,"New Era Parapharmacie",has_dot
120546,141.95,"141.95 DH","Dodie Biberon Verre Sensation+ 270 ml Débit 2 0-6 Mois",dodie-biberon-verre-sensation-270-ml-debit-2-0-6-mois,"New Era Parapharmacie",has_dot
112243,142.1,"142.10 DH","Toner Laser original Canon C-EXV33 / Noir",toner-laser-original-canon-c-exv33-noir,Technoplace,has_dot
112414,142.1,"142.10 DH","Toner Laser Canon C-EXV14 Noir",toner-laser-canon-c-exv14-noir,Technoplace,has_dot
128572,142.1,"142.10 DH","Brother TN6300 Cartouche de toner 1 pièce(s) Original Noir (TN6300)",brother-tn6300-cartouche-de-toner-1-piece-s-original-noir-tn6300,Technoplace,has_dot
128583,142.1,"142.10 DH","Brother TN-2010 Cartouche de toner 1 pièce(s) Original Noir (TN2010)",brother-tn-2010-cartouche-de-toner-1-piece-s-original-noir-tn2010,Technoplace,has_dot
132036,142.1,"142.10 DH","Toner d'origine CANON C-EXV42-N - Noir (C-EXV-42)",toner-d-origine-canon-c-exv42-n-noir-c-exv-42,Technoplace,has_dot
120707,142.21,"142.21 DH","Gel De Rasage Anti-irritations Vitamine C Peaux Sensibles 150ml Homme Vichy",gel-de-rasage-anti-irritations-vitamine-c-peaux-sensibles-150ml-homme-vichy,"UNIVERS PARADISCOUNT Maroc",has_dot
120977,142.45,"142.45 DH","Shampoing doux sans sulfate 200ml Node Tous types de cheveux Bioderma",shampoing-doux-sans-sulfate-200ml-node-tous-types-de-cheveux-bioderma,"UNIVERS PARADISCOUNT Maroc",has_dot
119916,142.5,"142.50 DH","Gel Moussant Visage Et Cou Peaux Normales A Grasses 236ml Cleanse Visage Cerave",gel-moussant-visage-et-cou-peaux-normales-a-grasses-236ml-cleanse-visage-cerave,"New Era Parapharmacie",has_dot
119052,142.8,"142.80 DH","Soin Apres Shampooing Fortifiant 200ml Anaphase+ Ducray",soin-apres-shampooing-fortifiant-200ml-anaphase-ducray,"New Era Parapharmacie",has_dot
119498,142.8,"142.80 DH","Eau Micellaire 4-en-1 400ml Isdin",eau-micellaire-4-en-1-400ml-isdin,"New Era Parapharmacie",has_dot
120948,142.8,"142.80 DH","Shampoing anti-squames 150ml Node Cuir chevelu sensible Bioderma",shampoing-anti-squames-150ml-node-cuir-chevelu-sensible-bioderma,"New Era Parapharmacie",has_dot
121023,142.8,"142.80 DH","Shampooing Complement Antichute 200ml Anaphase+ Ducray",shampooing-complement-antichute-200ml-anaphase-ducray,"New Era Parapharmacie",has_dot
121115,142.8,"142.80 DH","Soin protecteur et apaisant 30ml Trigopax Acm",soin-protecteur-et-apaisant-30ml-trigopax-acm,"GoPara Maroc",has_dot
121116,142.8,"142.80 DH","Soin protecteur et apaisant 30ml Trigopax Acm",soin-protecteur-et-apaisant-30ml-trigopax-acm,"New Era Parapharmacie",has_dot
121415,142.8,"142.80 DH","Crème Apaisante Anti Imperfections PP+ 30ml Keracnyl Ducray",creme-apaisante-anti-imperfections-pp-30ml-keracnyl-ducray,"GoPara Maroc",has_dot
144135,143.06,"143.06 DH","Philips AVENT SCF816/61 biberon 330 ml Transparent",philips-avent-scf816-61-biberon-330-ml-transparent,COTEPARA,has_dot
120887,143.22,"143.22 DH","Cystiphane Biorga Shampooing États Pelliculaires Modérés 200ml",cystiphane-biorga-shampooing-etats-pelliculaires-moderes-200ml,"UNIVERS PARADISCOUNT Maroc",has_dot
121309,143.45,"143.45 DH","Masque Effaclar 100ml Effaclar La Roche-Posay",masque-effaclar-100ml-effaclar-la-roche-posay,"New Era Parapharmacie",has_dot
119413,143.55,"143.55 DH","PLACENTOR EAU MICELLAIRE 400 ML",placentor-eau-micellaire-400-ml,"AtelierPara Maroc",has_dot
119416,143.55,"143.55 DH","Jonzac Pure Age 500 ml",jonzac-pure-age-500-ml,"AtelierPara Maroc",has_dot
121396,143.55,"143.55 DH","Soin Apaisant peaux intolérantes et allergiques 40ml Tolederm Uriage",soin-apaisant-peaux-intolerantes-et-allergiques-40ml-tolederm-uriage,"UNIVERS PARADISCOUNT Maroc",has_dot
121401,143.55,"143.55 DH","Soin Apaisant Riche peaux intolérantes et allergiques 40ml Tolederm Uriage",soin-apaisant-riche-peaux-intolerantes-et-allergiques-40ml-tolederm-uriage,"UNIVERS PARADISCOUNT Maroc",has_dot
121576,143.55,"143.55 DH","Bioderma Créaline Forte 40 ml",bioderma-crealine-forte-40-ml,"UNIVERS PARADISCOUNT Maroc",has_dot
121577,143.65,"143.65 DH","Bioderma Créaline Forte 40 ml",bioderma-crealine-forte-40-ml,"New Era Parapharmacie",has_dot
144000,143.88,"143.88 DH","Gel Nettoyant Regulateur 150ml D.S Uriage",gel-nettoyant-regulateur-150ml-d-s-uriage,"AtelierPara Maroc",has_dot
144001,143.88,"143.88 DH","Gel Nettoyant Regulateur 150ml D.S Uriage",gel-nettoyant-regulateur-150ml-d-s-uriage,COTEPARA,has_dot
127612,143.92,"143.92 DH","SanDisk ULTRA FLAIR lecteur USB flash 128 Go USB Type-A 3.2 Gen 1 (3.1 Gen 1) Noir, Argent",san-disk-ultra-flair-lecteur-usb-flash-128-go-usb-type-a-3-2-gen-1-3-1-gen-1-noir-argent,Technoplace,has_dot
122230,144.38,"144.38 DH","Mascara Noir Fortifiant Anp2+ 7ml Ecrinal",mascara-noir-fortifiant-anp2-7ml-ecrinal,"UNIVERS PARADISCOUNT Maroc",has_dot
122235,144.38,"144.38 DH","Gel Anp2+ Fortifiant Cils Et Sourcils 9ml Ecrinal",gel-anp2-fortifiant-cils-et-sourcils-9ml-ecrinal,"UNIVERS PARADISCOUNT Maroc",has_dot
119430,144.5,"144.50 DH","Démaquillant Intrégal 3en1 300ml Purete Thermale Visage Et Yeux Peaux Sensibles Vichy",demaquillant-intregal-3en1-300ml-purete-thermale-visage-et-yeux-peaux-sensibles-vichy,"GoPara Maroc",has_dot
119499,144.5,"144.50 DH","Eau Micellaire 4-en-1 400ml Isdin",eau-micellaire-4-en-1-400ml-isdin,"GoPara Maroc",has_dot
121712,144.5,"144.50 DH","Uriage Eau Thermale Water Serum 30 ml",uriage-eau-thermale-water-serum-30-ml,"New Era Parapharmacie",has_dot
121974,144.5,"144.50 DH","Creme Anti Rougeurs Spf30 Peaux Sensibles A Rougeurs 40ml Roseliane Uriage",creme-anti-rougeurs-spf30-peaux-sensibles-a-rougeurs-40ml-roseliane-uriage,"New Era Parapharmacie",has_dot
120803,145.2,"145.20 DH","Bio12 Shampoing Réparateur Multiactif 250ml",bio12-shampoing-reparateur-multiactif-250ml,"New Era Parapharmacie",has_dot
121312,145.28,"145.28 DH","Masque Effaclar 100ml Effaclar La Roche-Posay",masque-effaclar-100ml-effaclar-la-roche-posay,"AtelierPara Maroc",has_dot
120869,145.35,"145.35 DH","Shampooing fortifiant kératine 200ml Forcapil Arkopharma",shampooing-fortifiant-keratine-200ml-forcapil-arkopharma,"New Era Parapharmacie",has_dot
120985,145.35,"145.35 DH","Shampooing Kera Solutions Cheveux Secs 250 ml Dercos Vichy",shampooing-kera-solutions-cheveux-secs-250-ml-dercos-vichy,"New Era Parapharmacie",has_dot
121011,145.35,"145.35 DH","Densi-solutions Shampooing Epaisseur 250ml Dercos Vichy",densi-solutions-shampooing-epaisseur-250ml-dercos-vichy,"New Era Parapharmacie",has_dot
122189,145.35,"145.35 DH","Bioderma Créaline AR Cream 40 ml",bioderma-crealine-ar-cream-40-ml,"New Era Parapharmacie",has_dot
120945,145.53,"145.53 DH","Shampooing Ultra Nutritif 200ml Novophane Acm",shampooing-ultra-nutritif-200ml-novophane-acm,"UNIVERS PARADISCOUNT Maroc",has_dot
121045,145.53,"145.53 DH","Shampooing Sebo Regulateur 200ml Novophane Acm",shampooing-sebo-regulateur-200ml-novophane-acm,"AtelierPara Maroc",has_dot
121046,145.53,"145.53 DH","Shampooing Sebo Regulateur 200ml Novophane Acm",shampooing-sebo-regulateur-200ml-novophane-acm,"UNIVERS PARADISCOUNT Maroc",has_dot
119387,145.78,"145.78 DH","Fluide Dermo Nettoyant Peaux Sensibles A Rougeurs 250ml Roseliane Uriage",fluide-dermo-nettoyant-peaux-sensibles-a-rougeurs-250ml-roseliane-uriage,"GoPara Maroc",has_dot
119199,146.08,"146.08 DH","Salerm Cosmetics Biokera Color couleur de cheveux Blond foncé 70 ml",salerm-cosmetics-biokera-color-couleur-de-cheveux-blond-fonce-70-ml,"New Era Parapharmacie",has_dot
119204,146.08,"146.08 DH","Salerm Cosmetics Biokera Color couleur de cheveux Marron 70 ml",salerm-cosmetics-biokera-color-couleur-de-cheveux-marron-70-ml,"New Era Parapharmacie",has_dot
119207,146.08,"146.08 DH","Salerm Cosmetics Biokera Color couleur de cheveux Noir 70 ml",salerm-cosmetics-biokera-color-couleur-de-cheveux-noir-70-ml,"New Era Parapharmacie",has_dot
143907,146.08,"146.08 DH","BIOKERA NATURE COLOR N°5.70 CHATAIN CLAIR MARRON NATURE",biokera-nature-color-ndeg5-70-chatain-clair-marron-nature,"New Era Parapharmacie",has_dot
143910,146.08,"146.08 DH","BIOKERA NATURE COLOR N°6.1 BLOND FONCE CENDRE",biokera-nature-color-ndeg6-1-blond-fonce-cendre,"New Era Parapharmacie",has_dot
119388,146.2,"146.20 DH","Fluide Dermo Nettoyant Peaux Sensibles A Rougeurs 250ml Roseliane Uriage",fluide-dermo-nettoyant-peaux-sensibles-a-rougeurs-250ml-roseliane-uriage,"New Era Parapharmacie",has_dot
122123,146.2,"146.20 DH","Creme Anti Rougeurs Peaux Sensibles A Rougeurs 40ml Roseliane Uriage",creme-anti-rougeurs-peaux-sensibles-a-rougeurs-40ml-roseliane-uriage,"New Era Parapharmacie",has_dot
122127,146.2,"146.20 DH","Emulsion Legere Spf30 Uv Peaux Sensibles Normales A Mixtes 40ml Hydrance Avène",emulsion-legere-spf30-uv-peaux-sensibles-normales-a-mixtes-40ml-hydrance-avene,"New Era Parapharmacie",has_dot
122133,146.2,"146.20 DH","Creme Riche Spf30 Uv Peaux Sensibles Seches A Tres Seches 40ml Hydrance Avène",creme-riche-spf30-uv-peaux-sensibles-seches-a-tres-seches-40ml-hydrance-avene,"New Era Parapharmacie",has_dot
120008,146.25,"146.25 DH","Baume Lèvres à la rose 15g Very rose Nuxe",baume-levres-a-la-rose-15g-very-rose-nuxe,"AtelierPara Maroc",has_dot
120016,146.25,"146.25 DH","Baume Levres Ultra-nourrissant Levres Dessechees Ou Abimees 15g Reve De Miel Nuxe",baume-levres-ultra-nourrissant-levres-dessechees-ou-abimees-15g-reve-de-miel-nuxe,"AtelierPara Maroc",has_dot
144111,146.52,"146.52 DH","Coussinet D'allaitement Lavable X4 Lansinoh",coussinet-d-allaitement-lavable-x4-lansinoh,"UNIVERS PARADISCOUNT Maroc",has_dot
144552,146.52,"146.52 DH","Emulsion Apaisante Regulatrice 40ml D.S Uriage",emulsion-apaisante-regulatrice-40ml-d-s-uriage,"AtelierPara Maroc",has_dot
120367,146.53,"146.53 DH","Lansinoh Organic Pre-Birth 50 ml",lansinoh-organic-pre-birth-50-ml,"UNIVERS PARADISCOUNT Maroc",has_dot
144112,146.53,"146.53 DH","Coussinet D'allaitement Lavable X4 Lansinoh",coussinet-d-allaitement-lavable-x4-lansinoh,"AtelierPara Maroc",has_dot
126354,146.66,"146.66 DH","ADATA AD4U26664G19-SGN Barrette Mémoire 4 Go 1 x 4 Go DDR4 2666 MHz",adata-ad4u26664g19-sgn-barrette-memoire-4-go-1-x-4-go-ddr4-2666-m-hz,Technoplace,has_dot
120332,146.78,"146.78 DH","Philips Avent Learning bottle 150 ml",philips-avent-learning-bottle-150-ml,"New Era Parapharmacie",has_dot
120347,147.02,"147.02 DH","Sachets De Conservation X25 Pour Le Lait Maternel 180ml Accessoires Avent",sachets-de-conservation-x25-pour-le-lait-maternel-180ml-accessoires-avent,COTEPARA,has_dot
120978,147.05,"147.05 DH","Shampoing doux sans sulfate 200ml Node Tous types de cheveux Bioderma",shampoing-doux-sans-sulfate-200ml-node-tous-types-de-cheveux-bioderma,"New Era Parapharmacie",has_dot
144558,147.18,"147.18 DH","Masque D'eau Nuit Peaux Deshydratees 50ml Eau thermale et Hydratation Uriage",masque-d-eau-nuit-peaux-deshydratees-50ml-eau-thermale-et-hydratation-uriage,"AtelierPara Maroc",has_dot
120986,147.2,"147.20 DH","Shampooing Kera Solutions Cheveux Secs 250 ml Dercos Vichy",shampooing-kera-solutions-cheveux-secs-250-ml-dercos-vichy,"AtelierPara Maroc",has_dot
121012,147.2,"147.20 DH","Densi-solutions Shampooing Epaisseur 250ml Dercos Vichy",densi-solutions-shampooing-epaisseur-250ml-dercos-vichy,"AtelierPara Maroc",has_dot
120791,147.25,"147.25 DH","Shampooing-gel Apaisant Kerium Doux Extreme 400 ml Kerium La Roche-Posay",shampooing-gel-apaisant-kerium-doux-extreme-400-ml-kerium-la-roche-posay,"New Era Parapharmacie",has_dot
120348,147.51,"147.51 DH","Sachets De Conservation X25 Pour Le Lait Maternel 180ml Accessoires Avent",sachets-de-conservation-x25-pour-le-lait-maternel-180ml-accessoires-avent,"AtelierPara Maroc",has_dot
121313,147.55,"147.55 DH","Masque Effaclar 100ml Effaclar La Roche-Posay",masque-effaclar-100ml-effaclar-la-roche-posay,COTEPARA,has_dot
120547,147.68,"147.68 DH","Dodie Biberon Verre Sensation+ 270 ml Débit 2 0-6 Mois",dodie-biberon-verre-sensation-270-ml-debit-2-0-6-mois,"UNIVERS PARADISCOUNT Maroc",has_dot
120549,147.68,"147.68 DH","Biberon En Verre Paris 0 A 6 Mois 270ml Dodie",biberon-en-verre-paris-0-a-6-mois-270ml-dodie,"UNIVERS PARADISCOUNT Maroc",has_dot
120353,147.84,"147.84 DH","Cica-huile Dermatologique Vergetures Et Marques Bariederm 100ml Bariéderm-Cica Uriage",cica-huile-dermatologique-vergetures-et-marques-bariederm-100ml-bariederm-cica-uriage,"AtelierPara Maroc",has_dot
121397,147.9,"147.90 DH","Soin Apaisant peaux intolérantes et allergiques 40ml Tolederm Uriage",soin-apaisant-peaux-intolerantes-et-allergiques-40ml-tolederm-uriage,"New Era Parapharmacie",has_dot
121402,147.9,"147.90 DH","Soin Apaisant Riche peaux intolérantes et allergiques 40ml Tolederm Uriage",soin-apaisant-riche-peaux-intolerantes-et-allergiques-40ml-tolederm-uriage,"New Era Parapharmacie",has_dot
121578,148.04,"148.04 DH","Bioderma Créaline Forte 40 ml",bioderma-crealine-forte-40-ml,"GoPara Maroc",has_dot
119696,148.2,"148.20 DH","Cryo Pure Roller 75ml Articulations Et Muscles Puressentiel",cryo-pure-roller-75ml-articulations-et-muscles-puressentiel,"AtelierPara Maroc",has_dot
120792,148.48,"148.48 DH","Shampooing-gel Apaisant Kerium Doux Extreme 400 ml Kerium La Roche-Posay",shampooing-gel-apaisant-kerium-doux-extreme-400-ml-kerium-la-roche-posay,"AtelierPara Maroc",has_dot
119390,148.5,"148.50 DH","Sesderma Sensyses Cleanser Lightening 200 ml",sesderma-sensyses-cleanser-lightening-200-ml,"UNIVERS PARADISCOUNT Maroc",has_dot
119981,148.5,"148.50 DH","Gold Luxury Whitening Dentifrice + Brosse a dents 75ml Curasept",gold-luxury-whitening-dentifrice-brosse-a-dents-75ml-curasept,"UNIVERS PARADISCOUNT Maroc",has_dot
119978,148.51,"148.51 DH","Black Luxury Whitening Dentifrice + Brosse a dents 75ml Curasept",black-luxury-whitening-dentifrice-brosse-a-dents-75ml-curasept,"AtelierPara Maroc",has_dot
119982,148.51,"148.51 DH","Gold Luxury Whitening Dentifrice + Brosse a dents 75ml Curasept",gold-luxury-whitening-dentifrice-brosse-a-dents-75ml-curasept,"AtelierPara Maroc",has_dot
117712,148.64,"148.64 DH","Logitech M190 Full-Size Wireless Mouse (910-005908)",logitech-m190-full-size-wireless-mouse-910-005908,Technoplace,has_dot
121584,148.74,"148.74 DH","Crème matifiante hydratante 30ml Sebium Peaux mixtes à grasses Bioderma",creme-matifiante-hydratante-30ml-sebium-peaux-mixtes-a-grasses-bioderma,"Para La Gloire",has_dot
119398,148.75,"148.75 DH","Eau Micellaire Rituel Visage Yeux Levres 400ml Bleuet Visage Yeux Levres Klorane",eau-micellaire-rituel-visage-yeux-levres-400ml-bleuet-visage-yeux-levres-klorane,"New Era Parapharmacie",has_dot
121382,148.75,"148.75 DH","Avène Cleanance Women 30 ml",avene-cleanance-women-30-ml,"New Era Parapharmacie",has_dot
122231,148.75,"148.75 DH","Mascara Noir Fortifiant Anp2+ 7ml Ecrinal",mascara-noir-fortifiant-anp2-7ml-ecrinal,"GoPara Maroc",has_dot
122232,148.75,"148.75 DH","Mascara Noir Fortifiant Anp2+ 7ml Ecrinal",mascara-noir-fortifiant-anp2-7ml-ecrinal,"New Era Parapharmacie",has_dot
122236,148.75,"148.75 DH","Gel Anp2+ Fortifiant Cils Et Sourcils 9ml Ecrinal",gel-anp2-fortifiant-cils-et-sourcils-9ml-ecrinal,"New Era Parapharmacie",has_dot
120462,149.01,"149.01 DH","Dodie Peppa Pig Biberon Initiation+ 330 ml Débit 3 6 Mois et +",dodie-peppa-pig-biberon-initiation-330-ml-debit-3-6-mois-et,COTEPARA,has_dot
122147,149.05,"149.05 DH","Soin Hydratant Texture Légère 40ml Hydrabio Peaux Sensibles Normales à Mixtes Bioderma",soin-hydratant-texture-legere-40ml-hydrabio-peaux-sensibles-normales-a-mixtes-bioderma,"UNIVERS PARADISCOUNT Maroc",has_dot
119100,149.1,"149.10 DH","Brosse à dents électrique à pile Sonic Sensitive Gum",brosse-a-dents-electrique-a-pile-sonic-sensitive-gum,"UNIVERS PARADISCOUNT Maroc",has_dot
124278,149.16,"149.16 DH","Samsung EO-IC100B Casque Avec fil Ecouteurs Appels/Musique Blanc",samsung-eo-ic100b-casque-avec-fil-ecouteurs-appels-musique-blanc,"Bestmark Maroc",has_dot
124728,149.16,"149.16 DH","Samsung EO-IC100B Casque Ecouteurs Noir",samsung-eo-ic100b-casque-ecouteurs-noir,"Bestmark Maroc",has_dot
121051,149.4,"149.40 DH","La Roche-Posay Lipikar Lait Urea 10% 200 ml",la-roche-posay-lipikar-lait-urea-10-200-ml,"GoPara Maroc",has_dot
121065,149.4,"149.40 DH","Baume Ultra-Reparateur Apaisant B5+ 100ml Cicaplast La Roche-Posay",baume-ultra-reparateur-apaisant-b5-100ml-cicaplast-la-roche-posay,"GoPara Maroc",has_dot
119442,149.49,"149.49 DH","Endocare Hydractive 400 ml",endocare-hydractive-400-ml,"UNIVERS PARADISCOUNT Maroc",has_dot
120870,149.5,"149.50 DH","Shampooing fortifiant kératine 200ml Forcapil Arkopharma",shampooing-fortifiant-keratine-200ml-forcapil-arkopharma,"AtelierPara Maroc",has_dot
121330,149.62,"149.62 DH","Bioderma Créaline Mask 75 ml",bioderma-crealine-mask-75-ml,"Para La Gloire",has_dot
121089,149.82,"149.82 DH","Stick Fissures Et Crevasses 22g Bariéderm-Cica Peaux Fragilisees Et Irritees Uriage",stick-fissures-et-crevasses-22g-bariederm-cica-peaux-fragilisees-et-irritees-uriage,"Para La Gloire",has_dot
121958,150.45,"150.45 DH","Creme Hydratante Protectrice Spf30 Jour Peaux Sensibles 40ml Antirougeurs Avène",creme-hydratante-protectrice-spf30-jour-peaux-sensibles-40ml-antirougeurs-avene,"New Era Parapharmacie",has_dot
135033,150.67,"150.67 DH","TP-Link TL-SG1005D commutateur réseau Non-géré Gigabit Ethernet (10/100/1000) Noir",tp-link-tl-sg1005d-commutateur-reseau-non-gere-gigabit-ethernet-10-100-1000-noir,Technoplace,has_dot
121190,150.93,"150.93 DH","Brume SOS Anti-Grattage 200ml Xemose Uriage",brume-sos-anti-grattage-200ml-xemose-uriage,"GoPara Maroc",has_dot
110920,151.2,"151.20 DH","HP Clavier K1500",hp-clavier-k1500,Technoplace,has_dot
112237,151.2,"151.20 DH","Epson Ruban noir LQ-690 (10 millions de caractères)",epson-ruban-noir-lq-690-10-millions-de-caracteres,"NGT Maroc",has_dot
121191,151.3,"151.30 DH","Brume SOS Anti-Grattage 200ml Xemose Uriage",brume-sos-anti-grattage-200ml-xemose-uriage,"New Era Parapharmacie",has_dot
121039,151.47,"151.47 DH","Shampooing Anti Pelliculaire 125ml Novophane Ds Acm",shampooing-anti-pelliculaire-125ml-novophane-ds-acm,"AtelierPara Maroc",has_dot
121040,151.47,"151.47 DH","Shampooing Anti Pelliculaire 125ml Novophane Ds Acm",shampooing-anti-pelliculaire-125ml-novophane-ds-acm,"UNIVERS PARADISCOUNT Maroc",has_dot
130358,151.5,"151.50 DH","HP Cartouche d’encre noire 305 authentique",hp-cartouche-d-encre-noire-305-authentique,"Bestmark Maroc",has_dot
131448,151.5,"151.50 DH","HP Cartouche d’encre trois couleurs 305 authentique",hp-cartouche-d-encre-trois-couleurs-305-authentique,"Bestmark Maroc",has_dot
118272,151.8,"151.80 DH","HP Souris à molette optique USB (QY777AA)",hp-souris-a-molette-optique-usb-qy777aa,Micromad,has_dot
118385,151.8,"151.80 DH","Lenovo 06P4069 souris USB Type-A Optique 400 DPI",lenovo-06p4069-souris-usb-type-a-optique-400-dpi,Micromad,has_dot
119514,152.04,"152.04 DH","Bioderma Sébium Gel Moussant 200 ml",bioderma-sebium-gel-moussant-200-ml,"GoPara Maroc",has_dot
119515,152.15,"152.15 DH","Bioderma Sébium Gel Moussant 200 ml",bioderma-sebium-gel-moussant-200-ml,"New Era Parapharmacie",has_dot
120454,152.15,"152.15 DH","Biberon Anti Colique En Verre Debit 3 0 A 6 Mois Vert Oiseaux 270ml Dodie",biberon-anti-colique-en-verre-debit-3-0-a-6-mois-vert-oiseaux-270ml-dodie,"GoPara Maroc",has_dot
120548,152.15,"152.15 DH","Dodie Biberon Verre Sensation+ 270 ml Débit 2 0-6 Mois",dodie-biberon-verre-sensation-270-ml-debit-2-0-6-mois,"GoPara Maroc",has_dot
119429,152.21,"152.21 DH","Filorga Oxygen-Glow 125 ml",filorga-oxygen-glow-125-ml,"Para La Gloire",has_dot
127617,152.4,"152.40 DH","SanDisk ULTRA FLAIR lecteur USB flash 128 Go USB Type-A 3.2 Gen 1 (3.1 Gen 1) Noir, Argent",san-disk-ultra-flair-lecteur-usb-flash-128-go-usb-type-a-3-2-gen-1-3-1-gen-1-noir-argent,"Shared Store",has_dot
144639,152.57,"152.57 DH","L’Oréal Paris PRO XXL Lift 12 ml",l-oreal-paris-pro-xxl-lift-12-ml,"UNIVERS PARADISCOUNT Maroc",has_dot
119028,152.63,"152.63 DH","Apres Shampooing Reparateur Cheveux Secs 200ml Luxeol",apres-shampooing-reparateur-cheveux-secs-200ml-luxeol,"UNIVERS PARADISCOUNT Maroc",has_dot
119029,152.63,"152.63 DH","Apres Shampooing Fortifiant Cheveux Normaux 200ml Luxeol",apres-shampooing-fortifiant-cheveux-normaux-200ml-luxeol,"UNIVERS PARADISCOUNT Maroc",has_dot
124279,152.99,"152.99 DH","Samsung EO-IC100B Casque Avec fil Ecouteurs Appels/Musique Blanc",samsung-eo-ic100b-casque-avec-fil-ecouteurs-appels-musique-blanc,Technoplace,has_dot
119527,153.11,"153.11 DH","Uriage Dépiderm Brightening Cleansing Foam 100 ml",uriage-depiderm-brightening-cleansing-foam-100-ml,"Para La Gloire",has_dot
119446,153.12,"153.12 DH","Solution Micellaire Apaisante 400 ml Placentor Végétal",solution-micellaire-apaisante-400-ml-placentor-vegetal,"New Era Parapharmacie",has_dot
119878,153.17,"153.17 DH","Gel Moussant Emollient Peaux A Tendance Atopique 500ml Exomega Control A-Derma",gel-moussant-emollient-peaux-a-tendance-atopique-500ml-exomega-control-a-derma,"BebeMaman Maroc",has_dot
117825,153.34,"153.34 DH","HP Souris sans fil X200",hp-souris-sans-fil-x200,Technoplace,has_dot
117687,153.44,"153.44 DH","Logitech M190 Full-Size Wireless Mouse",logitech-m190-full-size-wireless-mouse,Technoplace,has_dot
120879,153.45,"153.45 DH","Dermedic Capilarte 300 ml",dermedic-capilarte-300-ml,"New Era Parapharmacie",has_dot
122148,153.52,"153.52 DH","Soin Hydratant Texture Légère 40ml Hydrabio Peaux Sensibles Normales à Mixtes Bioderma",soin-hydratant-texture-legere-40ml-hydrabio-peaux-sensibles-normales-a-mixtes-bioderma,"GoPara Maroc",has_dot
120670,153.6,"153.60 DH","Erayba Nutriactive N16 Collastin Conditioner Vegan 250ml",erayba-nutriactive-n16-collastin-conditioner-vegan-250ml,"New Era Parapharmacie",has_dot
124622,153.6,"153.60 DH","Pantone PT-WH002L écouteur/casque Avec fil &sans fil Arceau Appels/Musique Micro-USB Bluetooth Noir, Bleu",pantone-pt-wh002l-ecouteur-casque-avec-fil-sans-fil-arceau-appels-musique-micro-usb-bluetooth-noir-bleu,Technoplace,has_dot
119557,153.72,"153.72 DH","Bioderma Sensibio H2O Solution Micellaire Peaux Sensibles 500ml",bioderma-sensibio-h2o-solution-micellaire-peaux-sensibles-500ml,"AtelierPara Maroc",has_dot
119879,153.85,"153.85 DH","Gel Moussant Emollient Peaux A Tendance Atopique 500ml Exomega Control A-Derma",gel-moussant-emollient-peaux-a-tendance-atopique-500ml-exomega-control-a-derma,"GoPara Maroc",has_dot
122149,153.85,"153.85 DH","Soin Hydratant Texture Légère 40ml Hydrabio Peaux Sensibles Normales à Mixtes Bioderma",soin-hydratant-texture-legere-40ml-hydrabio-peaux-sensibles-normales-a-mixtes-bioderma,"New Era Parapharmacie",has_dot
144482,153.85,"153.85 DH","Shampooing Traitant Peaux A tendance Psoriasique 200ml Kertyol P.S.O Ducray",shampooing-traitant-peaux-a-tendance-psoriasique-200ml-kertyol-p-s-o-ducray,"New Era Parapharmacie",has_dot
120938,154.44,"154.44 DH","Shampooing Anti Pelliculaire 125ml Novophane K Acm",shampooing-anti-pelliculaire-125ml-novophane-k-acm,"AtelierPara Maroc",has_dot
120939,154.44,"154.44 DH","Shampooing Anti Pelliculaire 125ml Novophane K Acm",shampooing-anti-pelliculaire-125ml-novophane-k-acm,"UNIVERS PARADISCOUNT Maroc",has_dot
121147,154.44,"154.44 DH","Baume Hydratant Peaux Seches A Tres Seches 454g Body Cerave",baume-hydratant-peaux-seches-a-tres-seches-454g-body-cerave,"UNIVERS PARADISCOUNT Maroc",has_dot
119201,154.45,"154.45 DH","Salerm Cosmetics Biokera Color couleur de cheveux Blond foncé 70 ml",salerm-cosmetics-biokera-color-couleur-de-cheveux-blond-fonce-70-ml,"AtelierPara Maroc",has_dot
119205,154.45,"154.45 DH","Salerm Cosmetics Biokera Color couleur de cheveux Marron 70 ml",salerm-cosmetics-biokera-color-couleur-de-cheveux-marron-70-ml,"AtelierPara Maroc",has_dot
119208,154.45,"154.45 DH","Salerm Cosmetics Biokera Color couleur de cheveux Noir 70 ml",salerm-cosmetics-biokera-color-couleur-de-cheveux-noir-70-ml,"AtelierPara Maroc",has_dot
143908,154.45,"154.45 DH","BIOKERA NATURE COLOR N°5.70 CHATAIN CLAIR MARRON NATURE",biokera-nature-color-ndeg5-70-chatain-clair-marron-nature,"AtelierPara Maroc",has_dot
143911,154.45,"154.45 DH","BIOKERA NATURE COLOR N°6.1 BLOND FONCE CENDRE",biokera-nature-color-ndeg6-1-blond-fonce-cendre,"AtelierPara Maroc",has_dot
119447,154.7,"154.70 DH","Solution Micellaire Apaisante 400 ml Placentor Végétal",solution-micellaire-apaisante-400-ml-placentor-vegetal,"GoPara Maroc",has_dot
121273,154.7,"154.70 DH","Klorane Camomille 125 ml",klorane-camomille-125-ml,"New Era Parapharmacie",has_dot
121333,154.7,"154.70 DH","Avène Les Essentiels 50 ml",avene-les-essentiels-50-ml,"New Era Parapharmacie",has_dot
122175,154.7,"154.70 DH","Avène cleanance expert soin 40ml",avene-cleanance-expert-soin-40ml,"Para La Gloire",has_dot
122200,154.7,"154.70 DH","Aderma Phys-AC Hydra Crème Compensatrice 40ml",aderma-phys-ac-hydra-creme-compensatrice-40ml,"Para La Gloire",has_dot
110975,154.8,"154.80 DH","ADATA UV350 lecteur USB flash 32 Go Argent",adata-uv350-lecteur-usb-flash-32-go-argent,"NGT Maroc",has_dot
119881,154.8,"154.80 DH","Gel Moussant Emollient Peaux A Tendance Atopique 500ml Exomega Control A-Derma",gel-moussant-emollient-peaux-a-tendance-atopique-500ml-exomega-control-a-derma,"UNIVERS PARADISCOUNT Maroc",has_dot
121529,154.86,"154.86 DH","Avène Cicalfate 40 ml",avene-cicalfate-40-ml,"Para La Gloire",has_dot
120889,155.05,"155.05 DH","Shampooing Antipelliculaire Intensif Ds 200ml Cystiphane Biorga",shampooing-antipelliculaire-intensif-ds-200ml-cystiphane-biorga,"GoPara Maroc",has_dot
121181,155.1,"155.10 DH","Avène Cicalfate + 100 ml",avene-cicalfate-100-ml,"AtelierPara Maroc",has_dot
121586,155.1,"155.10 DH","Crème matifiante hydratante 30ml Sebium Peaux mixtes à grasses Bioderma",creme-matifiante-hydratante-30ml-sebium-peaux-mixtes-a-grasses-bioderma,"AtelierPara Maroc",has_dot
119564,155.34,"155.34 DH","Bioderma Créaline H2O 250ml",bioderma-crealine-h2o-250ml,"AtelierPara Maroc",has_dot
119030,155.55,"155.55 DH","Vichy Dercos Densi Solutions 200 ml",vichy-dercos-densi-solutions-200-ml,"GoPara Maroc",has_dot
120078,155.55,"155.55 DH","Masque Kera Solutions 200ml Dercos Vichy",masque-kera-solutions-200ml-dercos-vichy,"GoPara Maroc",has_dot
121730,155.92,"155.92 DH","Uriage Dépiderm Brightening Eye Contour Care 15 ml",uriage-depiderm-brightening-eye-contour-care-15-ml,"GoPara Maroc",has_dot
143873,156.24,"156.24 DH","Oral-B DB4.010 brosse à dents électrique Adulte Bleu, Blanc",oral-b-db4-010-brosse-a-dents-electrique-adulte-bleu-blanc,"UNIVERS PARADISCOUNT Maroc",has_dot
143874,156.25,"156.25 DH","Oral-B DB4.010 brosse à dents électrique Adulte Bleu, Blanc",oral-b-db4-010-brosse-a-dents-electrique-adulte-bleu-blanc,"AtelierPara Maroc",has_dot
120752,156.43,"156.43 DH","Salerm Cosmetics Shampoing Cheveux Traités 300 ml",salerm-cosmetics-shampoing-cheveux-traites-300-ml,"AtelierPara Maroc",has_dot
121978,156.6,"156.60 DH","Emulsion Apaisante Spf30 40ml Antirougeurs Peaux Sensibles Avène",emulsion-apaisante-spf30-40ml-antirougeurs-peaux-sensibles-avene,"UNIVERS PARADISCOUNT Maroc",has_dot
121827,156.75,"156.75 DH","Shampooing Douche Hydratant Apres-soleil 200ml Sun Corps Et Cheveux Nuxe",shampooing-douche-hydratant-apres-soleil-200ml-sun-corps-et-cheveux-nuxe,"UNIVERS PARADISCOUNT Maroc",has_dot
119886,157.3,"157.30 DH","Syndet Nettoyant Doux Peaux Tres Seches A Tendance Atopique 500ml Xemose Uriage",syndet-nettoyant-doux-peaux-tres-seches-a-tendance-atopique-500ml-xemose-uriage,"UNIVERS PARADISCOUNT Maroc",has_dot
120688,157.59,"157.59 DH","Baume Apres-rasage Apaisant Sensibaume 75ml Homme Vichy",baume-apres-rasage-apaisant-sensibaume-75ml-homme-vichy,"GoPara Maroc",has_dot
144629,157.74,"157.74 DH","Crème D'eau + Acid Hyaluronique 40ml Eau Thermale D'Uriage Tous Types De Peaux Uriage",creme-d-eau-acid-hyaluronique-40ml-eau-thermale-d-uriage-tous-types-de-peaux-uriage,"AtelierPara Maroc",has_dot
112175,157.9,"157.90 DH","Toner Adaptable Epson M2000",toner-adaptable-epson-m2000,Technoplace,has_dot
131782,157.9,"157.90 DH","HP 124A toner LaserJet jaune authentique",hp-124a-toner-laser-jet-jaune-authentique,Technoplace,has_dot
132024,157.9,"157.90 DH","HP 304A toner LaserJet jaune authentique",hp-304a-toner-laser-jet-jaune-authentique,Technoplace,has_dot
132636,157.9,"157.90 DH","HP 124A toner LaserJet magenta authentique",hp-124a-toner-laser-jet-magenta-authentique,Technoplace,has_dot
132703,157.9,"157.90 DH","HP 125A toner LaserJet jaune authentique",hp-125a-toner-laser-jet-jaune-authentique,Technoplace,has_dot
132710,157.9,"157.90 DH","HP 125A toner LaserJet magenta authentique",hp-125a-toner-laser-jet-magenta-authentique,Technoplace,has_dot
133010,157.9,"157.90 DH","HP 124A toner LaserJet cyan authentique",hp-124a-toner-laser-jet-cyan-authentique,Technoplace,has_dot
119374,158.1,"158.10 DH","Solution Micellaire 300ml Martiderm",solution-micellaire-300ml-martiderm,"New Era Parapharmacie",has_dot
119391,158.4,"158.40 DH","Sesderma Sensyses Cleanser Lightening 200 ml",sesderma-sensyses-cleanser-lightening-200-ml,"New Era Parapharmacie",has_dot
120201,158.4,"158.40 DH","Sucette Avent Natural Ultra Air Happy 0-6mois Rose",sucette-avent-natural-ultra-air-happy-0-6mois-rose,"AtelierPara Maroc",has_dot
120671,158.4,"158.40 DH","Erayba Nutriactive N16 Collastin Conditioner Vegan 250ml",erayba-nutriactive-n16-collastin-conditioner-vegan-250ml,"UNIVERS PARADISCOUNT Maroc",has_dot
120831,158.4,"158.40 DH","Shampooing Purifiant Cheveux Gras 200ml Luxeol",shampooing-purifiant-cheveux-gras-200ml-luxeol,"UNIVERS PARADISCOUNT Maroc",has_dot
121331,158.4,"158.40 DH","Bioderma Créaline Mask 75 ml",bioderma-crealine-mask-75-ml,"AtelierPara Maroc",has_dot
121332,158.4,"158.40 DH","Bioderma Créaline Mask 75 ml",bioderma-crealine-mask-75-ml,COTEPARA,has_dot
121417,158.4,"158.40 DH","Crème Apaisante Anti Imperfections PP+ 30ml Keracnyl Ducray",creme-apaisante-anti-imperfections-pp-30ml-keracnyl-ducray,"AtelierPara Maroc",has_dot
124729,158.4,"158.40 DH","Samsung EO-IC100B Casque Ecouteurs Noir",samsung-eo-ic100b-casque-ecouteurs-noir,Technoplace,has_dot
121118,158.41,"158.41 DH","Soin protecteur et apaisant 30ml Trigopax Acm",soin-protecteur-et-apaisant-30ml-trigopax-acm,"AtelierPara Maroc",has_dot
121533,158.46,"158.46 DH","Fluide Spf 50+ 50ml Hyseac Uriage",fluide-spf-50-50ml-hyseac-uriage,"GoPara Maroc",has_dot
128857,158.67,"158.67 DH","Canon GI-490 Jaune - Bouteille d'encre Canon d'origine (0666C001AB)",canon-gi-490-jaune-bouteille-d-encre-canon-d-origine-0666c001ab,Technoplace,has_dot
128991,158.67,"158.67 DH","Canon GI-490 C Cyan - Bouteille d'encre Canon d'origine (0664C001AB)",canon-gi-490-c-cyan-bouteille-d-encre-canon-d-origine-0664c001ab,Technoplace,has_dot
119550,158.95,"158.95 DH","FILORGA FOAM CLEANSER 150 ml",filorga-foam-cleanser-150-ml,"New Era Parapharmacie",has_dot
144018,158.95,"158.95 DH","theBalm Meet Matt(e) Hughes Long Lasting Liquid Lipstick teinte Trustworthy 7.4 ml",the-balm-meet-matt-e-hughes-long-lasting-liquid-lipstick-teinte-trustworthy-7-4-ml,"UNIVERS PARADISCOUNT Maroc",has_dot
144019,158.95,"158.95 DH","theBalm Meet Matt(e) Hughes Long Lasting Liquid Lipstick teinte Sincere 7.4 ml",the-balm-meet-matt-e-hughes-long-lasting-liquid-lipstick-teinte-sincere-7-4-ml,"UNIVERS PARADISCOUNT Maroc",has_dot
121091,159.06,"159.06 DH","Stick Fissures Et Crevasses 22g Bariéderm-Cica Peaux Fragilisees Et Irritees Uriage",stick-fissures-et-crevasses-22g-bariederm-cica-peaux-fragilisees-et-irritees-uriage,COTEPARA,has_dot
117329,159.41,"159.41 DH","Logitech M220 Silent",logitech-m220-silent,Technoplace,has_dot
144483,159.46,"159.46 DH","Shampooing Traitant Peaux A tendance Psoriasique 200ml Kertyol P.S.O Ducray",shampooing-traitant-peaux-a-tendance-psoriasique-200ml-kertyol-p-s-o-ducray,"GoPara Maroc",has_dot
119891,159.99,"159.99 DH","Gel Douche Surgras Dermatologique Peaux Sensibles 1l Hygiène Uriage",gel-douche-surgras-dermatologique-peaux-sensibles-1l-hygiene-uriage,"GoPara Maroc",has_dot
122103,160.05,"160.05 DH","K10 Soin Renovateur Cutane Peaux A Imperfections 40ml Dermopure Eucerin",k10-soin-renovateur-cutane-peaux-a-imperfections-40ml-dermopure-eucerin,"UNIVERS PARADISCOUNT Maroc",has_dot
121612,160.65,"160.65 DH","Sérum 30ml Keracnyl Peaux à Imperfections Ducray",serum-30ml-keracnyl-peaux-a-imperfections-ducray,"New Era Parapharmacie",has_dot
119534,160.88,"160.88 DH","Eau Micellaire Apaisante 3En1 200ml Very rose Nuxe",eau-micellaire-apaisante-3en1-200ml-very-rose-nuxe,"AtelierPara Maroc",has_dot
122104,161.02,"161.02 DH","K10 Soin Renovateur Cutane Peaux A Imperfections 40ml Dermopure Eucerin",k10-soin-renovateur-cutane-peaux-a-imperfections-40ml-dermopure-eucerin,"New Era Parapharmacie",has_dot
121192,161.04,"161.04 DH","Brume SOS Anti-Grattage 200ml Xemose Uriage",brume-sos-anti-grattage-200ml-xemose-uriage,"UNIVERS PARADISCOUNT Maroc",has_dot
121836,161.15,"161.15 DH","Fluide Protecteur Extreme Spf50+ 100 Solaire 50ml Bariesun Uriage",fluide-protecteur-extreme-spf50-100-solaire-50ml-bariesun-uriage,"UNIVERS PARADISCOUNT Maroc",has_dot
121066,161.4,"161.40 DH","Baume Ultra-Reparateur Apaisant B5+ 100ml Cicaplast La Roche-Posay",baume-ultra-reparateur-apaisant-b5-100ml-cicaplast-la-roche-posay,"UNIVERS PARADISCOUNT Maroc",has_dot
119432,161.5,"161.50 DH","Démaquillant Intrégal 3en1 300ml Purete Thermale Visage Et Yeux Peaux Sensibles Vichy",demaquillant-intregal-3en1-300ml-purete-thermale-visage-et-yeux-peaux-sensibles-vichy,"New Era Parapharmacie",has_dot
121869,161.5,"161.50 DH","Uriage Gyn-Phy Intimate Hygiene Cleansing Mist 50 ml",uriage-gyn-phy-intimate-hygiene-cleansing-mist-50-ml,"GoPara Maroc",has_dot
143932,161.5,"161.50 DH","Lait Corps Sublimateur Parfume 200ml Prodigieux® Nuxe",lait-corps-sublimateur-parfume-200ml-prodigieux-r-nuxe,"New Era Parapharmacie",has_dot
122095,161.7,"161.70 DH","Ducray Keracnyl PP Crème Apaisante Anti-Imperfections 30 ml",ducray-keracnyl-pp-creme-apaisante-anti-imperfections-30-ml,"Para La Gloire",has_dot
122130,161.7,"161.70 DH","Emulsion Legere Spf30 Uv Peaux Sensibles Normales A Mixtes 40ml Hydrance Avène",emulsion-legere-spf30-uv-peaux-sensibles-normales-a-mixtes-40ml-hydrance-avene,"AtelierPara Maroc",has_dot
122135,161.7,"161.70 DH","Creme Riche Spf30 Uv Peaux Sensibles Seches A Tres Seches 40ml Hydrance Avène",creme-riche-spf30-uv-peaux-sensibles-seches-a-tres-seches-40ml-hydrance-avene,"AtelierPara Maroc",has_dot
119887,162.29,"162.29 DH","Syndet Nettoyant Doux Peaux Tres Seches A Tendance Atopique 500ml Xemose Uriage",syndet-nettoyant-doux-peaux-tres-seches-a-tendance-atopique-500ml-xemose-uriage,"GoPara Maroc",has_dot
119888,162.35,"162.35 DH","Syndet Nettoyant Doux Peaux Tres Seches A Tendance Atopique 500ml Xemose Uriage",syndet-nettoyant-doux-peaux-tres-seches-a-tendance-atopique-500ml-xemose-uriage,"New Era Parapharmacie",has_dot
122069,162.53,"162.53 DH","Laboratorios BABÉ Repairing Moisturiser Femmes 50 ml Crème Tube",laboratorios-babe-repairing-moisturiser-femmes-50-ml-creme-tube,"UNIVERS PARADISCOUNT Maroc",has_dot
119053,162.84,"162.84 DH","Soin Apres Shampooing Fortifiant 200ml Anaphase+ Ducray",soin-apres-shampooing-fortifiant-200ml-anaphase-ducray,"AtelierPara Maroc",has_dot
121964,163.07,"163.07 DH","Soin Hydratant Anti-fatigue Hydramag 50ml Homme Peaux Sensibles Vichy",soin-hydratant-anti-fatigue-hydramag-50ml-homme-peaux-sensibles-vichy,"GoPara Maroc",has_dot
119433,163.2,"163.20 DH","Démaquillant Intrégal 3en1 300ml Purete Thermale Visage Et Yeux Peaux Sensibles Vichy",demaquillant-intregal-3en1-300ml-purete-thermale-visage-et-yeux-peaux-sensibles-vichy,"AtelierPara Maroc",has_dot
124066,163.2,"163.20 DH","NGS Artica Pride Casque Sans fil Arceau Appels/Musique Micro-USB Bluetooth Bleu",ngs-artica-pride-casque-sans-fil-arceau-appels-musique-micro-usb-bluetooth-bleu,Technoplace,has_dot
124072,163.2,"163.20 DH","NGS Artica Pride Casque Sans fil Arceau Appels/Musique Micro-USB Bluetooth Noir",ngs-artica-pride-casque-sans-fil-arceau-appels-musique-micro-usb-bluetooth-noir,Technoplace,has_dot
120950,163.22,"163.22 DH","Shampoing anti-squames 150ml Node Cuir chevelu sensible Bioderma",shampoing-anti-squames-150ml-node-cuir-chevelu-sensible-bioderma,"Para La Gloire",has_dot
120952,163.22,"163.22 DH","Bioderma Nodé DS+ Shampoo 125 ml",bioderma-node-ds-shampoo-125-ml,"Para La Gloire",has_dot
120804,163.35,"163.35 DH","Bio12 Shampoing Réparateur Multiactif 250ml",bio12-shampoing-reparateur-multiactif-250ml,"UNIVERS PARADISCOUNT Maroc",has_dot
120882,163.35,"163.35 DH","Dermedic Capilarte 300 ml",dermedic-capilarte-300-ml,"UNIVERS PARADISCOUNT Maroc",has_dot
121148,163.4,"163.40 DH","Baume Hydratant Peaux Seches A Tres Seches 454g Body Cerave",baume-hydratant-peaux-seches-a-tres-seches-454g-body-cerave,"New Era Parapharmacie",has_dot
128014,163.5,"163.50 DH","HP 903 Cartouche d’encre magenta authentique",hp-903-cartouche-d-encre-magenta-authentique,"Bestmark Maroc",has_dot
131733,163.5,"163.50 DH","HP 903 Cartouche d’encre cyan authentique",hp-903-cartouche-d-encre-cyan-authentique,"Bestmark Maroc",has_dot
122070,163.51,"163.51 DH","Laboratorios BABÉ Repairing Moisturiser Femmes 50 ml Crème Tube",laboratorios-babe-repairing-moisturiser-femmes-50-ml-creme-tube,"New Era Parapharmacie",has_dot
143933,164.18,"164.18 DH","Lait Corps Sublimateur Parfume 200ml Prodigieux® Nuxe",lait-corps-sublimateur-parfume-200ml-prodigieux-r-nuxe,"UNIVERS PARADISCOUNT Maroc",has_dot
121317,164.22,"164.22 DH","Nuxe Cleansers and Make-up Removers 50 ml",nuxe-cleansers-and-make-up-removers-50-ml,"GoPara Maroc",has_dot
119202,164.34,"164.34 DH","Salerm Cosmetics Biokera Color couleur de cheveux Blond foncé 70 ml",salerm-cosmetics-biokera-color-couleur-de-cheveux-blond-fonce-70-ml,"UNIVERS PARADISCOUNT Maroc",has_dot
119206,164.34,"164.34 DH","Salerm Cosmetics Biokera Color couleur de cheveux Marron 70 ml",salerm-cosmetics-biokera-color-couleur-de-cheveux-marron-70-ml,"UNIVERS PARADISCOUNT Maroc",has_dot
119209,164.34,"164.34 DH","Salerm Cosmetics Biokera Color couleur de cheveux Noir 70 ml",salerm-cosmetics-biokera-color-couleur-de-cheveux-noir-70-ml,"UNIVERS PARADISCOUNT Maroc",has_dot
120754,164.34,"164.34 DH","Salerm Cosmetics Shampoing Cheveux Traités 300 ml",salerm-cosmetics-shampoing-cheveux-traites-300-ml,"UNIVERS PARADISCOUNT Maroc",has_dot
143909,164.34,"164.34 DH","BIOKERA NATURE COLOR N°5.70 CHATAIN CLAIR MARRON NATURE",biokera-nature-color-ndeg5-70-chatain-clair-marron-nature,"UNIVERS PARADISCOUNT Maroc",has_dot
143912,164.34,"164.34 DH","BIOKERA NATURE COLOR N°6.1 BLOND FONCE CENDRE",biokera-nature-color-ndeg6-1-blond-fonce-cendre,"UNIVERS PARADISCOUNT Maroc",has_dot
119929,164.35,"164.35 DH","Huile Lavante 200ml Lipikar Peau Tendance Eczema Atopique La Roche-Posay",huile-lavante-200ml-lipikar-peau-tendance-eczema-atopique-la-roche-posay,"New Era Parapharmacie",has_dot
119031,164.7,"164.70 DH","Vichy Dercos Densi Solutions 200 ml",vichy-dercos-densi-solutions-200-ml,"UNIVERS PARADISCOUNT Maroc",has_dot
120079,164.7,"164.70 DH","Masque Kera Solutions 200ml Dercos Vichy",masque-kera-solutions-200ml-dercos-vichy,"UNIVERS PARADISCOUNT Maroc",has_dot
121149,164.74,"164.74 DH","Baume Hydratant Peaux Seches A Tres Seches 454g Body Cerave",baume-hydratant-peaux-seches-a-tres-seches-454g-body-cerave,"AtelierPara Maroc",has_dot
121600,164.9,"164.90 DH","Gel Creme Peaux Sensibles Deshydratees 50ml Hydrance Avène",gel-creme-peaux-sensibles-deshydratees-50ml-hydrance-avene,"New Era Parapharmacie",has_dot
120544,165.33,"165.33 DH","Biberon En Verre Londres 0 A 6 Mois 270ml Dodie",biberon-en-verre-londres-0-a-6-mois-270ml-dodie,"UNIVERS PARADISCOUNT Maroc",has_dot
120747,165.44,"165.44 DH","Salerm Cosmetics Shampoing argán 300 ml",salerm-cosmetics-shampoing-argan-300-ml,"New Era Parapharmacie",has_dot
120080,165.6,"165.60 DH","Masque Kera Solutions 200ml Dercos Vichy",masque-kera-solutions-200ml-dercos-vichy,"Para La Gloire",has_dot
121601,165.6,"165.60 DH","Gel Creme Peaux Sensibles Deshydratees 50ml Hydrance Avène",gel-creme-peaux-sensibles-deshydratees-50ml-hydrance-avene,"UNIVERS PARADISCOUNT Maroc",has_dot
124725,165.6,"165.60 DH","Pantone PT-WH002P écouteur/casque Avec fil &sans fil Arceau Appels/Musique Micro-USB Bluetooth Noir, Rose",pantone-pt-wh002p-ecouteur-casque-avec-fil-sans-fil-arceau-appels-musique-micro-usb-bluetooth-noir-rose,Technoplace,has_dot
131504,165.6,"165.60 DH","Cartouche jet d'encre HP original CB317HE pour HP 178 Photo - Noir",cartouche-jet-d-encre-hp-original-cb317he-pour-hp-178-photo-noir,"NGT Maroc",has_dot
131513,165.6,"165.60 DH","Cartouche jet d'encre HP original CB318HE pour HP 178 - Cyan",cartouche-jet-d-encre-hp-original-cb318he-pour-hp-178-cyan,"NGT Maroc",has_dot
132364,165.6,"165.60 DH","Cartouche jet d'encre HP original CB319HE pour HP 178 - Magenta",cartouche-jet-d-encre-hp-original-cb319he-pour-hp-178-magenta,"NGT Maroc",has_dot
119212,165.75,"165.75 DH","Phyto Color teinte 9 Very Light Blonde",phyto-color-teinte-9-very-light-blonde,"UNIVERS PARADISCOUNT Maroc",has_dot
119502,165.75,"165.75 DH","Eau Micellaire 4-en-1 400ml Isdin",eau-micellaire-4-en-1-400ml-isdin,"AtelierPara Maroc",has_dot
121517,165.75,"165.75 DH","Sérum Peau Neuve Hyséac peaux acnéiques 40ml Hyseac Uriage",serum-peau-neuve-hyseac-peaux-acneiques-40ml-hyseac-uriage,"New Era Parapharmacie",has_dot
121837,165.75,"165.75 DH","Fluide Protecteur Extreme Spf50+ 100 Solaire 50ml Bariesun Uriage",fluide-protecteur-extreme-spf50-100-solaire-50ml-bariesun-uriage,"New Era Parapharmacie",has_dot
143919,165.75,"165.75 DH","Phyto Color teinte 8.3 Light Golden Blond",phyto-color-teinte-8-3-light-golden-blond,"UNIVERS PARADISCOUNT Maroc",has_dot
143923,165.75,"165.75 DH","Phyto Color teinte 6.3 Dark Golden Blonde",phyto-color-teinte-6-3-dark-golden-blonde,"UNIVERS PARADISCOUNT Maroc",has_dot
143926,165.75,"165.75 DH","Phyto Color teinte 7.3 Golden Blonde",phyto-color-teinte-7-3-golden-blonde,"UNIVERS PARADISCOUNT Maroc",has_dot
121613,166.01,"166.01 DH","Sérum 30ml Keracnyl Peaux à Imperfections Ducray",serum-30ml-keracnyl-peaux-a-imperfections-ducray,"GoPara Maroc",has_dot
122190,166.03,"166.03 DH","Bioderma Créaline AR Cream 40 ml",bioderma-crealine-ar-cream-40-ml,"Para La Gloire",has_dot
121838,166.07,"166.07 DH","Fluide Protecteur Extreme Spf50+ 100 Solaire 50ml Bariesun Uriage",fluide-protecteur-extreme-spf50-100-solaire-50ml-bariesun-uriage,"GoPara Maroc",has_dot
121119,166.32,"166.32 DH","Soin protecteur et apaisant 30ml Trigopax Acm",soin-protecteur-et-apaisant-30ml-trigopax-acm,"UNIVERS PARADISCOUNT Maroc",has_dot
119187,166.4,"166.40 DH","Bjorn Axen Conditioner Repair 250ml",bjorn-axen-conditioner-repair-250ml,"New Era Parapharmacie",has_dot
121832,166.65,"166.65 DH","Brume Seche Spf50+ Peaux Sensibles 200 ml Bariésun Uriage",brume-seche-spf50-peaux-sensibles-200-ml-bariesun-uriage,"UNIVERS PARADISCOUNT Maroc",has_dot
127517,166.8,"166.80 DH","ADATA AUV210-64G-RGD lecteur USB flash 64 Go USB Type-A 2.0 Beige",adata-auv210-64g-rgd-lecteur-usb-flash-64-go-usb-type-a-2-0-beige,"NGT Maroc",has_dot
120690,166.86,"166.86 DH","Baume Apres-rasage Apaisant Sensibaume 75ml Homme Vichy",baume-apres-rasage-apaisant-sensibaume-75ml-homme-vichy,"UNIVERS PARADISCOUNT Maroc",has_dot
119892,167.2,"167.20 DH","Gel Douche Surgras Dermatologique Peaux Sensibles 1l Hygiène Uriage",gel-douche-surgras-dermatologique-peaux-sensibles-1l-hygiene-uriage,"UNIVERS PARADISCOUNT Maroc",has_dot
121614,167.4,"167.40 DH","Sérum 30ml Keracnyl Peaux à Imperfections Ducray",serum-30ml-keracnyl-peaux-a-imperfections-ducray,"UNIVERS PARADISCOUNT Maroc",has_dot
119882,167.7,"167.70 DH","Gel Moussant Emollient Peaux A Tendance Atopique 500ml Exomega Control A-Derma",gel-moussant-emollient-peaux-a-tendance-atopique-500ml-exomega-control-a-derma,"AtelierPara Maroc",has_dot
120361,168.3,"168.30 DH","Traitement des croûtes de lait bébé 40ml Abcderm Très Bonne Tolérance Bioderma",traitement-des-croutes-de-lait-bebe-40ml-abcderm-tres-bonne-tolerance-bioderma,"AtelierPara Maroc",has_dot
122090,168.3,"168.30 DH","Hydra Creme Compensatrice Apaisante 50ml Dermopure Eucerin",hydra-creme-compensatrice-apaisante-50ml-dermopure-eucerin,"UNIVERS PARADISCOUNT Maroc",has_dot
119375,168.31,"168.31 DH","Solution Micellaire 300ml Martiderm",solution-micellaire-300ml-martiderm,"AtelierPara Maroc",has_dot
120953,168.5,"168.50 DH","Bioderma Nodé DS+ Shampoo 125 ml",bioderma-node-ds-shampoo-125-ml,"GoPara Maroc",has_dot
133305,168.75,"168.75 DH","Cartouche Jet d'encre Original HP 650 - Couleurs",cartouche-jet-d-encre-original-hp-650-couleurs,"Bestmark Maroc",has_dot
120371,169.15,"169.15 DH","Lansinoh Breastfeeding Disposable Breast Pads 60 pcs",lansinoh-breastfeeding-disposable-breast-pads-60-pcs,"GoPara Maroc",has_dot
121875,169.15,"169.15 DH","Lotion Essence Revelatrice De Beaute Peaux Mixtes 200ml Aquabella Nuxe",lotion-essence-revelatrice-de-beaute-peaux-mixtes-200ml-aquabella-nuxe,"New Era Parapharmacie",has_dot
108722,169.2,"169.20 DH","NGS Artica Lodge Écouteurs écouteur Noir",ngs-artica-lodge-ecouteurs-ecouteur-noir,Technoplace,has_dot
122091,169.32,"169.32 DH","Hydra Creme Compensatrice Apaisante 50ml Dermopure Eucerin",hydra-creme-compensatrice-apaisante-50ml-dermopure-eucerin,"New Era Parapharmacie",has_dot
121121,169.4,"169.40 DH","Uriage Eau Thermale Silky Body Lotion 500 ml",uriage-eau-thermale-silky-body-lotion-500-ml,"UNIVERS PARADISCOUNT Maroc",has_dot
121474,169.4,"169.40 DH","Cica Daily Gel-Crème peaux fragilisées 40ml Bariederm Cica Uriage",cica-daily-gel-creme-peaux-fragilisees-40ml-bariederm-cica-uriage,"UNIVERS PARADISCOUNT Maroc",has_dot
122192,169.62,"169.62 DH","Bioderma Créaline AR Cream 40 ml",bioderma-crealine-ar-cream-40-ml,COTEPARA,has_dot
121391,169.95,"169.95 DH","Creme Apaisante Restauratrice 40ml Tolérance Control Peaux Réactives Avène",creme-apaisante-restauratrice-40ml-tolerance-control-peaux-reactives-avene,"UNIVERS PARADISCOUNT Maroc",has_dot
121052,170.05,"170.05 DH","La Roche-Posay Lipikar Lait Urea 10% 200 ml",la-roche-posay-lipikar-lait-urea-10-200-ml,"New Era Parapharmacie",has_dot
121067,170.05,"170.05 DH","Baume Ultra-Reparateur Apaisant B5+ 100ml Cicaplast La Roche-Posay",baume-ultra-reparateur-apaisant-b5-100ml-cicaplast-la-roche-posay,"New Era Parapharmacie",has_dot
120243,170.1,"170.10 DH","BIBS Dummy Case Petrol 1 pcs",bibs-dummy-case-petrol-1-pcs,"BebeMaman Maroc",has_dot
144506,170.34,"170.34 DH","Creme Anti-rugosites 10% D'uree Et Acide Salicylique 340g Body SA Peaux Seches Cerave",creme-anti-rugosites-10-d-uree-et-acide-salicylique-340g-body-sa-peaux-seches-cerave,"GoPara Maroc",has_dot
119709,170.5,"170.50 DH","Déodorant Stick Naturel 50g Vinofresh Caudalie",deodorant-stick-naturel-50g-vinofresh-caudalie,"UNIVERS PARADISCOUNT Maroc",has_dot
121193,170.74,"170.74 DH","Brume SOS Anti-Grattage 200ml Xemose Uriage",brume-sos-anti-grattage-200ml-xemose-uriage,"Para La Gloire",has_dot
119323,170.85,"170.85 DH","Biotherm Homme 48h Day Control pour homme 75 ml",biotherm-homme-48h-day-control-pour-homme-75-ml,"New Era Parapharmacie",has_dot
121607,170.85,"170.85 DH","Avène Cleanance Comedomed 30 ml",avene-cleanance-comedomed-30-ml,"New Era Parapharmacie",has_dot
120979,170.94,"170.94 DH","Shampoing doux sans sulfate 200ml Node Tous types de cheveux Bioderma",shampoing-doux-sans-sulfate-200ml-node-tous-types-de-cheveux-bioderma,"AtelierPara Maroc",has_dot
121965,171.12,"171.12 DH","Soin Hydratant Anti-fatigue Hydramag 50ml Homme Peaux Sensibles Vichy",soin-hydratant-anti-fatigue-hydramag-50ml-homme-peaux-sensibles-vichy,"Para La Gloire",has_dot
119044,171.2,"171.20 DH","Soin Demelant 200ml Parfum Pomme Verte Revlon Professional",soin-demelant-200ml-parfum-pomme-verte-revlon-professional,"UNIVERS PARADISCOUNT Maroc",has_dot
119047,171.2,"171.20 DH","Soin Demelant 200ml Princess Revlon Professional",soin-demelant-200ml-princess-revlon-professional,"UNIVERS PARADISCOUNT Maroc",has_dot
120841,171.2,"171.20 DH","Shampooing 300ml Parfum Fraise Revlon Professional",shampooing-300ml-parfum-fraise-revlon-professional,"UNIVERS PARADISCOUNT Maroc",has_dot
120845,171.2,"171.20 DH","Shampooing 300ml Parfum Pomme Verte Revlon Professional",shampooing-300ml-parfum-pomme-verte-revlon-professional,"UNIVERS PARADISCOUNT Maroc",has_dot
143854,171.2,"171.20 DH","Soin fondant hydratant 200ml Re/Start™ Revlon Professional",soin-fondant-hydratant-200ml-re-start-revlon-professional,"UNIVERS PARADISCOUNT Maroc",has_dot
144466,171.2,"171.20 DH","Shampooing micellaire hydratant 250ml Re/Start™ Revlon Professional",shampooing-micellaire-hydratant-250ml-re-start-revlon-professional,"UNIVERS PARADISCOUNT Maroc",has_dot
121731,171.24,"171.24 DH","Uriage Dépiderm Brightening Eye Contour Care 15 ml",uriage-depiderm-brightening-eye-contour-care-15-ml,"Para La Gloire",has_dot
119188,171.6,"171.60 DH","Bjorn Axen Conditioner Repair 250ml",bjorn-axen-conditioner-repair-250ml,"UNIVERS PARADISCOUNT Maroc",has_dot
133217,171.6,"171.60 DH","Bouteille d'encre Original Authentique HP GT51XL 135 mL Noir",bouteille-d-encre-original-authentique-hp-gt51xl-135-m-l-noir,"NGT Maroc",has_dot
135476,171.6,"171.60 DH","HP 154A Noir (W1540A) - Kit De Recharge De Toner D'origine",hp-154a-noir-w1540a-kit-de-recharge-de-toner-d-origine,Technoplace,has_dot
121802,171.7,"171.70 DH","Huile Sèche SPF50+ 200ml Bariesun Uriage",huile-seche-spf50-200ml-bariesun-uriage,"New Era Parapharmacie",has_dot
121833,171.7,"171.70 DH","Brume Seche Spf50+ Peaux Sensibles 200 ml Bariésun Uriage",brume-seche-spf50-peaux-sensibles-200-ml-bariesun-uriage,"New Era Parapharmacie",has_dot
121053,172.16,"172.16 DH","La Roche-Posay Lipikar Lait Urea 10% 200 ml",la-roche-posay-lipikar-lait-urea-10-200-ml,"AtelierPara Maroc",has_dot
121068,172.16,"172.16 DH","Baume Ultra-Reparateur Apaisant B5+ 100ml Cicaplast La Roche-Posay",baume-ultra-reparateur-apaisant-b5-100ml-cicaplast-la-roche-posay,"AtelierPara Maroc",has_dot
121580,172.26,"172.26 DH","Bioderma Créaline Forte 40 ml",bioderma-crealine-forte-40-ml,"AtelierPara Maroc",has_dot
121960,172.26,"172.26 DH","Creme Hydratante Protectrice Spf30 Jour Peaux Sensibles 40ml Antirougeurs Avène",creme-hydratante-protectrice-spf30-jour-peaux-sensibles-40ml-antirougeurs-avene,"AtelierPara Maroc",has_dot
121961,172.26,"172.26 DH","Creme Hydratante Protectrice Spf30 Jour Peaux Sensibles 40ml Antirougeurs Avène",creme-hydratante-protectrice-spf30-jour-peaux-sensibles-40ml-antirougeurs-avene,COTEPARA,has_dot
121979,172.26,"172.26 DH","Emulsion Apaisante Spf30 40ml Antirougeurs Peaux Sensibles Avène",emulsion-apaisante-spf30-40ml-antirougeurs-peaux-sensibles-avene,"AtelierPara Maroc",has_dot
110880,172.27,"172.27 DH","DELL KB216 clavier USB AZERTY Français Noir",dell-kb216-clavier-usb-azerty-francais-noir,Technoplace,has_dot
124289,172.27,"172.27 DH","NGS Artica Pride Casque Sans fil Arceau Appels/Musique Micro-USB Bluetooth Blanc",ngs-artica-pride-casque-sans-fil-arceau-appels-musique-micro-usb-bluetooth-blanc,Technoplace,has_dot
121966,172.42,"172.42 DH","Soin Hydratant Anti-fatigue Hydramag 50ml Homme Peaux Sensibles Vichy",soin-hydratant-anti-fatigue-hydramag-50ml-homme-peaux-sensibles-vichy,"UNIVERS PARADISCOUNT Maroc",has_dot
119893,172.55,"172.55 DH","Gel Douche Surgras Dermatologique Peaux Sensibles 1l Hygiène Uriage",gel-douche-surgras-dermatologique-peaux-sensibles-1l-hygiene-uriage,"New Era Parapharmacie",has_dot
111858,172.8,"172.80 DH","Cartouche Canon CLI-471 C Cyan",cartouche-canon-cli-471-c-cyan,"NGT Maroc",has_dot
111859,172.8,"172.80 DH","Cartouche Canon CLI-471 M Magenta",cartouche-canon-cli-471-m-magenta,"NGT Maroc",has_dot
120065,172.9,"172.90 DH","Klorane Mask with Mango Butter masque pour cheveux Femmes 150 ml",klorane-mask-with-mango-butter-masque-pour-cheveux-femmes-150-ml,"Para La Gloire",has_dot
119516,172.92,"172.92 DH","Bioderma Sébium Gel Moussant 200 ml",bioderma-sebium-gel-moussant-200-ml,"AtelierPara Maroc",has_dot
121423,173.25,"173.25 DH","Flash 5 Ampoules 10ml The Originals Martiderm",flash-5-ampoules-10ml-the-originals-martiderm,"UNIVERS PARADISCOUNT Maroc",has_dot
121481,173.25,"173.25 DH","Sérum effet lifting 5 ampoules x 2ml Instant Flash Effet lifting immédiat Isdin",serum-effet-lifting-5-ampoules-x-2ml-instant-flash-effet-lifting-immediat-isdin,"UNIVERS PARADISCOUNT Maroc",has_dot
121804,173.25,"173.25 DH","Sesderma Repaskin 200 ml",sesderma-repaskin-200-ml,"UNIVERS PARADISCOUNT Maroc",has_dot
122233,173.25,"173.25 DH","Mascara Noir Fortifiant Anp2+ 7ml Ecrinal",mascara-noir-fortifiant-anp2-7ml-ecrinal,"AtelierPara Maroc",has_dot
122237,173.26,"173.26 DH","Gel Anp2+ Fortifiant Cils Et Sourcils 9ml Ecrinal",gel-anp2-fortifiant-cils-et-sourcils-9ml-ecrinal,"AtelierPara Maroc",has_dot
119517,173.66,"173.66 DH","Bioderma Sébium Gel Moussant 200 ml",bioderma-sebium-gel-moussant-200-ml,"Para La Gloire",has_dot
144477,173.7,"173.70 DH","Shampooing Fixateur De Couleur Resveratrol Vitamino Color 300ml L'Oréal Professionnel",shampooing-fixateur-de-couleur-resveratrol-vitamino-color-300ml-l-oreal-professionnel,"AtelierPara Maroc",has_dot
117741,173.81,"173.81 DH","Logitech M220 SILENT souris Ambidextre RF sans fil Optique 1000 DPI",logitech-m220-silent-souris-ambidextre-rf-sans-fil-optique-1000-dpi,Technoplace,has_dot
119033,173.85,"173.85 DH","Vichy Dercos Densi Solutions 200 ml",vichy-dercos-densi-solutions-200-ml,"New Era Parapharmacie",has_dot
120081,173.85,"173.85 DH","Masque Kera Solutions 200ml Dercos Vichy",masque-kera-solutions-200ml-dercos-vichy,"New Era Parapharmacie",has_dot
119186,174.24,"174.24 DH","Biokera Freh Violet Shot Shampooing 300ml",biokera-freh-violet-shot-shampooing-300ml,"New Era Parapharmacie",has_dot
121122,174.25,"174.25 DH","Uriage Eau Thermale Silky Body Lotion 500 ml",uriage-eau-thermale-silky-body-lotion-500-ml,"New Era Parapharmacie",has_dot
121475,174.25,"174.25 DH","Cica Daily Gel-Crème peaux fragilisées 40ml Bariederm Cica Uriage",cica-daily-gel-creme-peaux-fragilisees-40ml-bariederm-cica-uriage,"New Era Parapharmacie",has_dot
121404,174.5,"174.50 DH","Soin Apaisant Riche peaux intolérantes et allergiques 40ml Tolederm Uriage",soin-apaisant-riche-peaux-intolerantes-et-allergiques-40ml-tolederm-uriage,"GoPara Maroc",has_dot
121476,174.58,"174.58 DH","Cica Daily Gel-Crème peaux fragilisées 40ml Bariederm Cica Uriage",cica-daily-gel-creme-peaux-fragilisees-40ml-bariederm-cica-uriage,"GoPara Maroc",has_dot
121123,174.64,"174.64 DH","Uriage Eau Thermale Silky Body Lotion 500 ml",uriage-eau-thermale-silky-body-lotion-500-ml,"GoPara Maroc",has_dot
121070,174.85,"174.85 DH","Baume Ultra-Reparateur Apaisant B5+ 100ml Cicaplast La Roche-Posay",baume-ultra-reparateur-apaisant-b5-100ml-cicaplast-la-roche-posay,COTEPARA,has_dot
144475,174.96,"174.96 DH","Absolut Repair Gold Shampooing Restructurant Serie Expert 300ml L'Oréal Professionnel",absolut-repair-gold-shampooing-restructurant-serie-expert-300ml-l-oreal-professionnel,"AtelierPara Maroc",has_dot
121543,175.1,"175.10 DH","M Ecran Solaire Spf50+ Invisible 40ml Depiwhite Acm",m-ecran-solaire-spf50-invisible-40ml-depiwhite-acm,"GoPara Maroc",has_dot
121544,175.1,"175.10 DH","M Ecran Solaire Spf50+ Invisible 40ml Depiwhite Acm",m-ecran-solaire-spf50-invisible-40ml-depiwhite-acm,"New Era Parapharmacie",has_dot
119438,175.12,"175.12 DH","Covermark Removing Cream Crème Démaquillante 200 ml",covermark-removing-cream-creme-demaquillante-200-ml,"New Era Parapharmacie",has_dot
121976,175.13,"175.13 DH","Creme Hydratante Riche Peaux Seches 50ml Aquaporin Active Eucerin",creme-hydratante-riche-peaux-seches-50ml-aquaporin-active-eucerin,"New Era Parapharmacie",has_dot
121830,175.5,"175.50 DH","SVR Sun Secure Blur Crème Mousse Flouteur Optique SPF50 50 ml",svr-sun-secure-blur-creme-mousse-flouteur-optique-spf50-50-ml,"Para La Gloire",has_dot
143914,175.5,"175.50 DH","Coloration Crème n° 03 Châtain foncé - Beliflor",coloration-creme-ndeg-03-chatain-fonce-beliflor,"UNIVERS PARADISCOUNT Maroc",has_dot
121090,175.56,"175.56 DH","Stick Fissures Et Crevasses 22g Bariéderm-Cica Peaux Fragilisees Et Irritees Uriage",stick-fissures-et-crevasses-22g-bariederm-cica-peaux-fragilisees-et-irritees-uriage,"AtelierPara Maroc",has_dot
122150,175.63,"175.63 DH","Soin Hydratant Texture Légère 40ml Hydrabio Peaux Sensibles Normales à Mixtes Bioderma",soin-hydratant-texture-legere-40ml-hydrabio-peaux-sensibles-normales-a-mixtes-bioderma,"Para La Gloire",has_dot
127552,175.66,"175.66 DH","SanDisk Ultra Dual Drive lecteur USB flash 128 Go USB Type-A / 3.2 Gen 1 (3.1 Gen 1) Noir, Argent",san-disk-ultra-dual-drive-lecteur-usb-flash-128-go-usb-type-a-3-2-gen-1-3-1-gen-1-noir-argent,Technoplace,has_dot
120692,175.75,"175.75 DH","Baume Apres-rasage Apaisant Sensibaume 75ml Homme Vichy",baume-apres-rasage-apaisant-sensibaume-75ml-homme-vichy,"New Era Parapharmacie",has_dot
122153,176.14,"176.14 DH","Uriage Dépiderm Anti-Brown Spot Targeted Care 15 ml",uriage-depiderm-anti-brown-spot-targeted-care-15-ml,"Para La Gloire",has_dot
121482,176.4,"176.40 DH","Sérum effet lifting 5 ampoules x 2ml Instant Flash Effet lifting immédiat Isdin",serum-effet-lifting-5-ampoules-x-2ml-instant-flash-effet-lifting-immediat-isdin,"New Era Parapharmacie",has_dot
121518,176.55,"176.55 DH","Masque ultra-hydratant visage 75ml Hydrabio Peaux sèches Bioderma",masque-ultra-hydratant-visage-75ml-hydrabio-peaux-seches-bioderma,"UNIVERS PARADISCOUNT Maroc",has_dot
121587,176.55,"176.55 DH","Soin peeling de nuit doux 40ml Sebium Peaux mixtes à grasses Bioderma",soin-peeling-de-nuit-doux-40ml-sebium-peaux-mixtes-a-grasses-bioderma,"UNIVERS PARADISCOUNT Maroc",has_dot
144484,176.88,"176.88 DH","Shampooing Traitant Peaux A tendance Psoriasique 200ml Kertyol P.S.O Ducray",shampooing-traitant-peaux-a-tendance-psoriasique-200ml-kertyol-p-s-o-ducray,"AtelierPara Maroc",has_dot
121980,177.1,"177.10 DH","Emulsion Apaisante Spf30 40ml Antirougeurs Peaux Sensibles Avène",emulsion-apaisante-spf30-40ml-antirougeurs-peaux-sensibles-avene,"Para La Gloire",has_dot
120333,177.21,"177.21 DH","Philips Avent Learning bottle 150 ml",philips-avent-learning-bottle-150-ml,"UNIVERS PARADISCOUNT Maroc",has_dot
120881,177.21,"177.21 DH","Dermedic Capilarte 300 ml",dermedic-capilarte-300-ml,"AtelierPara Maroc",has_dot
120748,177.22,"177.22 DH","Salerm Cosmetics Shampoing argán 300 ml",salerm-cosmetics-shampoing-argan-300-ml,"AtelierPara Maroc",has_dot
120335,177.65,"177.65 DH","Lansinoh Care 60 ml",lansinoh-care-60-ml,"GoPara Maroc",has_dot
120693,177.92,"177.92 DH","Baume Apres-rasage Apaisant Sensibaume 75ml Homme Vichy",baume-apres-rasage-apaisant-sensibaume-75ml-homme-vichy,"AtelierPara Maroc",has_dot
120890,178.1,"178.10 DH","Shampooing Antipelliculaire Intensif Ds 200ml Cystiphane Biorga",shampooing-antipelliculaire-intensif-ds-200ml-cystiphane-biorga,"AtelierPara Maroc",has_dot
143947,178.2,"178.20 DH","Kuora Eau Micellaire à l'Aloe Vera 250ml",kuora-eau-micellaire-a-l-aloe-vera-250ml,"AtelierPara Maroc",has_dot
119392,178.21,"178.21 DH","Sesderma Sensyses Cleanser Lightening 200 ml",sesderma-sensyses-cleanser-lightening-200-ml,"AtelierPara Maroc",has_dot
121483,178.5,"178.50 DH","Sérum effet lifting 5 ampoules x 2ml Instant Flash Effet lifting immédiat Isdin",serum-effet-lifting-5-ampoules-x-2ml-instant-flash-effet-lifting-immediat-isdin,"GoPara Maroc",has_dot
144610,178.5,"178.50 DH","Eau Thermale Essence D'eau Eclat 100ml Eau thermale et Hydratation Uriage",eau-thermale-essence-d-eau-eclat-100ml-eau-thermale-et-hydratation-uriage,"New Era Parapharmacie",has_dot
117444,178.61,"178.61 DH","Logitech M240 souris Ambidextre Bluetooth",logitech-m240-souris-ambidextre-bluetooth,Technoplace,has_dot
121109,178.67,"178.67 DH","Baume Relipidant Triple Réparation 200ml Lipikar Peaux tendance eczema atopique La Roche-Posay",baume-relipidant-triple-reparation-200ml-lipikar-peaux-tendance-eczema-atopique-la-roche-posay,"GoPara Maroc",has_dot
141601,178.67,"178.67 DH","TP-Link TL-WR845N routeur sans fil Fast Ethernet Monobande (2,4 GHz) Blanc",tp-link-tl-wr845n-routeur-sans-fil-fast-ethernet-monobande-2-4-g-hz-blanc,Technoplace,has_dot
119035,178.75,"178.75 DH","Vichy Dercos Densi Solutions 200 ml",vichy-dercos-densi-solutions-200-ml,COTEPARA,has_dot
120083,178.75,"178.75 DH","Masque Kera Solutions 200ml Dercos Vichy",masque-kera-solutions-200ml-dercos-vichy,COTEPARA,has_dot
122151,178.86,"178.86 DH","Soin Hydratant Texture Légère 40ml Hydrabio Peaux Sensibles Normales à Mixtes Bioderma",soin-hydratant-texture-legere-40ml-hydrabio-peaux-sensibles-normales-a-mixtes-bioderma,"AtelierPara Maroc",has_dot
120884,179.01,"179.01 DH","Dermedic Capilarte 300 ml",dermedic-capilarte-300-ml,COTEPARA,has_dot
120217,179.1,"179.10 DH","BIBS Overall Bib Sage 1 pcs",bibs-overall-bib-sage-1-pcs,"BebeMaman Maroc",has_dot
120373,179.1,"179.10 DH","Lansinoh Breastfeeding Disposable Breast Pads 60 pcs",lansinoh-breastfeeding-disposable-breast-pads-60-pcs,"New Era Parapharmacie",has_dot
119011,179.2,"179.20 DH","CHI Keratin Silk Infusion 59 ml Femmes",chi-keratin-silk-infusion-59-ml-femmes,"UNIVERS PARADISCOUNT Maroc",has_dot
119448,180.18,"180.18 DH","Solution Micellaire Apaisante 400 ml Placentor Végétal",solution-micellaire-apaisante-400-ml-placentor-vegetal,"UNIVERS PARADISCOUNT Maroc",has_dot
119449,180.19,"180.19 DH","Solution Micellaire Apaisante 400 ml Placentor Végétal",solution-micellaire-apaisante-400-ml-placentor-vegetal,"AtelierPara Maroc",has_dot
144507,180.36,"180.36 DH","Creme Anti-rugosites 10% D'uree Et Acide Salicylique 340g Body SA Peaux Seches Cerave",creme-anti-rugosites-10-d-uree-et-acide-salicylique-340g-body-sa-peaux-seches-cerave,"UNIVERS PARADISCOUNT Maroc",has_dot
122154,180.5,"180.50 DH","Uriage Dépiderm Anti-Brown Spot Targeted Care 15 ml",uriage-depiderm-anti-brown-spot-targeted-care-15-ml,"GoPara Maroc",has_dot
121207,180.68,"180.68 DH","Huile Seche Multi-fonctions 50ml Huile Prodigieuse Visage Corps Et Cheveux Nuxe",huile-seche-multi-fonctions-50ml-huile-prodigieuse-visage-corps-et-cheveux-nuxe,"UNIVERS PARADISCOUNT Maroc",has_dot
120891,180.84,"180.84 DH","Shampooing Antipelliculaire Intensif Ds 200ml Cystiphane Biorga",shampooing-antipelliculaire-intensif-ds-200ml-cystiphane-biorga,"UNIVERS PARADISCOUNT Maroc",has_dot
124713,181.5,"181.50 DH","Logitech H111 Casque Avec fil Arceau Bureau/Centre d'appels Gris",logitech-h111-casque-avec-fil-arceau-bureau-centre-d-appels-gris,Micromad,has_dot
121588,181.87,"181.87 DH","Soin peeling de nuit doux 40ml Sebium Peaux mixtes à grasses Bioderma",soin-peeling-de-nuit-doux-40ml-sebium-peaux-mixtes-a-grasses-bioderma,"GoPara Maroc",has_dot
121520,181.9,"181.90 DH","Masque ultra-hydratant visage 75ml Hydrabio Peaux sèches Bioderma",masque-ultra-hydratant-visage-75ml-hydrabio-peaux-seches-bioderma,"New Era Parapharmacie",has_dot
121589,181.9,"181.90 DH","Soin peeling de nuit doux 40ml Sebium Peaux mixtes à grasses Bioderma",soin-peeling-de-nuit-doux-40ml-sebium-peaux-mixtes-a-grasses-bioderma,"New Era Parapharmacie",has_dot
121602,182.16,"182.16 DH","Gel Creme Peaux Sensibles Deshydratees 50ml Hydrance Avène",gel-creme-peaux-sensibles-deshydratees-50ml-hydrance-avene,"AtelierPara Maroc",has_dot
133022,182.25,"182.25 DH","Cartouche d'encre Originale HP 655 / Magenta",cartouche-d-encre-originale-hp-655-magenta,"Bestmark Maroc",has_dot
133105,182.25,"182.25 DH","Cartouche d'encre Originale HP 655 - Noir",cartouche-d-encre-originale-hp-655-noir,"Bestmark Maroc",has_dot
133160,182.25,"182.25 DH","Cartouche d'encre Originale HP 655 / Cyan",cartouche-d-encre-originale-hp-655-cyan,"Bestmark Maroc",has_dot
133174,182.25,"182.25 DH","Cartouche Jet d'encre Original HP 655 - Jaune",cartouche-jet-d-encre-original-hp-655-jaune,"Bestmark Maroc",has_dot
121967,182.4,"182.40 DH","Soin Hydratant Anti-fatigue Hydramag 50ml Homme Peaux Sensibles Vichy",soin-hydratant-anti-fatigue-hydramag-50ml-homme-peaux-sensibles-vichy,"New Era Parapharmacie",has_dot
144600,183.15,"183.15 DH","Heliocare 360° 50 ml",heliocare-360deg-50-ml,"UNIVERS PARADISCOUNT Maroc",has_dot
144478,183.35,"183.35 DH","Shampooing Fixateur De Couleur Resveratrol Vitamino Color 300ml L'Oréal Professionnel",shampooing-fixateur-de-couleur-resveratrol-vitamino-color-300ml-l-oreal-professionnel,COTEPARA,has_dot
112239,183.6,"183.60 DH","Epson Ruban noir LQ-2090 (8 millions de caractères)",epson-ruban-noir-lq-2090-8-millions-de-caracteres,Technoplace,has_dot
143939,183.6,"183.60 DH","Creme Protectrice Teintee Protection Spf50+ 40ml Depiwhite.M Acm",creme-protectrice-teintee-protection-spf50-40ml-depiwhite-m-acm,"GoPara Maroc",has_dot
143940,183.6,"183.60 DH","Creme Protectrice Teintee Protection Spf50+ 40ml Depiwhite.M Acm",creme-protectrice-teintee-protection-spf50-40ml-depiwhite-m-acm,"New Era Parapharmacie",has_dot
121968,183.68,"183.68 DH","Soin Hydratant Anti-fatigue Hydramag 50ml Homme Peaux Sensibles Vichy",soin-hydratant-anti-fatigue-hydramag-50ml-homme-peaux-sensibles-vichy,"AtelierPara Maroc",has_dot
121616,184.14,"184.14 DH","Sérum 30ml Keracnyl Peaux à Imperfections Ducray",serum-30ml-keracnyl-peaux-a-imperfections-ducray,"AtelierPara Maroc",has_dot
120374,184.15,"184.15 DH","Lansinoh Breastfeeding Disposable Breast Pads 60 pcs",lansinoh-breastfeeding-disposable-breast-pads-60-pcs,"AtelierPara Maroc",has_dot
144601,184.26,"184.26 DH","Heliocare 360° 50 ml",heliocare-360deg-50-ml,"New Era Parapharmacie",has_dot
119008,184.45,"184.45 DH","CHI Infra Keratin Mist 355 ml",chi-infra-keratin-mist-355-ml,"UNIVERS PARADISCOUNT Maroc",has_dot
121392,184.45,"184.45 DH","Creme Apaisante Restauratrice 40ml Tolérance Control Peaux Réactives Avène",creme-apaisante-restauratrice-40ml-tolerance-control-peaux-reactives-avene,"New Era Parapharmacie",has_dot
132672,184.5,"184.50 DH","Cartouche jet d'encre HP original F6V24AE pour HP 652 -Couleurs",cartouche-jet-d-encre-hp-original-f6v24ae-pour-hp-652-couleurs,"Bestmark Maroc",has_dot
144473,184.5,"184.50 DH","Shampoing réparateur pour cheveux abîmés 500ml Absolu Repair Gold L'Oréal Professionnel",shampoing-reparateur-pour-cheveux-abimes-500ml-absolu-repair-gold-l-oreal-professionnel,"UNIVERS PARADISCOUNT Maroc",has_dot
121534,184.64,"184.64 DH","Fluide Spf 50+ 50ml Hyseac Uriage",fluide-spf-50-50ml-hyseac-uriage,"AtelierPara Maroc",has_dot
121805,184.8,"184.80 DH","Sesderma Repaskin 200 ml",sesderma-repaskin-200-ml,"New Era Parapharmacie",has_dot
133288,185.25,"185.25 DH","Cartouche Jet d'Encre Original HP 123 - Noir",cartouche-jet-d-encre-original-hp-123-noir,"Bestmark Maroc",has_dot
143935,185.25,"185.25 DH","Lait Corps Sublimateur Parfume 200ml Prodigieux® Nuxe",lait-corps-sublimateur-parfume-200ml-prodigieux-r-nuxe,"AtelierPara Maroc",has_dot
119338,185.4,"185.40 DH","Roll-on Vaporisateur Ultra-frais 100 ml Déodorant Vichy",roll-on-vaporisateur-ultra-frais-100-ml-deodorant-vichy,"UNIVERS PARADISCOUNT Maroc",has_dot
119009,185.5,"185.50 DH","CHI Silk Infusion 59 ml",chi-silk-infusion-59-ml,"UNIVERS PARADISCOUNT Maroc",has_dot
120749,186.12,"186.12 DH","Salerm Cosmetics Shampoing argán 300 ml",salerm-cosmetics-shampoing-argan-300-ml,"UNIVERS PARADISCOUNT Maroc",has_dot
121208,186.15,"186.15 DH","Huile Seche Multi-fonctions 50ml Huile Prodigieuse Visage Corps Et Cheveux Nuxe",huile-seche-multi-fonctions-50ml-huile-prodigieuse-visage-corps-et-cheveux-nuxe,"New Era Parapharmacie",has_dot
128777,186.67,"186.67 DH","Canon PGI-35 Noir - Cartouche d'encre Canon d'origine (1509B001AA)",canon-pgi-35-noir-cartouche-d-encre-canon-d-origine-1509b001aa,Technoplace,has_dot
129043,186.67,"186.67 DH","Canon PG-46 Noir - Cartouche d'encre Canon d'origine (9059B001AA)",canon-pg-46-noir-cartouche-d-encre-canon-d-origine-9059b001aa,Technoplace,has_dot
109553,187.2,"187.20 DH","Barrette Mémoire HIKVISION MEMOIRE 4G DDR4",barrette-memoire-hikvision-memoire-4g-ddr4,Technoplace,has_dot
119551,187.22,"187.22 DH","FILORGA FOAM CLEANSER 150 ml",filorga-foam-cleanser-150-ml,"Para La Gloire",has_dot
119899,187.55,"187.55 DH","Huile Lavante Apaisante 1l Xemose Peaux Tres Seches Et Atopiques Uriage",huile-lavante-apaisante-1l-xemose-peaux-tres-seches-et-atopiques-uriage,"UNIVERS PARADISCOUNT Maroc",has_dot
121604,187.6,"187.60 DH","Gel Creme Peaux Sensibles Deshydratees 50ml Hydrance Avène",gel-creme-peaux-sensibles-deshydratees-50ml-hydrance-avene,"Para La Gloire",has_dot
120336,188.1,"188.10 DH","Lansinoh Care 60 ml",lansinoh-care-60-ml,"New Era Parapharmacie",has_dot
120743,188.11,"188.11 DH","Salerm Cosmetics Shampoing grapeology 300 ml",salerm-cosmetics-shampoing-grapeology-300-ml,"AtelierPara Maroc",has_dot
119889,188.76,"188.76 DH","Syndet Nettoyant Doux Peaux Tres Seches A Tendance Atopique 500ml Xemose Uriage",syndet-nettoyant-doux-peaux-tres-seches-a-tendance-atopique-500ml-xemose-uriage,"AtelierPara Maroc",has_dot
144604,188.96,"188.96 DH","Heliocare 360° 200 ml",heliocare-360deg-200-ml,"UNIVERS PARADISCOUNT Maroc",has_dot
121110,189.14,"189.14 DH","Baume Relipidant Triple Réparation 200ml Lipikar Peaux tendance eczema atopique La Roche-Posay",baume-relipidant-triple-reparation-200ml-lipikar-peaux-tendance-eczema-atopique-la-roche-posay,"UNIVERS PARADISCOUNT Maroc",has_dot
122107,189.15,"189.15 DH","K10 Soin Renovateur Cutane Peaux A Imperfections 40ml Dermopure Eucerin",k10-soin-renovateur-cutane-peaux-a-imperfections-40ml-dermopure-eucerin,"AtelierPara Maroc",has_dot
119898,189.24,"189.24 DH","Somatoline Exfoliate 350 g",somatoline-exfoliate-350-g,"New Era Parapharmacie",has_dot
110680,189.38,"189.38 DH","Logitech Wireless Combo MK220 clavier USB Français Noir",logitech-wireless-combo-mk220-clavier-usb-francais-noir,Technoplace,has_dot
129650,189.6,"189.60 DH","Canon PGI-9M cartouche d'encre Original",canon-pgi-9m-cartouche-d-encre-original,"NGT Maroc",has_dot
129652,189.6,"189.60 DH","Canon PGI-9MBK cartouche d'encre Original Noir mat",canon-pgi-9mbk-cartouche-d-encre-original-noir-mat,"NGT Maroc",has_dot
129654,189.6,"189.60 DH","Canon PGI-9C cartouche d'encre Original Cyan",canon-pgi-9c-cartouche-d-encre-original-cyan,"NGT Maroc",has_dot
129656,189.6,"189.60 DH","Canon PGI-9PM cartouche d'encre Original Photo magenta",canon-pgi-9pm-cartouche-d-encre-original-photo-magenta,"NGT Maroc",has_dot
129673,189.6,"189.60 DH","Canon Cartouche d'encre photo noire PGI-9PBK",canon-cartouche-d-encre-photo-noire-pgi-9pbk,"NGT Maroc",has_dot
129675,189.6,"189.60 DH","Canon Cartouche d'encre verte PGI-9G",canon-cartouche-d-encre-verte-pgi-9g,"NGT Maroc",has_dot
129677,189.6,"189.60 DH","Canon Cartouche d'encre rouge PGI-9R",canon-cartouche-d-encre-rouge-pgi-9r,"NGT Maroc",has_dot
129679,189.6,"189.60 DH","Canon Cartouche d'encre photo cyan PGI-9PC",canon-cartouche-d-encre-photo-cyan-pgi-9pc,"NGT Maroc",has_dot
133498,189.6,"189.60 DH","Canon PGI-9GY cartouche d'encre Original Gris",canon-pgi-9gy-cartouche-d-encre-original-gris,"NGT Maroc",has_dot
133500,189.6,"189.60 DH","Canon PGI-9Y cartouche d'encre Original Jaune",canon-pgi-9y-cartouche-d-encre-original-jaune,"NGT Maroc",has_dot
143990,189.75,"189.75 DH","Gommage Granité Ressourçant 150ml Nuxe Body Rêve de thé® Nuxe",gommage-granite-ressourcant-150ml-nuxe-body-reve-de-the-r-nuxe,"UNIVERS PARADISCOUNT Maroc",has_dot
144605,190.07,"190.07 DH","Heliocare 360° 200 ml",heliocare-360deg-200-ml,"New Era Parapharmacie",has_dot
133175,190.08,"190.08 DH","Cartouche Jet d'encre Original HP 655 - Jaune",cartouche-jet-d-encre-original-hp-655-jaune,Technoplace,has_dot
120763,190.09,"190.09 DH","Salerm Cosmetics Shampoing Spécifique Gras 300 ml",salerm-cosmetics-shampoing-specifique-gras-300-ml,"AtelierPara Maroc",has_dot
112173,190.8,"190.80 DH","Cartouche Canon CLI-426 GY Gris",cartouche-canon-cli-426-gy-gris,"NGT Maroc",has_dot
121699,190.85,"190.85 DH","Bioderma Hydrabio Serum 40 ml",bioderma-hydrabio-serum-40-ml,"UNIVERS PARADISCOUNT Maroc",has_dot
128880,191.39,"191.39 DH","HP 912 Cartouche d'encre magenta authentique",hp-912-cartouche-d-encre-magenta-authentique,Technoplace,has_dot
131031,191.39,"191.39 DH","HP 912 Cartouche d'encre cyan authentique",hp-912-cartouche-d-encre-cyan-authentique,Technoplace,has_dot
131042,191.39,"191.39 DH","HP 912 Cartouche d'encre jaune authentique",hp-912-cartouche-d-encre-jaune-authentique,Technoplace,has_dot
121477,191.74,"191.74 DH","Cica Daily Gel-Crème peaux fragilisées 40ml Bariederm Cica Uriage",cica-daily-gel-creme-peaux-fragilisees-40ml-bariederm-cica-uriage,"Para La Gloire",has_dot
121097,192.1,"192.10 DH","Baume Oleo Apaisant Anti Grattage 500ml Xemose Secheresses Severes Peaux Atopiques Uriage",baume-oleo-apaisant-anti-grattage-500ml-xemose-secheresses-severes-peaux-atopiques-uriage,"New Era Parapharmacie",has_dot
144509,192.38,"192.38 DH","Creme Anti-rugosites 10% D'uree Et Acide Salicylique 340g Body SA Peaux Seches Cerave",creme-anti-rugosites-10-d-uree-et-acide-salicylique-340g-body-sa-peaux-seches-cerave,"AtelierPara Maroc",has_dot
144611,192.6,"192.60 DH","Eau Thermale Essence D'eau Eclat 100ml Eau thermale et Hydratation Uriage",eau-thermale-essence-d-eau-eclat-100ml-eau-thermale-et-hydratation-uriage,"GoPara Maroc",has_dot
119900,192.95,"192.95 DH","Huile Lavante Apaisante 1l Xemose Peaux Tres Seches Et Atopiques Uriage",huile-lavante-apaisante-1l-xemose-peaux-tres-seches-et-atopiques-uriage,"New Era Parapharmacie",has_dot
119404,193.05,"193.05 DH","Bioderma Créaline H2O 500 ml",bioderma-crealine-h2o-500-ml,"UNIVERS PARADISCOUNT Maroc",has_dot
121610,193.2,"193.20 DH","Avène Cleanance Comedomed 30 ml",avene-cleanance-comedomed-30-ml,"Para La Gloire",has_dot
128048,193.2,"193.20 DH","Canon PGI-72C cartouche d'encre Original Cyan",canon-pgi-72c-cartouche-d-encre-original-cyan,"NGT Maroc",has_dot
128049,193.2,"193.20 DH","Canon PGI-72Y cartouche d'encre Original Jaune",canon-pgi-72y-cartouche-d-encre-original-jaune,"NGT Maroc",has_dot
128050,193.2,"193.20 DH","Canon PGI-72R cartouche d'encre Original Rouge",canon-pgi-72r-cartouche-d-encre-original-rouge,"NGT Maroc",has_dot
128051,193.2,"193.20 DH","Canon PGI-72M cartouche d'encre Original Magenta",canon-pgi-72m-cartouche-d-encre-original-magenta,"NGT Maroc",has_dot
128209,193.2,"193.20 DH","Canon PGI-72MBK cartouche d'encre Original Noir mat",canon-pgi-72mbk-cartouche-d-encre-original-noir-mat,"NGT Maroc",has_dot
129003,193.33,"193.33 DH","Canon GI-41PGBK Noir - Bouteille d'encre Canon d'origine (4528C001AA)",canon-gi-41pgbk-noir-bouteille-d-encre-canon-d-origine-4528c001aa,Technoplace,has_dot
121840,193.38,"193.38 DH","Fluide Protecteur Extreme Spf50+ 100 Solaire 50ml Bariesun Uriage",fluide-protecteur-extreme-spf50-100-solaire-50ml-bariesun-uriage,"AtelierPara Maroc",has_dot
119901,193.49,"193.49 DH","Huile Lavante Apaisante 1l Xemose Peaux Tres Seches Et Atopiques Uriage",huile-lavante-apaisante-1l-xemose-peaux-tres-seches-et-atopiques-uriage,"GoPara Maroc",has_dot
121174,193.88,"193.88 DH","Baume En Spray Pour Le Corps 250ml Aquaphor Eucerin",baume-en-spray-pour-le-corps-250ml-aquaphor-eucerin,"UNIVERS PARADISCOUNT Maroc",has_dot
144026,194.4,"194.40 DH","Baume Restructurant Serie Expert 250ml Absolu Repair Gold L'Oréal Professionnel",baume-restructurant-serie-expert-250ml-absolu-repair-gold-l-oreal-professionnel,"UNIVERS PARADISCOUNT Maroc",has_dot
144488,194.4,"194.40 DH","Shampooing Traitant Peaux A tendance Psoriasique 200ml Kertyol P.S.O Ducray",shampooing-traitant-peaux-a-tendance-psoriasique-200ml-kertyol-p-s-o-ducray,"UNIVERS PARADISCOUNT Maroc",has_dot
144588,194.4,"194.40 DH","Sérum Booster quotidien fortifiant et repulpant à l'acide hyaluronique 50ml Mineral 89 Vichy",serum-booster-quotidien-fortifiant-et-repulpant-a-l-acide-hyaluronique-50ml-mineral-89-vichy,"UNIVERS PARADISCOUNT Maroc",has_dot
121195,194.7,"194.70 DH","Cerat Relipidant Anti-irritations Peaux A Tendance Atopique 200ml Xemose Uriage",cerat-relipidant-anti-irritations-peaux-a-tendance-atopique-200ml-xemose-uriage,"UNIVERS PARADISCOUNT Maroc",has_dot
121878,195.02,"195.02 DH","Lotion Essence Revelatrice De Beaute Peaux Mixtes 200ml Aquabella Nuxe",lotion-essence-revelatrice-de-beaute-peaux-mixtes-200ml-aquabella-nuxe,"AtelierPara Maroc",has_dot
121175,195.05,"195.05 DH","Baume En Spray Pour Le Corps 250ml Aquaphor Eucerin",baume-en-spray-pour-le-corps-250ml-aquaphor-eucerin,"New Era Parapharmacie",has_dot
121424,195.3,"195.30 DH","Flash 5 Ampoules 10ml The Originals Martiderm",flash-5-ampoules-10ml-the-originals-martiderm,"New Era Parapharmacie",has_dot
143991,195.5,"195.50 DH","Gommage Granité Ressourçant 150ml Nuxe Body Rêve de thé® Nuxe",gommage-granite-ressourcant-150ml-nuxe-body-reve-de-the-r-nuxe,"New Era Parapharmacie",has_dot
121700,196.35,"196.35 DH","Bioderma Hydrabio Serum 40 ml",bioderma-hydrabio-serum-40-ml,"New Era Parapharmacie",has_dot
121701,196.59,"196.59 DH","Bioderma Hydrabio Serum 40 ml",bioderma-hydrabio-serum-40-ml,"GoPara Maroc",has_dot
119536,196.9,"196.90 DH","Bioderma Pigmentbio H2O 250 ml",bioderma-pigmentbio-h2o-250-ml,"UNIVERS PARADISCOUNT Maroc",has_dot
120337,197.01,"197.01 DH","Lansinoh Care 60 ml",lansinoh-care-60-ml,"UNIVERS PARADISCOUNT Maroc",has_dot
144138,197.01,"197.01 DH","Philips AVENT SCF816/61 biberon 330 ml Transparent",philips-avent-scf816-61-biberon-330-ml-transparent,"AtelierPara Maroc",has_dot
120338,197.02,"197.02 DH","Lansinoh Care 60 ml",lansinoh-care-60-ml,"AtelierPara Maroc",has_dot
117911,198.32,"198.32 DH","Souris Optique DELL Sans fil - Noir (WM126)",souris-optique-dell-sans-fil-noir-wm126,Technoplace,has_dot
119863,198.55,"198.55 DH","Bioderma Atoderm Intensive Gel Moussant 1000 ml",bioderma-atoderm-intensive-gel-moussant-1000-ml,"UNIVERS PARADISCOUNT Maroc",has_dot
119868,198.55,"198.55 DH","Crème de Douche Hydratante 1L Atoderm Peaux Normales à Sèches Bioderma",creme-de-douche-hydratante-1l-atoderm-peaux-normales-a-seches-bioderma,"UNIVERS PARADISCOUNT Maroc",has_dot
120811,198.55,"198.55 DH","Shampooing Purifiant 400ml Node G Cheveux Gras Bioderma",shampooing-purifiant-400ml-node-g-cheveux-gras-bioderma,"UNIVERS PARADISCOUNT Maroc",has_dot
117954,198.8,"198.80 DH","Logitech G G102 Lightsync souris USB Type-A 8000 DPI",logitech-g-g102-lightsync-souris-usb-type-a-8000-dpi,Technoplace,has_dot
119405,198.9,"198.90 DH","Bioderma Créaline H2O 500 ml",bioderma-crealine-h2o-500-ml,"New Era Parapharmacie",has_dot
119864,198.9,"198.90 DH","Bioderma Atoderm Intensive Gel Moussant 1000 ml",bioderma-atoderm-intensive-gel-moussant-1000-ml,"New Era Parapharmacie",has_dot
122093,198.9,"198.90 DH","Hydra Creme Compensatrice Apaisante 50ml Dermopure Eucerin",hydra-creme-compensatrice-apaisante-50ml-dermopure-eucerin,"AtelierPara Maroc",has_dot
110739,198.98,"198.98 DH","Logitech MK235 Wireless Keyboard and Mouse Combo clavier USB AZERTY Français Gris",logitech-mk235-wireless-keyboard-and-mouse-combo-clavier-usb-azerty-francais-gris,Technoplace,has_dot
128953,199.17,"199.17 DH","Canon CL-511 Couleurs - Cartouche d'encre Canon d'origine (2972B007AA)",canon-cl-511-couleurs-cartouche-d-encre-canon-d-origine-2972b007aa,"Bestmark Maroc",has_dot
119439,199.34,"199.34 DH","Covermark Removing Cream Crème Démaquillante 200 ml",covermark-removing-cream-creme-demaquillante-200-ml,COTEPARA,has_dot
117489,199.46,"199.46 DH","Microsoft Wireless Mobile Mouse 1850 souris RF sans fil Ambidextre",microsoft-wireless-mobile-mouse-1850-souris-rf-sans-fil-ambidextre,Technoplace,has_dot
144717,199.46,"199.46 DH","Celly Venere coque de protection pour téléphones portables 16,5 cm (6.5"") Étui avec portefeuille Rouge",celly-venere-coque-de-protection-pour-telephones-portables-16-5-cm-6-5-etui-avec-portefeuille-rouge,Technoplace,has_dot
144722,199.46,"199.46 DH","Celly VENERELB coque de protection pour téléphones portables 16,5 cm (6.5"") Étui avec portefeuille Bleu",celly-venerelb-coque-de-protection-pour-telephones-portables-16-5-cm-6-5-etui-avec-portefeuille-bleu,Technoplace,has_dot
144731,199.46,"199.46 DH","Celly Venere coque de protection pour téléphones portables 16,5 cm (6.5"") Étui avec portefeuille Rose",celly-venere-coque-de-protection-pour-telephones-portables-16-5-cm-6-5-etui-avec-portefeuille-rose,Technoplace,has_dot
144745,199.46,"199.46 DH","Celly VENEREPK coque de protection pour téléphones portables 16,5 cm (6.5"") Étui avec portefeuille Rose",celly-venerepk-coque-de-protection-pour-telephones-portables-16-5-cm-6-5-etui-avec-portefeuille-rose,Technoplace,has_dot
119013,199.5,"199.50 DH","CHI Keratin Conditioner Après-shampoing professionnel 355 ml Femmes",chi-keratin-conditioner-apres-shampoing-professionnel-355-ml-femmes,"UNIVERS PARADISCOUNT Maroc",has_dot
120728,199.5,"199.50 DH","CHI Rose Hip Oil Shampoo 340 ml",chi-rose-hip-oil-shampoo-340-ml,"UNIVERS PARADISCOUNT Maroc",has_dot
121111,199.5,"199.50 DH","Baume Relipidant Triple Réparation 200ml Lipikar Peaux tendance eczema atopique La Roche-Posay",baume-relipidant-triple-reparation-200ml-lipikar-peaux-tendance-eczema-atopique-la-roche-posay,"New Era Parapharmacie",has_dot
121834,199.78,"199.78 DH","Brume Seche Spf50+ Peaux Sensibles 200 ml Bariésun Uriage",brume-seche-spf50-peaux-sensibles-200-ml-bariesun-uriage,"AtelierPara Maroc",has_dot
121803,199.98,"199.98 DH","Huile Sèche SPF50+ 200ml Bariesun Uriage",huile-seche-spf50-200ml-bariesun-uriage,"UNIVERS PARADISCOUNT Maroc",has_dot
112345,200.16,"200.16 DH","Samsung CLT-C406S Toner Cyan (1000 pages)",samsung-clt-c406s-toner-cyan-1000-pages,MSLAND,has_dot
111849,200.4,"200.40 DH","Cartouche Canon CLI-42 M Magenta",cartouche-canon-cli-42-m-magenta,"NGT Maroc",has_dot
111851,200.4,"200.40 DH","Cartouche Canon CLI-42 PM Photo Magenta",cartouche-canon-cli-42-pm-photo-magenta,"NGT Maroc",has_dot
111853,200.4,"200.40 DH","Cartouche Canon CLI-42 LGY Light Gris",cartouche-canon-cli-42-lgy-light-gris,"NGT Maroc",has_dot
111855,200.4,"200.40 DH","Cartouche Canon CLI-42 PC Photo Cyan",cartouche-canon-cli-42-pc-photo-cyan,"NGT Maroc",has_dot
112174,200.4,"200.40 DH","Cartouche Canon CLI-42 GY Gris",cartouche-canon-cli-42-gy-gris,"NGT Maroc",has_dot
128059,200.4,"200.40 DH","PrintAbout CLI-42C cartouche d'encre Compatible Cyan",print-about-cli-42c-cartouche-d-encre-compatible-cyan,"NGT Maroc",has_dot
128065,200.4,"200.40 DH","PrintAbout CLI-42BK cartouche d'encre Compatible Noir",print-about-cli-42bk-cartouche-d-encre-compatible-noir,"NGT Maroc",has_dot
128075,200.4,"200.40 DH","PrintAbout CLI-42Y cartouche d'encre Compatible Jaune",print-about-cli-42y-cartouche-d-encre-compatible-jaune,"NGT Maroc",has_dot
135036,200.4,"200.40 DH","TP-Link TL-SG1005D commutateur réseau Non-géré Gigabit Ethernet (10/100/1000) Noir",tp-link-tl-sg1005d-commutateur-reseau-non-gere-gigabit-ethernet-10-100-1000-noir,"Shared Store",has_dot
121196,200.53,"200.53 DH","Cerat Relipidant Anti-irritations Peaux A Tendance Atopique 200ml Xemose Uriage",cerat-relipidant-anti-irritations-peaux-a-tendance-atopique-200ml-xemose-uriage,"GoPara Maroc",has_dot
121197,200.6,"200.60 DH","Cerat Relipidant Anti-irritations Peaux A Tendance Atopique 200ml Xemose Uriage",cerat-relipidant-anti-irritations-peaux-a-tendance-atopique-200ml-xemose-uriage,"New Era Parapharmacie",has_dot
111819,200.64,"200.64 DH","HP 103A Neverstop Toner Reload Kit (W1103A)",hp-103a-neverstop-toner-reload-kit-w1103a,Technoplace,has_dot
119895,200.64,"200.64 DH","Gel Douche Surgras Dermatologique Peaux Sensibles 1l Hygiène Uriage",gel-douche-surgras-dermatologique-peaux-sensibles-1l-hygiene-uriage,"AtelierPara Maroc",has_dot
119682,201.6,"201.60 DH","Biotherm Deo Pure 75 ml",biotherm-deo-pure-75-ml,"UNIVERS PARADISCOUNT Maroc",has_dot
121112,201.6,"201.60 DH","Baume Relipidant Triple Réparation 200ml Lipikar Peaux tendance eczema atopique La Roche-Posay",baume-relipidant-triple-reparation-200ml-lipikar-peaux-tendance-eczema-atopique-la-roche-posay,"AtelierPara Maroc",has_dot
144727,201.73,"201.73 DH","Celly VENEREBK coque de protection pour téléphones portables 16,5 cm (6.5"") Étui avec portefeuille Noir",celly-venerebk-coque-de-protection-pour-telephones-portables-16-5-cm-6-5-etui-avec-portefeuille-noir,Technoplace,has_dot
127800,202.8,"202.80 DH","Sandisk Cruzer Blade lecteur USB flash 128 Go USB Type-A 2.0 Noir, Rouge",sandisk-cruzer-blade-lecteur-usb-flash-128-go-usb-type-a-2-0-noir-rouge,"NGT Maroc",has_dot
128961,202.8,"202.80 DH","Canon CLI-36 Couleurs - Cartouche d'encre Canon d'origine (1511B001AF)",canon-cli-36-couleurs-cartouche-d-encre-canon-d-origine-1511b001af,"NGT Maroc",has_dot
119537,202.91,"202.91 DH","Bioderma Pigmentbio H2O 250 ml",bioderma-pigmentbio-h2o-250-ml,"GoPara Maroc",has_dot
119538,203.15,"203.15 DH","Bioderma Pigmentbio H2O 250 ml",bioderma-pigmentbio-h2o-250-ml,"New Era Parapharmacie",has_dot
121732,203.15,"203.15 DH","Creme Contour Des Yeux Tous Types De Peaux 15ml Duolys Acm",creme-contour-des-yeux-tous-types-de-peaux-15ml-duolys-acm,"GoPara Maroc",has_dot
121733,203.15,"203.15 DH","Creme Contour Des Yeux Tous Types De Peaux 15ml Duolys Acm",creme-contour-des-yeux-tous-types-de-peaux-15ml-duolys-acm,"New Era Parapharmacie",has_dot
121125,203.28,"203.28 DH","Uriage Eau Thermale Silky Body Lotion 500 ml",uriage-eau-thermale-silky-body-lotion-500-ml,"AtelierPara Maroc",has_dot
121478,203.28,"203.28 DH","Cica Daily Gel-Crème peaux fragilisées 40ml Bariederm Cica Uriage",cica-daily-gel-creme-peaux-fragilisees-40ml-bariederm-cica-uriage,"AtelierPara Maroc",has_dot
121394,203.94,"203.94 DH","Creme Apaisante Restauratrice 40ml Tolérance Control Peaux Réactives Avène",creme-apaisante-restauratrice-40ml-tolerance-control-peaux-reactives-avene,"AtelierPara Maroc",has_dot
121546,203.94,"203.94 DH","M Ecran Solaire Spf50+ Invisible 40ml Depiwhite Acm",m-ecran-solaire-spf50-invisible-40ml-depiwhite-acm,"AtelierPara Maroc",has_dot
121547,203.94,"203.94 DH","M Ecran Solaire Spf50+ Invisible 40ml Depiwhite Acm",m-ecran-solaire-spf50-invisible-40ml-depiwhite-acm,"UNIVERS PARADISCOUNT Maroc",has_dot
119435,204.07,"204.07 DH","Gel nettoyant anti rides et imperfections 150ml Age-Purify Filorga",gel-nettoyant-anti-rides-et-imperfections-150ml-age-purify-filorga,"UNIVERS PARADISCOUNT Maroc",has_dot
121485,204.75,"204.75 DH","Sérum effet lifting 5 ampoules x 2ml Instant Flash Effet lifting immédiat Isdin",serum-effet-lifting-5-ampoules-x-2ml-instant-flash-effet-lifting-immediat-isdin,"AtelierPara Maroc",has_dot
119865,204.78,"204.78 DH","Bioderma Atoderm Intensive Gel Moussant 1000 ml",bioderma-atoderm-intensive-gel-moussant-1000-ml,"GoPara Maroc",has_dot
119869,204.85,"204.85 DH","Crème de Douche Hydratante 1L Atoderm Peaux Normales à Sèches Bioderma",creme-de-douche-hydratante-1l-atoderm-peaux-normales-a-seches-bioderma,"New Era Parapharmacie",has_dot
120812,204.85,"204.85 DH","Shampooing Purifiant 400ml Node G Cheveux Gras Bioderma",shampooing-purifiant-400ml-node-g-cheveux-gras-bioderma,"New Era Parapharmacie",has_dot
144589,205.2,"205.20 DH","Sérum Booster quotidien fortifiant et repulpant à l'acide hyaluronique 50ml Mineral 89 Vichy",serum-booster-quotidien-fortifiant-et-repulpant-a-l-acide-hyaluronique-50ml-mineral-89-vichy,"New Era Parapharmacie",has_dot
121818,205.43,"205.43 DH","Vichy Capital Soleil Solar Eco-Designed Milk 200 ml",vichy-capital-soleil-solar-eco-designed-milk-200-ml,"GoPara Maroc",has_dot
119683,205.7,"205.70 DH","Biotherm Deo Pure 75 ml",biotherm-deo-pure-75-ml,"New Era Parapharmacie",has_dot
129028,205.83,"205.83 DH","Canon CL-446 Couleur - Cartouche d'encre Canon d'origine (8285B001AA)",canon-cl-446-couleur-cartouche-d-encre-canon-d-origine-8285b001aa,"Bestmark Maroc",has_dot
129985,206.27,"206.27 DH","Brother TZe231 ruban d'étiquette Noir sur blanc TZe (TZE231)",brother-t-ze231-ruban-d-etiquette-noir-sur-blanc-t-ze-tze231,Technoplace,has_dot
144590,207.36,"207.36 DH","Sérum Booster quotidien fortifiant et repulpant à l'acide hyaluronique 50ml Mineral 89 Vichy",serum-booster-quotidien-fortifiant-et-repulpant-a-l-acide-hyaluronique-50ml-mineral-89-vichy,"AtelierPara Maroc",has_dot
121592,207.74,"207.74 DH","Soin peeling de nuit doux 40ml Sebium Peaux mixtes à grasses Bioderma",soin-peeling-de-nuit-doux-40ml-sebium-peaux-mixtes-a-grasses-bioderma,"Para La Gloire",has_dot
119742,207.75,"207.75 DH","Vaporisateur-deo Tres Forte Transpiration 100ml Akileine Asepta",vaporisateur-deo-tres-forte-transpiration-100ml-akileine-asepta,"UNIVERS PARADISCOUNT Maroc",has_dot
121522,207.78,"207.78 DH","Masque ultra-hydratant visage 75ml Hydrabio Peaux sèches Bioderma",masque-ultra-hydratant-visage-75ml-hydrabio-peaux-seches-bioderma,"Para La Gloire",has_dot
121425,207.9,"207.90 DH","Flash 5 Ampoules 10ml The Originals Martiderm",flash-5-ampoules-10ml-the-originals-martiderm,"AtelierPara Maroc",has_dot
121806,207.9,"207.90 DH","Sesderma Repaskin 200 ml",sesderma-repaskin-200-ml,"AtelierPara Maroc",has_dot
121366,208.25,"208.25 DH","Clarins Re-Boost Masque hydratant Femmes 50 ml Crème",clarins-re-boost-masque-hydratant-femmes-50-ml-creme,"New Era Parapharmacie",has_dot
132663,208.5,"208.50 DH","Cartouche jet d'encre HP original CH561HE pour HP 122 - Noir",cartouche-jet-d-encre-hp-original-ch561he-pour-hp-122-noir,"Bestmark Maroc",has_dot
129552,208.56,"208.56 DH","HP Cartouche d’encre noire 305 authentique",hp-cartouche-d-encre-noire-305-authentique,Technoplace,has_dot
129554,208.56,"208.56 DH","HP Cartouche d’encre trois couleurs 305 authentique",hp-cartouche-d-encre-trois-couleurs-305-authentique,Technoplace,has_dot
120246,208.8,"208.80 DH","NUK Multi Dry 1 pcs",nuk-multi-dry-1-pcs,"BebeMaman Maroc",has_dot
120718,208.8,"208.80 DH","BJORN AXEN ARGAN OIL SHAMPOO 250ML",bjorn-axen-argan-oil-shampoo-250ml,"New Era Parapharmacie",has_dot
119436,209.95,"209.95 DH","Gel nettoyant anti rides et imperfections 150ml Age-Purify Filorga",gel-nettoyant-anti-rides-et-imperfections-150ml-age-purify-filorga,"New Era Parapharmacie",has_dot
121971,209.95,"209.95 DH","La Roche-Posay Hydraphase 50 ml",la-roche-posay-hydraphase-50-ml,"New Era Parapharmacie",has_dot
120047,210.32,"210.32 DH","Salerm Cosmetics Masque cheveux traités 200 ml",salerm-cosmetics-masque-cheveux-traites-200-ml,"New Era Parapharmacie",has_dot
144116,210.8,"210.80 DH","Coussinets d'allaitement lavables Colorés 8 coussinets Lansinoh",coussinets-d-allaitement-lavables-colores-8-coussinets-lansinoh,"GoPara Maroc",has_dot
120051,211.2,"211.20 DH","Salerm Cosmetics Masque argán 200 ml",salerm-cosmetics-masque-argan-200-ml,"New Era Parapharmacie",has_dot
121098,211.42,"211.42 DH","Baume Oleo Apaisant Anti Grattage 500ml Xemose Secheresses Severes Peaux Atopiques Uriage",baume-oleo-apaisant-anti-grattage-500ml-xemose-secheresses-severes-peaux-atopiques-uriage,"Para La Gloire",has_dot
120383,211.5,"211.50 DH","Pots De Conservation De Lait 4x160ml Lansinoh",pots-de-conservation-de-lait-4x160ml-lansinoh,"New Era Parapharmacie",has_dot
121523,211.86,"211.86 DH","Masque ultra-hydratant visage 75ml Hydrabio Peaux sèches Bioderma",masque-ultra-hydratant-visage-75ml-hydrabio-peaux-seches-bioderma,"AtelierPara Maroc",has_dot
121593,211.86,"211.86 DH","Soin peeling de nuit doux 40ml Sebium Peaux mixtes à grasses Bioderma",soin-peeling-de-nuit-doux-40ml-sebium-peaux-mixtes-a-grasses-bioderma,"AtelierPara Maroc",has_dot
120823,212.85,"212.85 DH","Shampooing Anti-chute a la keratine 200ml Luxeol",shampooing-anti-chute-a-la-keratine-200ml-luxeol,"AtelierPara Maroc",has_dot
128810,213.34,"213.34 DH","Canon MC-G02 - Cartouche de maintenance Canon d'origine (4589C001AA)",canon-mc-g02-cartouche-de-maintenance-canon-d-origine-4589c001aa,Technoplace,has_dot
121209,213.53,"213.53 DH","Huile Seche Multi-fonctions 50ml Huile Prodigieuse Visage Corps Et Cheveux Nuxe",huile-seche-multi-fonctions-50ml-huile-prodigieuse-visage-corps-et-cheveux-nuxe,"AtelierPara Maroc",has_dot
143943,213.84,"213.84 DH","Creme Protectrice Teintee Protection Spf50+ 40ml Depiwhite.M Acm",creme-protectrice-teintee-protection-spf50-40ml-depiwhite-m-acm,"AtelierPara Maroc",has_dot
143944,213.84,"213.84 DH","Creme Protectrice Teintee Protection Spf50+ 40ml Depiwhite.M Acm",creme-protectrice-teintee-protection-spf50-40ml-depiwhite-m-acm,"UNIVERS PARADISCOUNT Maroc",has_dot
119369,214.2,"214.20 DH","Biotherm Biosource Eau Micellaire 200 ml",biotherm-biosource-eau-micellaire-200-ml,"New Era Parapharmacie",has_dot
119546,214.5,"214.50 DH","Gelee Purifiante Micro Exoliante Peaux Mixtes 150ml Aquabella Nuxe",gelee-purifiante-micro-exoliante-peaux-mixtes-150ml-aquabella-nuxe,"AtelierPara Maroc",has_dot
118153,214.56,"214.56 DH","Logitech Wireless Mouse M235 souris Ambidextre RF sans fil Optique 1000 DPI",logitech-wireless-mouse-m235-souris-ambidextre-rf-sans-fil-optique-1000-dpi,Technoplace,has_dot
133124,214.67,"214.67 DH","Epson 101 EcoTank Black cartouche d'encreOriginal Noir",epson-101-eco-tank-black-cartouche-d-encre-original-noir,Technoplace,has_dot
117491,214.8,"214.80 DH","Urban Factory Big Crazy Mouse souris Ambidextre USB Type-A Optique 800 DPI",urban-factory-big-crazy-mouse-souris-ambidextre-usb-type-a-optique-800-dpi,Technoplace,has_dot
120038,215.1,"215.10 DH","Masque Restructurant Absolut Repair Golden 250ml",masque-restructurant-absolut-repair-golden-250ml,"UNIVERS PARADISCOUNT Maroc",has_dot
130681,215.33,"215.33 DH","Epson Globe Monobloc 267 - encre DURABrite Ultra 3 couleurs",epson-globe-monobloc-267-encre-dura-brite-ultra-3-couleurs,Technoplace,has_dot
122268,215.91,"215.91 DH","Baume à lèvres soin repulpant 4g Nutri-filler Filorga",baume-a-levres-soin-repulpant-4g-nutri-filler-filorga,"Para La Gloire",has_dot
122021,216.33,"216.33 DH","Crème anti rides 40ml Pure Vitamin C peaux sèches La Roche-Posay",creme-anti-rides-40ml-pure-vitamin-c-peaux-seches-la-roche-posay,"GoPara Maroc",has_dot
122042,216.33,"216.33 DH","Crème anti rides 40ml Pure Vitamin C peaux normales à mixtes La Roche-Posay",creme-anti-rides-40ml-pure-vitamin-c-peaux-normales-a-mixtes-la-roche-posay,"GoPara Maroc",has_dot
144602,216.46,"216.46 DH","Heliocare 360° 50 ml",heliocare-360deg-50-ml,"AtelierPara Maroc",has_dot
122269,216.7,"216.70 DH","Baume à lèvres soin repulpant 4g Nutri-filler Filorga",baume-a-levres-soin-repulpant-4g-nutri-filler-filorga,"UNIVERS PARADISCOUNT Maroc",has_dot
112544,217.09,"217.09 DH","HP GT53 135ml Black Original Ink Bottle (1VV21AE)",hp-gt53-135ml-black-original-ink-bottle-1vv21ae,Technoplace,has_dot
130167,217.6,"217.60 DH","Epson Ruban noir DFX-9000/N (15 millions de caractères)",epson-ruban-noir-dfx-9000-n-15-millions-de-caracteres,Technoplace,has_dot
124069,218.72,"218.72 DH","NGS Artica Sloth Casque Avec fil &sans fil Arceau Appels/Musique Bluetooth Noir",ngs-artica-sloth-casque-avec-fil-sans-fil-arceau-appels-musique-bluetooth-noir,Technoplace,has_dot
121198,220.24,"220.24 DH","Cerat Relipidant Anti-irritations Peaux A Tendance Atopique 200ml Xemose Uriage",cerat-relipidant-anti-irritations-peaux-a-tendance-atopique-200ml-xemose-uriage,"Para La Gloire",has_dot
112810,220.5,"220.50 DH","Cartouche HP 123 Couleur Originale",cartouche-hp-123-couleur-originale,"Bestmark Maroc",has_dot
119193,220.5,"220.50 DH","Kérastase Genesis Homme Bain de Force Quotiden pour homme 250 ml",kerastase-genesis-homme-bain-de-force-quotiden-pour-homme-250-ml,"UNIVERS PARADISCOUNT Maroc",has_dot
133319,220.5,"220.50 DH","Cartouche jet d'encre HP original F6V25AE pour HP 652 -Noir",cartouche-jet-d-encre-hp-original-f6v25ae-pour-hp-652-noir,"Bestmark Maroc",has_dot
134917,220.8,"220.80 DH","Grandstream Networks GWN7701 commutateur réseau Non-géré Gigabit Ethernet (10/100/1000) Noir",grandstream-networks-gwn7701-commutateur-reseau-non-gere-gigabit-ethernet-10-100-1000-noir,"Iris.ma Maroc",has_dot
128454,220.84,"220.84 DH","Canon CL-56 Couleur - Cartouche d'encre Canon d'origine (9064B001AA)",canon-cl-56-couleur-cartouche-d-encre-canon-d-origine-9064b001aa,"Bestmark Maroc",has_dot
129519,221.05,"221.05 DH","Brother Unité tambour (DR2000)",brother-unite-tambour-dr2000,Technoplace,has_dot
128455,222.67,"222.67 DH","Canon CL-56 Couleur - Cartouche d'encre Canon d'origine (9064B001AA)",canon-cl-56-couleur-cartouche-d-encre-canon-d-origine-9064b001aa,Technoplace,has_dot
120048,222.75,"222.75 DH","Salerm Cosmetics Masque cheveux traités 200 ml",salerm-cosmetics-masque-cheveux-traites-200-ml,"UNIVERS PARADISCOUNT Maroc",has_dot
119969,223.2,"223.20 DH","BJORN AXEN HAIR OIL SMOOTH & SHINE 75ML",bjorn-axen-hair-oil-smooth-shine-75ml,"New Era Parapharmacie",has_dot
144117,223.2,"223.20 DH","Coussinets d'allaitement lavables Colorés 8 coussinets Lansinoh",coussinets-d-allaitement-lavables-colores-8-coussinets-lansinoh,"New Era Parapharmacie",has_dot
144606,223.28,"223.28 DH","Heliocare 360° 200 ml",heliocare-360deg-200-ml,"AtelierPara Maroc",has_dot
122270,223.55,"223.55 DH","Baume à lèvres soin repulpant 4g Nutri-filler Filorga",baume-a-levres-soin-repulpant-4g-nutri-filler-filorga,"New Era Parapharmacie",has_dot
143993,224.25,"224.25 DH","Gommage Granité Ressourçant 150ml Nuxe Body Rêve de thé® Nuxe",gommage-granite-ressourcant-150ml-nuxe-body-reve-de-the-r-nuxe,"AtelierPara Maroc",has_dot
121100,224.4,"224.40 DH","Baume Oleo Apaisant Anti Grattage 500ml Xemose Secheresses Severes Peaux Atopiques Uriage",baume-oleo-apaisant-anti-grattage-500ml-xemose-secheresses-severes-peaux-atopiques-uriage,"AtelierPara Maroc",has_dot
121702,224.54,"224.54 DH","Bioderma Hydrabio Serum 40 ml",bioderma-hydrabio-serum-40-ml,"Para La Gloire",has_dot
120813,224.9,"224.90 DH","Shampooing Purifiant 400ml Node G Cheveux Gras Bioderma",shampooing-purifiant-400ml-node-g-cheveux-gras-bioderma,"Para La Gloire",has_dot
119904,225.06,"225.06 DH","Huile Lavante Apaisante 1l Xemose Peaux Tres Seches Et Atopiques Uriage",huile-lavante-apaisante-1l-xemose-peaux-tres-seches-et-atopiques-uriage,"AtelierPara Maroc",has_dot
110560,225.52,"225.52 DH","HP Clavier filaire 125",hp-clavier-filaire-125,Technoplace,has_dot
120208,225.7,"225.70 DH","AVENT BIBERON NATURAL EN VERRE 240 ML",avent-biberon-natural-en-verre-240-ml,COTEPARA,has_dot
120049,225.73,"225.73 DH","Salerm Cosmetics Masque cheveux traités 200 ml",salerm-cosmetics-masque-cheveux-traites-200-ml,"AtelierPara Maroc",has_dot
133199,226.67,"226.67 DH","Canon PG-445 cartouche d'encreOriginal Noir",canon-pg-445-cartouche-d-encre-original-noir,Technoplace,has_dot
120209,226.71,"226.71 DH","AVENT BIBERON NATURAL EN VERRE 240 ML",avent-biberon-natural-en-verre-240-ml,"UNIVERS PARADISCOUNT Maroc",has_dot
120052,226.72,"226.72 DH","Salerm Cosmetics Masque argán 200 ml",salerm-cosmetics-masque-argan-200-ml,"AtelierPara Maroc",has_dot
127539,226.8,"226.80 DH","ADATA 64GB DashDrive UV128 lecteur USB flash 64 Go USB Type-A 3.2 Gen 1 (3.1 Gen 1) Noir, Bleu",adata-64gb-dash-drive-uv128-lecteur-usb-flash-64-go-usb-type-a-3-2-gen-1-3-1-gen-1-noir-bleu,"NGT Maroc",has_dot
121704,229.02,"229.02 DH","Bioderma Hydrabio Serum 40 ml",bioderma-hydrabio-serum-40-ml,"AtelierPara Maroc",has_dot
122043,229.07,"229.07 DH","Crème anti rides 40ml Pure Vitamin C peaux normales à mixtes La Roche-Posay",creme-anti-rides-40ml-pure-vitamin-c-peaux-normales-a-mixtes-la-roche-posay,"UNIVERS PARADISCOUNT Maroc",has_dot
121176,229.13,"229.13 DH","Baume En Spray Pour Le Corps 250ml Aquaphor Eucerin",baume-en-spray-pour-le-corps-250ml-aquaphor-eucerin,"AtelierPara Maroc",has_dot
120910,229.5,"229.50 DH","Kerastase Kérastase Shampoo BAIN FORCE ARCHI, 250ml Femmes Professionnel Shampoing",kerastase-kerastase-shampoo-bain-force-archi-250ml-femmes-professionnel-shampoing,"UNIVERS PARADISCOUNT Maroc",has_dot
121814,229.5,"229.50 DH","Lait Delicieux Haute Protection Spf30 150 ml Sun Visage Et Corps Nuxe",lait-delicieux-haute-protection-spf30-150-ml-sun-visage-et-corps-nuxe,"New Era Parapharmacie",has_dot
133026,229.68,"229.68 DH","Cartouche d'encre Originale HP 655 / Magenta",cartouche-d-encre-originale-hp-655-magenta,Technoplace,has_dot
133108,229.68,"229.68 DH","Cartouche d'encre Originale HP 655 - Noir",cartouche-d-encre-originale-hp-655-noir,Technoplace,has_dot
133164,229.68,"229.68 DH","Cartouche d'encre Originale HP 655 / Cyan",cartouche-d-encre-originale-hp-655-cyan,Technoplace,has_dot
120681,230.5,"230.50 DH","Macadamia Rejuvenating 300 ml Shampoing Professionnel Femmes",macadamia-rejuvenating-300-ml-shampoing-professionnel-femmes,"UNIVERS PARADISCOUNT Maroc",has_dot
122273,231.2,"231.20 DH","Mobilis Origine coque de protection pour téléphones portables Étui Teint",mobilis-origine-coque-de-protection-pour-telephones-portables-etui-teint,Technoplace,has_dot
119906,231.48,"231.48 DH","Bioderma Atoderm Gel 1000 ml",bioderma-atoderm-gel-1000-ml,"GoPara Maroc",has_dot
119539,231.77,"231.77 DH","Bioderma Pigmentbio H2O 250 ml",bioderma-pigmentbio-h2o-250-ml,"Para La Gloire",has_dot
119907,232.05,"232.05 DH","Bioderma Atoderm Gel 1000 ml",bioderma-atoderm-gel-1000-ml,"New Era Parapharmacie",has_dot
120797,232.2,"232.20 DH","Kérastase Genesis Bain Hydra-Fortifiant 250 ml",kerastase-genesis-bain-hydra-fortifiant-250-ml,"UNIVERS PARADISCOUNT Maroc",has_dot
120799,232.2,"232.20 DH","Kérastase Spécifique Bain Divalent 250 ml",kerastase-specifique-bain-divalent-250-ml,"UNIVERS PARADISCOUNT Maroc",has_dot
120863,232.2,"232.20 DH","Kérastase Curl Manifesto Bain Hydratation Douceur 250 ml",kerastase-curl-manifesto-bain-hydratation-douceur-250-ml,"UNIVERS PARADISCOUNT Maroc",has_dot
120897,232.2,"232.20 DH","Kérastase Discipline Bain Fluidéaliste 250 ml",kerastase-discipline-bain-fluidealiste-250-ml,"UNIVERS PARADISCOUNT Maroc",has_dot
120900,232.2,"232.20 DH","Kérastase Blond Absolu Bain Ultra-Violet 250 ml",kerastase-blond-absolu-bain-ultra-violet-250-ml,"UNIVERS PARADISCOUNT Maroc",has_dot
120902,232.2,"232.20 DH","Kérastase Spécifique Bain Prévention sans silicone 250 ml",kerastase-specifique-bain-prevention-sans-silicone-250-ml,"UNIVERS PARADISCOUNT Maroc",has_dot
120903,232.2,"232.20 DH","Kérastase Genesis Bain Nutri-Fortifiant 250 ml",kerastase-genesis-bain-nutri-fortifiant-250-ml,"UNIVERS PARADISCOUNT Maroc",has_dot
120906,232.2,"232.20 DH","Kérastase Résistance Bain Extentioniste 250 ml",kerastase-resistance-bain-extentioniste-250-ml,"UNIVERS PARADISCOUNT Maroc",has_dot
108918,232.54,"232.54 DH","Logitech LGT-S120",logitech-lgt-s120,Technoplace,has_dot
131789,232.8,"232.80 DH","Cartouche jet d'encre original CANON PGI 450 - Noir (PGI-450)",cartouche-jet-d-encre-original-canon-pgi-450-noir-pgi-450,"NGT Maroc",has_dot
120384,232.98,"232.98 DH","Pots De Conservation De Lait 4x160ml Lansinoh",pots-de-conservation-de-lait-4x160ml-lansinoh,"UNIVERS PARADISCOUNT Maroc",has_dot
119192,233.1,"233.10 DH","Kérastase Genesis Homme Bain de Masse Epaississant pour homme 250 ml",kerastase-genesis-homme-bain-de-masse-epaississant-pour-homme-250-ml,"UNIVERS PARADISCOUNT Maroc",has_dot
120909,233.1,"233.10 DH","Kérastase Spécifique Bain Vital Dermo-Calm 250 ml",kerastase-specifique-bain-vital-dermo-calm-250-ml,"UNIVERS PARADISCOUNT Maroc",has_dot
143973,233.28,"233.28 DH","Clarins ClarinsMen Antiperspirant Deo Roll-On Hommes Déodorant roll-on 50 ml",clarins-clarins-men-antiperspirant-deo-roll-on-hommes-deodorant-roll-on-50-ml,"UNIVERS PARADISCOUNT Maroc",has_dot
121200,233.64,"233.64 DH","Cerat Relipidant Anti-irritations Peaux A Tendance Atopique 200ml Xemose Uriage",cerat-relipidant-anti-irritations-peaux-a-tendance-atopique-200ml-xemose-uriage,"AtelierPara Maroc",has_dot
122023,233.7,"233.70 DH","Crème anti rides 40ml Pure Vitamin C peaux sèches La Roche-Posay",creme-anti-rides-40ml-pure-vitamin-c-peaux-seches-la-roche-posay,"New Era Parapharmacie",has_dot
131898,234.67,"234.67 DH","Cartouche jet d'encre original CANON - Noir (PG-510)",cartouche-jet-d-encre-original-canon-noir-pg-510,Technoplace,has_dot
117564,235.2,"235.20 DH","HP Souris sans fil 250",hp-souris-sans-fil-250,Technoplace,has_dot
144754,235.73,"235.73 DH","Celly PBDUAL10000BK banque d'alimentation électrique Lithium Polymère (LiPo) 10000 mAh Noir",celly-pbdual10000bk-banque-d-alimentation-electrique-lithium-polymere-li-po-10000-m-ah-noir,Technoplace,has_dot
119541,236.28,"236.28 DH","Bioderma Pigmentbio H2O 250 ml",bioderma-pigmentbio-h2o-250-ml,"AtelierPara Maroc",has_dot
119542,236.28,"236.28 DH","Bioderma Pigmentbio H2O 250 ml",bioderma-pigmentbio-h2o-250-ml,COTEPARA,has_dot
119189,236.61,"236.61 DH","Bjorn Axen Conditioner Repair 250ml",bjorn-axen-conditioner-repair-250ml,"AtelierPara Maroc",has_dot
121736,236.61,"236.61 DH","Creme Contour Des Yeux Tous Types De Peaux 15ml Duolys Acm",creme-contour-des-yeux-tous-types-de-peaux-15ml-duolys-acm,"AtelierPara Maroc",has_dot
121737,236.61,"236.61 DH","Creme Contour Des Yeux Tous Types De Peaux 15ml Duolys Acm",creme-contour-des-yeux-tous-types-de-peaux-15ml-duolys-acm,"UNIVERS PARADISCOUNT Maroc",has_dot
133351,236.84,"236.84 DH","HP 27X Cartouche de toner 1 pièce(s) Original Noir (C4127X)",hp-27x-cartouche-de-toner-1-piece-s-original-noir-c4127x,Technoplace,has_dot
120053,237.6,"237.60 DH","Salerm Cosmetics Masque argán 200 ml",salerm-cosmetics-masque-argan-200-ml,"UNIVERS PARADISCOUNT Maroc",has_dot
129070,237.6,"237.60 DH","HP Cartouche d’encre Ink Advantage trois couleurs 653 authentique",hp-cartouche-d-encre-ink-advantage-trois-couleurs-653-authentique,Technoplace,has_dot
119866,238.26,"238.26 DH","Bioderma Atoderm Intensive Gel Moussant 1000 ml",bioderma-atoderm-intensive-gel-moussant-1000-ml,"AtelierPara Maroc",has_dot
119872,238.26,"238.26 DH","Crème de Douche Hydratante 1L Atoderm Peaux Normales à Sèches Bioderma",creme-de-douche-hydratante-1l-atoderm-peaux-normales-a-seches-bioderma,"AtelierPara Maroc",has_dot
120814,238.26,"238.26 DH","Shampooing Purifiant 400ml Node G Cheveux Gras Bioderma",shampooing-purifiant-400ml-node-g-cheveux-gras-bioderma,"AtelierPara Maroc",has_dot
120221,238.5,"238.50 DH","NUK Learn to Eat Set Girl",nuk-learn-to-eat-set-girl,"BebeMaman Maroc",has_dot
110808,238.8,"238.80 DH","HP Clavier et souris filaires 160",hp-clavier-et-souris-filaires-160,Technoplace,has_dot
110981,238.8,"238.80 DH","ADATA UV350 lecteur USB flash 64 Go USB Type-A Gris",adata-uv350-lecteur-usb-flash-64-go-usb-type-a-gris,"NGT Maroc",has_dot
132265,238.8,"238.80 DH","HP 901 cartouche d'encre noir authentique",hp-901-cartouche-d-encre-noir-authentique,"NGT Maroc",has_dot
120055,240.01,"240.01 DH","Salerm Cosmetics Masque argán 200 ml",salerm-cosmetics-masque-argan-200-ml,COTEPARA,has_dot
121623,241.2,"241.20 DH","Masque Pelliculable Eclaircissant 40ml Depiwhite Acm",masque-pelliculable-eclaircissant-40ml-depiwhite-acm,"Para La Gloire",has_dot
126503,241.33,"241.33 DH","ADATA AD4S32008G22-SGN Barrette Mémoire 8 Go 1 x 8 Go DDR4 3200 MHz",adata-ad4s32008g22-sgn-barrette-memoire-8-go-1-x-8-go-ddr4-3200-m-hz,Technoplace,has_dot
128412,241.39,"241.39 DH","Epson C13T09C14A cartouche d'encreOriginal Rendement standard Noir",epson-c13t09c14a-cartouche-d-encre-original-rendement-standard-noir,Technoplace,has_dot
121763,241.6,"241.60 DH","Biotherm Waterlover Sun Milk 200 ml",biotherm-waterlover-sun-milk-200-ml,"UNIVERS PARADISCOUNT Maroc",has_dot
122044,242.25,"242.25 DH","Crème anti rides 40ml Pure Vitamin C peaux normales à mixtes La Roche-Posay",creme-anti-rides-40ml-pure-vitamin-c-peaux-normales-a-mixtes-la-roche-posay,"New Era Parapharmacie",has_dot
128009,242.69,"242.69 DH","HP 903 Cartouche d’encre jaune authentique",hp-903-cartouche-d-encre-jaune-authentique,Technoplace,has_dot
128019,242.69,"242.69 DH","HP 903 Cartouche d’encre magenta authentique",hp-903-cartouche-d-encre-magenta-authentique,Technoplace,has_dot
131740,242.69,"242.69 DH","HP 903 Cartouche d’encre cyan authentique",hp-903-cartouche-d-encre-cyan-authentique,Technoplace,has_dot
121461,243.74,"243.74 DH","Uriage Dépiderm Anti-Brown Spot Intensive Night Cream 30 ml",uriage-depiderm-anti-brown-spot-intensive-night-cream-30-ml,"GoPara Maroc",has_dot
121462,243.95,"243.95 DH","Uriage Dépiderm Anti-Brown Spot Intensive Night Cream 30 ml",uriage-depiderm-anti-brown-spot-intensive-night-cream-30-ml,"New Era Parapharmacie",has_dot
122045,244.48,"244.48 DH","Crème anti rides 40ml Pure Vitamin C peaux normales à mixtes La Roche-Posay",creme-anti-rides-40ml-pure-vitamin-c-peaux-normales-a-mixtes-la-roche-posay,"AtelierPara Maroc",has_dot
119437,244.89,"244.89 DH","Gel nettoyant anti rides et imperfections 150ml Age-Purify Filorga",gel-nettoyant-anti-rides-et-imperfections-150ml-age-purify-filorga,"AtelierPara Maroc",has_dot
132516,245.33,"245.33 DH","HP 935 cartouche d'encre jaune authentique",hp-935-cartouche-d-encre-jaune-authentique,Technoplace,has_dot
144119,245.52,"245.52 DH","Coussinets d'allaitement lavables Colorés 8 coussinets Lansinoh",coussinets-d-allaitement-lavables-colores-8-coussinets-lansinoh,"UNIVERS PARADISCOUNT Maroc",has_dot
121638,245.65,"245.65 DH","Advanced Creme Intensive Anti Taches 40ml Depiwhite Acm",advanced-creme-intensive-anti-taches-40ml-depiwhite-acm,"GoPara Maroc",has_dot
121201,246.01,"246.01 DH","Crème de soin hydratante réparatrice 40ml Néocica Filorga",creme-de-soin-hydratante-reparatrice-40ml-neocica-filorga,"Para La Gloire",has_dot
121102,246.4,"246.40 DH","Sesderma C-Vit Radiance 250 ml",sesderma-c-vit-radiance-250-ml,"New Era Parapharmacie",has_dot
129024,247.07,"247.07 DH","Canon PG-445 Noir - Cartouche d'encre Canon d'origine (8283B001AA)",canon-pg-445-noir-cartouche-d-encre-canon-d-origine-8283b001aa,Technoplace,has_dot
120046,247.5,"247.50 DH","Salerm Cosmetics Masque grapeology 200 ml",salerm-cosmetics-masque-grapeology-200-ml,"UNIVERS PARADISCOUNT Maroc",has_dot
121866,247.5,"247.50 DH","Kérastase Résistance Extentioniste Thermique 150 ml",kerastase-resistance-extentioniste-thermique-150-ml,"UNIVERS PARADISCOUNT Maroc",has_dot
124009,248.4,"248.40 DH","Micro casque USB UPTEC avec suppression bruit ambiant",micro-casque-usb-uptec-avec-suppression-bruit-ambiant,Technoplace,has_dot
121859,249.3,"249.30 DH","Kérastase Discipline Fluidissime 150 ml",kerastase-discipline-fluidissime-150-ml,"UNIVERS PARADISCOUNT Maroc",has_dot
129038,249.34,"249.34 DH","Canon CL-446 Couleur - Cartouche d'encre Canon d'origine (8285B001AA)",canon-cl-446-couleur-cartouche-d-encre-canon-d-origine-8285b001aa,Technoplace,has_dot
121880,249.6,"249.60 DH","Biotherm Homme Aquapower 125 ml",biotherm-homme-aquapower-125-ml,"UNIVERS PARADISCOUNT Maroc",has_dot
120033,250.01,"250.01 DH","BIOKERA Fresh Violet Shot Masque 200ml",biokera-fresh-violet-shot-masque-200ml,COTEPARA,has_dot
120905,251.1,"251.10 DH","Kérastase Volumifique Bain Volume 250 ml",kerastase-volumifique-bain-volume-250-ml,"AtelierPara Maroc",has_dot
120911,251.1,"251.10 DH","Kerastase Kérastase Shampoo BAIN FORCE ARCHI, 250ml Femmes Professionnel Shampoing",kerastase-kerastase-shampoo-bain-force-archi-250ml-femmes-professionnel-shampoing,"AtelierPara Maroc",has_dot
133277,251.25,"251.25 DH","Cartouche jet d'encre HP original CH562HE pour HP 122 - Couleur",cartouche-jet-d-encre-hp-original-ch562he-pour-hp-122-couleur,"Bestmark Maroc",has_dot
144560,253.3,"253.30 DH","Duolys.Ce Serum 15 ml Duolys Acm",duolys-ce-serum-15-ml-duolys-acm,"New Era Parapharmacie",has_dot
119839,254.15,"254.15 DH","Nuxe Rêve de Miel Gel Lavant Surgras Édition Limitée 750 ml",nuxe-reve-de-miel-gel-lavant-surgras-edition-limitee-750-ml,"New Era Parapharmacie",has_dot
121639,254.15,"254.15 DH","Advanced Creme Intensive Anti Taches 40ml Depiwhite Acm",advanced-creme-intensive-anti-taches-40ml-depiwhite-acm,"New Era Parapharmacie",has_dot
121744,254.82,"254.82 DH","Contour des yeux anti rides et éclat 15ml Oxygen-Glow Filorga",contour-des-yeux-anti-rides-et-eclat-15ml-oxygen-glow-filorga,"AtelierPara Maroc",has_dot
119840,255.75,"255.75 DH","Nuxe Rêve de Miel Gel Lavant Surgras Édition Limitée 750 ml",nuxe-reve-de-miel-gel-lavant-surgras-edition-limitee-750-ml,"UNIVERS PARADISCOUNT Maroc",has_dot
122052,256.2,"256.20 DH","Photo Vieillissement Creme Nuit Taches Brunes Et Rides 50ml Melascreen Ducray",photo-vieillissement-creme-nuit-taches-brunes-et-rides-50ml-melascreen-ducray,"UNIVERS PARADISCOUNT Maroc",has_dot
144533,256.4,"256.40 DH","MATIS - PERFECT-MASK Masque à l'argile purifiant, effet ""nettoyage de peau"" 50ML - 1 Moment",matis-perfect-mask-masque-a-l-argile-purifiant-effet-nettoyage-de-peau-50ml-1-moment,"UNIVERS PARADISCOUNT Maroc",has_dot
120719,257.09,"257.09 DH","BJORN AXEN ARGAN OIL SHAMPOO 250ML",bjorn-axen-argan-oil-shampoo-250ml,"AtelierPara Maroc",has_dot
131072,257.2,"257.20 DH","HP 912 Cartouche d'encre noire authentique",hp-912-cartouche-d-encre-noire-authentique,"Shared Store",has_dot
121745,257.37,"257.37 DH","Contour des yeux anti rides et éclat 15ml Oxygen-Glow Filorga",contour-des-yeux-anti-rides-et-eclat-15ml-oxygen-glow-filorga,"Para La Gloire",has_dot
133297,257.39,"257.39 DH","Cartouche Jet d'Encre Original HP 123 - Noir",cartouche-jet-d-encre-original-hp-123-noir,Technoplace,has_dot
120381,257.4,"257.40 DH","Lansinoh Breastfeeding Breastmilk Storage Bags 50 pcs",lansinoh-breastfeeding-breastmilk-storage-bags-50-pcs,"UNIVERS PARADISCOUNT Maroc",has_dot
121746,257.4,"257.40 DH","Contour des yeux anti rides et éclat 15ml Oxygen-Glow Filorga",contour-des-yeux-anti-rides-et-eclat-15ml-oxygen-glow-filorga,"UNIVERS PARADISCOUNT Maroc",has_dot
119194,258.3,"258.30 DH","Kérastase Genesis Homme Bain de Force Quotiden pour homme 250 ml",kerastase-genesis-homme-bain-de-force-quotiden-pour-homme-250-ml,COTEPARA,has_dot
120773,258.3,"258.30 DH","Kérastase Blond Absolu Bain Lumière 250 ml",kerastase-blond-absolu-bain-lumiere-250-ml,"AtelierPara Maroc",has_dot
120774,258.3,"258.30 DH","Kérastase Blond Absolu Bain Lumière 250 ml",kerastase-blond-absolu-bain-lumiere-250-ml,COTEPARA,has_dot
120798,258.3,"258.30 DH","Kérastase Genesis Bain Hydra-Fortifiant 250 ml",kerastase-genesis-bain-hydra-fortifiant-250-ml,"AtelierPara Maroc",has_dot
120800,258.3,"258.30 DH","Kérastase Spécifique Bain Divalent 250 ml",kerastase-specifique-bain-divalent-250-ml,"AtelierPara Maroc",has_dot
120864,258.3,"258.30 DH","Kérastase Curl Manifesto Bain Hydratation Douceur 250 ml",kerastase-curl-manifesto-bain-hydratation-douceur-250-ml,"AtelierPara Maroc",has_dot
120865,258.3,"258.30 DH","Kérastase Curl Manifesto Bain Hydratation Douceur 250 ml",kerastase-curl-manifesto-bain-hydratation-douceur-250-ml,COTEPARA,has_dot
120898,258.3,"258.30 DH","Kérastase Discipline Bain Fluidéaliste 250 ml",kerastase-discipline-bain-fluidealiste-250-ml,"AtelierPara Maroc",has_dot
120901,258.3,"258.30 DH","Kérastase Blond Absolu Bain Ultra-Violet 250 ml",kerastase-blond-absolu-bain-ultra-violet-250-ml,"AtelierPara Maroc",has_dot
120904,258.3,"258.30 DH","Kérastase Genesis Bain Nutri-Fortifiant 250 ml",kerastase-genesis-bain-nutri-fortifiant-250-ml,"AtelierPara Maroc",has_dot
144027,258.3,"258.30 DH","Baume Restructurant Serie Expert 250ml Absolu Repair Gold L'Oréal Professionnel",baume-restructurant-serie-expert-250ml-absolu-repair-gold-l-oreal-professionnel,"AtelierPara Maroc",has_dot
144029,258.3,"258.30 DH","Masque Fixateur De Couleur Resveratrol Vitamino Color 250ml L'Oréal Professionnel",masque-fixateur-de-couleur-resveratrol-vitamino-color-250ml-l-oreal-professionnel,"AtelierPara Maroc",has_dot
133239,258.4,"258.40 DH","HP 920XL Magenta Officejet Ink Cartridge cartouche d'encre Original",hp-920xl-magenta-officejet-ink-cartridge-cartouche-d-encre-original,"Bestmark Maroc",has_dot
122053,259.02,"259.02 DH","Photo Vieillissement Creme Nuit Taches Brunes Et Rides 50ml Melascreen Ducray",photo-vieillissement-creme-nuit-taches-brunes-et-rides-50ml-melascreen-ducray,"GoPara Maroc",has_dot
122054,259.25,"259.25 DH","Photo Vieillissement Creme Nuit Taches Brunes Et Rides 50ml Melascreen Ducray",photo-vieillissement-creme-nuit-taches-brunes-et-rides-50ml-melascreen-ducray,"New Era Parapharmacie",has_dot
144746,259.42,"259.42 DH","Celly PBE10000 Lithium-Ion (Li-Ion) 10000 mAh Orange",celly-pbe10000-lithium-ion-li-ion-10000-m-ah-orange,Technoplace,has_dot
144747,259.42,"259.42 DH","Celly PBE10000 Lithium-Ion (Li-Ion) 10000 mAh Noir",celly-pbe10000-lithium-ion-li-ion-10000-m-ah-noir,Technoplace,has_dot
144749,259.42,"259.42 DH","Celly PBE10000 Lithium-Ion (Li-Ion) 10000 mAh Bleu",celly-pbe10000-lithium-ion-li-ion-10000-m-ah-bleu,Technoplace,has_dot
144756,259.42,"259.42 DH","Celly PBDUAL10000WH banque d'alimentation électrique Lithium Polymère (LiPo) 10000 mAh Blanc",celly-pbdual10000wh-banque-d-alimentation-electrique-lithium-polymere-li-po-10000-m-ah-blanc,Technoplace,has_dot
122271,260.04,"260.04 DH","Baume à lèvres soin repulpant 4g Nutri-filler Filorga",baume-a-levres-soin-repulpant-4g-nutri-filler-filorga,"AtelierPara Maroc",has_dot
121429,260.4,"260.40 DH","Proteos Hydra Plus 10 Ampoules The Originals Martiderm",proteos-hydra-plus-10-ampoules-the-originals-martiderm,"New Era Parapharmacie",has_dot
122203,260.5,"260.50 DH","Macadamia Weightless Moisture Après-shampoing professionnel 300 ml Femmes",macadamia-weightless-moisture-apres-shampoing-professionnel-300-ml-femmes,"UNIVERS PARADISCOUNT Maroc",has_dot
122206,260.5,"260.50 DH","Macadamia Ultra Rich Moisture Après-shampoing professionnel 300 ml Femmes",macadamia-ultra-rich-moisture-apres-shampoing-professionnel-300-ml-femmes,"UNIVERS PARADISCOUNT Maroc",has_dot
111508,260.66,"260.66 DH","Epson 108 Originale",epson-108-originale,Technoplace,has_dot
128425,260.66,"260.66 DH","Epson C13T09C24A cartouche d'encreOriginal Cyan",epson-c13t09c24a-cartouche-d-encre-original-cyan,Technoplace,has_dot
128432,260.66,"260.66 DH","Epson C13T09C44A cartouche d'encreOriginal Jaune",epson-c13t09c44a-cartouche-d-encre-original-jaune,Technoplace,has_dot
128815,262.67,"262.67 DH","Canon PGI-1400XL Y Jaune - Cartouche d'encre grande capacité Canon d'origine (9204B001AA)",canon-pgi-1400xl-y-jaune-cartouche-d-encre-grande-capacite-canon-d-origine-9204b001aa,Technoplace,has_dot
128822,262.67,"262.67 DH","Canon PGI-1400XL C Cyan - Cartouche d'encre grande capacité Canon d'origine (9202B001AA)",canon-pgi-1400xl-c-cyan-cartouche-d-encre-grande-capacite-canon-d-origine-9202b001aa,Technoplace,has_dot
128836,262.67,"262.67 DH","Canon PGI-1400XL M Magenta - Cartouche d'encre grande capacité Canon d'origine (9203B001AA)",canon-pgi-1400xl-m-magenta-cartouche-d-encre-grande-capacite-canon-d-origine-9203b001aa,Technoplace,has_dot
121104,262.9,"262.90 DH","Creme Relipidante Anti-irritations Peaux A Tendance Atopique 400ml Xemose Uriage",creme-relipidante-anti-irritations-peaux-a-tendance-atopique-400ml-xemose-uriage,"UNIVERS PARADISCOUNT Maroc",has_dot
120087,263.12,"263.12 DH","DOMINANCE masque clarifiant 30ml",dominance-masque-clarifiant-30ml,"New Era Parapharmacie",has_dot
119841,263.5,"263.50 DH","Nuxe Rêve de Miel Gel Lavant Surgras Édition Limitée 750 ml",nuxe-reve-de-miel-gel-lavant-surgras-edition-limitee-750-ml,"GoPara Maroc",has_dot
120588,264.96,"264.96 DH","Clinique Clarifying Lotion 1 200 ml Femmes",clinique-clarifying-lotion-1-200-ml-femmes,"UNIVERS PARADISCOUNT Maroc",has_dot
120912,265.05,"265.05 DH","Kerastase Kérastase Shampoo BAIN FORCE ARCHI, 250ml Femmes Professionnel Shampoing",kerastase-kerastase-shampoo-bain-force-archi-250ml-femmes-professionnel-shampoing,COTEPARA,has_dot
121747,265.2,"265.20 DH","Contour des yeux anti rides et éclat 15ml Oxygen-Glow Filorga",contour-des-yeux-anti-rides-et-eclat-15ml-oxygen-glow-filorga,"New Era Parapharmacie",has_dot
122118,265.3,"265.30 DH","Ducray Melascreen Eclat Crème Légère Eclaircissante SPF15 40ml",ducray-melascreen-eclat-creme-legere-eclaircissante-spf15-40ml,"Para La Gloire",has_dot
128845,265.33,"265.33 DH","HP 903 Noir - Cartouche d'encre HP d'origine (T6L99AE)",hp-903-noir-cartouche-d-encre-hp-d-origine-t6l99ae,Technoplace,has_dot
134538,265.33,"265.33 DH","ADATA Ultimate SU650 2.5"" 256 Go Série ATA III 3D NAND",adata-ultimate-su650-2-5-256-go-serie-ata-iii-3d-nand,Technoplace,has_dot
141570,265.33,"265.33 DH","TP-LINK Archer C20 routeur sans fil Bi-bande (2,4 GHz / 5 GHz) Fast Ethernet",tp-link-archer-c20-routeur-sans-fil-bi-bande-2-4-g-hz-5-g-hz-fast-ethernet,Technoplace,has_dot
121882,265.6,"265.60 DH","Biotherm Homme Basics Line pour homme 125 ml",biotherm-homme-basics-line-pour-homme-125-ml,"UNIVERS PARADISCOUNT Maroc",has_dot
126425,266.4,"266.40 DH","Hikvision Digital Technology U1 Barrette Mémoire 8 Go 1 x 8 Go DDR4 2666 MHz",hikvision-digital-technology-u1-barrette-memoire-8-go-1-x-8-go-ddr4-2666-m-hz,Technoplace,has_dot
126468,266.66,"266.66 DH","ADATA AD4S26664G19-RGN Barrette Mémoire 4 Go 1 x 4 Go DDR4 2666 MHz",adata-ad4s26664g19-rgn-barrette-memoire-4-go-1-x-4-go-ddr4-2666-m-hz,Technoplace,has_dot
119908,267.93,"267.93 DH","Bioderma Atoderm Gel 1000 ml",bioderma-atoderm-gel-1000-ml,"AtelierPara Maroc",has_dot
125022,268.51,"268.51 DH","Logitech 960 USB Casque Arceau Noir (981-000100)",logitech-960-usb-casque-arceau-noir-981-000100,Technoplace,has_dot
125076,268.51,"268.51 DH","Logitech H340 USB Computer Headset Avec audio numérique",logitech-h340-usb-computer-headset-avec-audio-numerique,Technoplace,has_dot
121531,268.81,"268.81 DH","Uriage Dépiderm Brightening Corrective Serum 30 ml",uriage-depiderm-brightening-corrective-serum-30-ml,"Para La Gloire",has_dot
122065,268.92,"268.92 DH","Soin De Nuit 50ml Hyaluron-Filler + 3x Effect Eucerin",soin-de-nuit-50ml-hyaluron-filler-3x-effect-eucerin,"New Era Parapharmacie",has_dot
121105,270.3,"270.30 DH","Creme Relipidante Anti-irritations Peaux A Tendance Atopique 400ml Xemose Uriage",creme-relipidante-anti-irritations-peaux-a-tendance-atopique-400ml-xemose-uriage,"New Era Parapharmacie",has_dot
121106,270.66,"270.66 DH","Creme Relipidante Anti-irritations Peaux A Tendance Atopique 400ml Xemose Uriage",creme-relipidante-anti-irritations-peaux-a-tendance-atopique-400ml-xemose-uriage,"GoPara Maroc",has_dot
117656,270.91,"270.91 DH","Logitech Souris sans fil Pebble M350",logitech-souris-sans-fil-pebble-m350,Technoplace,has_dot
121128,271.15,"271.15 DH","Gel Relipidant Apaisant Visage et Corps 500ml Atoderm Peaux Sensibles Bioderma",gel-relipidant-apaisant-visage-et-corps-500ml-atoderm-peaux-sensibles-bioderma,"New Era Parapharmacie",has_dot
144513,271.43,"271.43 DH","Huile Prodigieuse Néroli Bio 100ml Prodigieux® Nuxe",huile-prodigieuse-neroli-bio-100ml-prodigieux-r-nuxe,"UNIVERS PARADISCOUNT Maroc",has_dot
129277,272.4,"272.40 DH","HP 935XL cartouche d'encre cyan authentique grande capacité",hp-935xl-cartouche-d-encre-cyan-authentique-grande-capacite,"NGT Maroc",has_dot
132954,272.4,"272.40 DH","HP 935XL cartouche d'encre jaune authentique grande capacité",hp-935xl-cartouche-d-encre-jaune-authentique-grande-capacite,"NGT Maroc",has_dot
133044,272.4,"272.40 DH","HP 935XL cartouche d'encre magenta authentique grande capacité",hp-935xl-cartouche-d-encre-magenta-authentique-grande-capacite,"NGT Maroc",has_dot
120908,272.65,"272.65 DH","Kérastase Spécifique Bain Riche Dermo-Calm sans silicone 250 ml",kerastase-specifique-bain-riche-dermo-calm-sans-silicone-250-ml,COTEPARA,has_dot
128958,273.33,"273.33 DH","Canon CL-511 Couleurs - Cartouche d'encre Canon d'origine (2972B007AA)",canon-cl-511-couleurs-cartouche-d-encre-canon-d-origine-2972b007aa,Technoplace,has_dot
121374,273.6,"273.60 DH","Soin visage anti tâches uniformisant 15ml Skin Unify Filorga",soin-visage-anti-taches-uniformisant-15ml-skin-unify-filorga,"UNIVERS PARADISCOUNT Maroc",has_dot
121995,273.7,"273.70 DH","Crème Anti-Rides Raffermissante Nuit 50ml Liftactiv Specialist Vichy",creme-anti-rides-raffermissante-nuit-50ml-liftactiv-specialist-vichy,"GoPara Maroc",has_dot
122002,273.7,"273.70 DH","Vichy Liftactiv Supreme 50 ml",vichy-liftactiv-supreme-50-ml,"GoPara Maroc",has_dot
121867,275.4,"275.40 DH","Kérastase Résistance Extentioniste Thermique 150 ml",kerastase-resistance-extentioniste-thermique-150-ml,"AtelierPara Maroc",has_dot
121463,275.72,"275.72 DH","Uriage Dépiderm Anti-Brown Spot Intensive Night Cream 30 ml",uriage-depiderm-anti-brown-spot-intensive-night-cream-30-ml,"Para La Gloire",has_dot
129081,275.87,"275.87 DH","HP Cartouche d’encre Ink Advantage noire HP653 authentique",hp-cartouche-d-encre-ink-advantage-noire-hp653-authentique,Technoplace,has_dot
121792,276.5,"276.50 DH","Spray Invisible SPF50 150ml Vinosun Caudalie",spray-invisible-spf50-150ml-vinosun-caudalie,"AtelierPara Maroc",has_dot
124216,276.53,"276.53 DH","Celly Slim1 Casque Sans fil Ecouteurs Appels/Musique Bluetooth Blanc",celly-slim1-casque-sans-fil-ecouteurs-appels-musique-bluetooth-blanc,Technoplace,has_dot
121860,277.02,"277.02 DH","Kérastase Discipline Fluidissime 150 ml",kerastase-discipline-fluidissime-150-ml,"AtelierPara Maroc",has_dot
121103,277.2,"277.20 DH","Sesderma C-Vit Radiance 250 ml",sesderma-c-vit-radiance-250-ml,"UNIVERS PARADISCOUNT Maroc",has_dot
121625,277.2,"277.20 DH","Masque Pelliculable Eclaircissant 40ml Depiwhite Acm",masque-pelliculable-eclaircissant-40ml-depiwhite-acm,"AtelierPara Maroc",has_dot
121626,277.2,"277.20 DH","Masque Pelliculable Eclaircissant 40ml Depiwhite Acm",masque-pelliculable-eclaircissant-40ml-depiwhite-acm,"UNIVERS PARADISCOUNT Maroc",has_dot
121430,277.21,"277.21 DH","Proteos Hydra Plus 10 Ampoules The Originals Martiderm",proteos-hydra-plus-10-ampoules-the-originals-martiderm,"AtelierPara Maroc",has_dot
117920,278.3,"278.30 DH","Souris Optique DELL Sans fil - Noir (WM126)",souris-optique-dell-sans-fil-noir-wm126,Micromad,has_dot
110716,278.66,"278.66 DH","HP Pavilion Clavier et souris 200 pour",hp-pavilion-clavier-et-souris-200-pour,Technoplace,has_dot
127446,278.8,"278.80 DH","Sandisk Ultra Flair lecteur USB flash 256 Go USB Type-A 3.2 Gen 1 (3.1 Gen 1) Noir, Argent",sandisk-ultra-flair-lecteur-usb-flash-256-go-usb-type-a-3-2-gen-1-3-1-gen-1-noir-argent,Technoplace,has_dot
131658,279.17,"279.17 DH","Epson Ruban LQ-2070/2080/2170/2180/2190/FX-2170/2180 (8 millions de caractères*)",epson-ruban-lq-2070-2080-2170-2180-2190-fx-2170-2180-8-millions-de-caracteres,"Bestmark Maroc",has_dot
108959,279.28,"279.28 DH","Logitech Haut-parleurs stéréo Z150 Son stéréo clair",logitech-haut-parleurs-stereo-z150-son-stereo-clair,Technoplace,has_dot
142969,279.28,"279.28 DH","Logitech HD C270 webcam 3 MP 1280 x 720 pixels USB 2.0 Noir",logitech-hd-c270-webcam-3-mp-1280-x-720-pixels-usb-2-0-noir,Technoplace,has_dot
121766,279.6,"279.60 DH","Vichy Capital Soleil 200 ml",vichy-capital-soleil-200-ml,"UNIVERS PARADISCOUNT Maroc",has_dot
133260,279.6,"279.60 DH","Cartouche jet d'encre HP original CC640HE pour HP 121 - Noir",cartouche-jet-d-encre-hp-original-cc640he-pour-hp-121-noir,"NGT Maroc",has_dot
121454,279.65,"279.65 DH","Gel Régulateur pour zones dépigmentées 50ml Vitix Acm",gel-regulateur-pour-zones-depigmentees-50ml-vitix-acm,"GoPara Maroc",has_dot
121455,279.65,"279.65 DH","Gel Régulateur pour zones dépigmentées 50ml Vitix Acm",gel-regulateur-pour-zones-depigmentees-50ml-vitix-acm,"New Era Parapharmacie",has_dot
144514,279.65,"279.65 DH","Huile Prodigieuse Néroli Bio 100ml Prodigieux® Nuxe",huile-prodigieuse-neroli-bio-100ml-prodigieux-r-nuxe,"GoPara Maroc",has_dot
144515,279.65,"279.65 DH","Huile Prodigieuse Néroli Bio 100ml Prodigieux® Nuxe",huile-prodigieuse-neroli-bio-100ml-prodigieux-r-nuxe,"New Era Parapharmacie",has_dot
121343,280.5,"280.50 DH","Sesderma Samay Anti-Aging Serum 30 ml",sesderma-samay-anti-aging-serum-30-ml,"UNIVERS PARADISCOUNT Maroc",has_dot
121375,281.35,"281.35 DH","Soin visage anti tâches uniformisant 15ml Skin Unify Filorga",soin-visage-anti-taches-uniformisant-15ml-skin-unify-filorga,"New Era Parapharmacie",has_dot
119958,281.6,"281.60 DH","Neostrata Resurface Crème Visage Plus",neostrata-resurface-creme-visage-plus,"New Era Parapharmacie",has_dot
144582,284.35,"284.35 DH","Sérum nuit anti-taches 15ml PigmentBio Peaux Hyperpigmentées Bioderma",serum-nuit-anti-taches-15ml-pigment-bio-peaux-hyperpigmentees-bioderma,"UNIVERS PARADISCOUNT Maroc",has_dot
126499,284.45,"284.45 DH","ADATA AD4U26664G19-RGN Barrette Mémoire 4 Go 1 x 4 Go DDR4 2666 MHz",adata-ad4u26664g19-rgn-barrette-memoire-4-go-1-x-4-go-ddr4-2666-m-hz,Technoplace,has_dot
120675,285.12,"285.12 DH","Erayba Nutriactive N16 Collastin Conditioner Vegan 250ml",erayba-nutriactive-n16-collastin-conditioner-vegan-250ml,"AtelierPara Maroc",has_dot
143143,285.6,"285.60 DH","D-Link DAP-1360 point d'accès réseaux locaux sans fil 300 Mbit/s",d-link-dap-1360-point-d-acces-reseaux-locaux-sans-fil-300-mbit-s,Technoplace,has_dot
122003,286.2,"286.20 DH","Vichy Liftactiv Supreme 50 ml",vichy-liftactiv-supreme-50-ml,"UNIVERS PARADISCOUNT Maroc",has_dot
121567,286.45,"286.45 DH","Masque visage anti rides et éclat 75ml Oxygen-Glow Filorga",masque-visage-anti-rides-et-eclat-75ml-oxygen-glow-filorga,"New Era Parapharmacie",has_dot
126498,286.72,"286.72 DH","ADATA Premier Barrette Mémoire 8 Go 1 x 8 Go DDR4 3200 MHz",adata-premier-barrette-memoire-8-go-1-x-8-go-ddr4-3200-m-hz,Technoplace,has_dot
122055,287.4,"287.40 DH","Photo Vieillissement Creme Nuit Taches Brunes Et Rides 50ml Melascreen Ducray",photo-vieillissement-creme-nuit-taches-brunes-et-rides-50ml-melascreen-ducray,"AtelierPara Maroc",has_dot
133059,287.76,"287.76 DH","HP 935 cartouche d'encre cyan authentique",hp-935-cartouche-d-encre-cyan-authentique,Technoplace,has_dot
121426,288.3,"288.30 DH","Night Renew 10 Ampoules Platinum Martiderm",night-renew-10-ampoules-platinum-martiderm,"New Era Parapharmacie",has_dot
122072,288.75,"288.75 DH","Dsp Crema Fps 50+ 40 ml Pigment Zero Martiderm",dsp-crema-fps-50-40-ml-pigment-zero-martiderm,"UNIVERS PARADISCOUNT Maroc",has_dot
121996,289.8,"289.80 DH","Crème Anti-Rides Raffermissante Nuit 50ml Liftactiv Specialist Vichy",creme-anti-rides-raffermissante-nuit-50ml-liftactiv-specialist-vichy,"UNIVERS PARADISCOUNT Maroc",has_dot
144615,289.8,"289.80 DH","H.A Crème Anti-Rides Raffermissante 50ml Liftactiv Peau sèche Vichy",h-a-creme-anti-rides-raffermissante-50ml-liftactiv-peau-seche-vichy,"UNIVERS PARADISCOUNT Maroc",has_dot
121203,289.85,"289.85 DH","Crème de soin hydratante réparatrice 40ml Néocica Filorga",creme-de-soin-hydratante-reparatrice-40ml-neocica-filorga,"New Era Parapharmacie",has_dot
121568,290.13,"290.13 DH","Masque visage anti rides et éclat 75ml Oxygen-Glow Filorga",masque-visage-anti-rides-et-eclat-75ml-oxygen-glow-filorga,"Para La Gloire",has_dot
121488,290.25,"290.25 DH","Ampoule Hydra B Peaux Sensibles 30ml [A] [B3] [C] Svr",ampoule-hydra-b-peaux-sensibles-30ml-a-b3-c-svr,"UNIVERS PARADISCOUNT Maroc",has_dot
133262,290.4,"290.40 DH","Cartouche jet d'encre HP original CC640HE pour HP 121 - Noir",cartouche-jet-d-encre-hp-original-cc640he-pour-hp-121-noir,"Bestmark Maroc",has_dot
119842,291.53,"291.53 DH","Nuxe Rêve de Miel Gel Lavant Surgras Édition Limitée 750 ml",nuxe-reve-de-miel-gel-lavant-surgras-edition-limitee-750-ml,"AtelierPara Maroc",has_dot
110544,291.6,"291.60 DH","DELL KM3322W clavier Souris incluse RF sans fil QWERTY Noir",dell-km3322w-clavier-souris-incluse-rf-sans-fil-qwerty-noir,Technoplace,has_dot
120801,292.5,"292.50 DH","Kérastase Chronologiste Bain Régénérant 250 ml",kerastase-chronologiste-bain-regenerant-250-ml,"AtelierPara Maroc",has_dot
121489,292.5,"292.50 DH","Ampoule Hydra B Peaux Sensibles 30ml [A] [B3] [C] Svr",ampoule-hydra-b-peaux-sensibles-30ml-a-b3-c-svr,"Para La Gloire",has_dot
121997,292.56,"292.56 DH","Crème Anti-Rides Raffermissante Nuit 50ml Liftactiv Specialist Vichy",creme-anti-rides-raffermissante-nuit-50ml-liftactiv-specialist-vichy,"Para La Gloire",has_dot
122004,292.56,"292.56 DH","Vichy Liftactiv Supreme 50 ml",vichy-liftactiv-supreme-50-ml,"Para La Gloire",has_dot
144616,292.56,"292.56 DH","H.A Crème Anti-Rides Raffermissante 50ml Liftactiv Peau sèche Vichy",h-a-creme-anti-rides-raffermissante-50ml-liftactiv-peau-seche-vichy,"Para La Gloire",has_dot
121653,292.9,"292.90 DH","Sérum visage anti imperfections 30ml Effaclar Peaux tendance acnéique La Roche-Posay",serum-visage-anti-imperfections-30ml-effaclar-peaux-tendance-acneique-la-roche-posay,"GoPara Maroc",has_dot
121672,292.9,"292.90 DH","Serum Visage Anti Rides Hyalu B5 Acide Hyaluronique 30ml Hyalu B5 La Roche-Posay",serum-visage-anti-rides-hyalu-b5-acide-hyaluronique-30ml-hyalu-b5-la-roche-posay,"GoPara Maroc",has_dot
144583,293.25,"293.25 DH","Sérum nuit anti-taches 15ml PigmentBio Peaux Hyperpigmentées Bioderma",serum-nuit-anti-taches-15ml-pigment-bio-peaux-hyperpigmentees-bioderma,"New Era Parapharmacie",has_dot
122097,293.7,"293.70 DH","Soin De Jour SPF30 50ml Anti-Pigment Eucerin",soin-de-jour-spf30-50ml-anti-pigment-eucerin,"UNIVERS PARADISCOUNT Maroc",has_dot
122110,293.7,"293.70 DH","Soin De Nuit 50ml Anti-Pigment Eucerin",soin-de-nuit-50ml-anti-pigment-eucerin,"UNIVERS PARADISCOUNT Maroc",has_dot
119091,294.25,"294.25 DH","Oral-B Vitality Adulte Brosse à dents rotative oscillante Rose",oral-b-vitality-adulte-brosse-a-dents-rotative-oscillante-rose,"AtelierPara Maroc",has_dot
119095,294.25,"294.25 DH","Oral-B Vitality Enfant Brosse à dents rotative oscillante Rouge",oral-b-vitality-enfant-brosse-a-dents-rotative-oscillante-rouge,"UNIVERS PARADISCOUNT Maroc",has_dot
119097,294.25,"294.25 DH","Oral-B Stages Power D100 Frozen Enfant Brosse à dents rotative Bleu, Blanc",oral-b-stages-power-d100-frozen-enfant-brosse-a-dents-rotative-bleu-blanc,"UNIVERS PARADISCOUNT Maroc",has_dot
143871,294.25,"294.25 DH","Oral-B Vitality D100 Sensi UltraThin Adulte Brosse à dents rotative Gris, Blanc",oral-b-vitality-d100-sensi-ultra-thin-adulte-brosse-a-dents-rotative-gris-blanc,"AtelierPara Maroc",has_dot
119092,294.26,"294.26 DH","Oral-B Vitality Adulte Brosse à dents rotative oscillante Rose",oral-b-vitality-adulte-brosse-a-dents-rotative-oscillante-rose,"UNIVERS PARADISCOUNT Maroc",has_dot
143872,294.26,"294.26 DH","Oral-B Vitality D100 Sensi UltraThin Adulte Brosse à dents rotative Gris, Blanc",oral-b-vitality-d100-sensi-ultra-thin-adulte-brosse-a-dents-rotative-gris-blanc,"UNIVERS PARADISCOUNT Maroc",has_dot
119098,294.27,"294.27 DH","Oral-B Stages Power D100 Frozen Enfant Brosse à dents rotative Bleu, Blanc",oral-b-stages-power-d100-frozen-enfant-brosse-a-dents-rotative-bleu-blanc,"AtelierPara Maroc",has_dot
131678,294.75,"294.75 DH","HP 933XL cartouche d'encre jaune grande capacité authentique",hp-933xl-cartouche-d-encre-jaune-grande-capacite-authentique,"Bestmark Maroc",has_dot
132743,294.75,"294.75 DH","HP 933XL cartouche d'encre magenta grande capacité authentique",hp-933xl-cartouche-d-encre-magenta-grande-capacite-authentique,"Bestmark Maroc",has_dot
132935,294.75,"294.75 DH","HP 933XL cartouche d'encre cyan grande capacité authentique",hp-933xl-cartouche-d-encre-cyan-grande-capacite-authentique,"Bestmark Maroc",has_dot
144561,295.02,"295.02 DH","Duolys.Ce Serum 15 ml Duolys Acm",duolys-ce-serum-15-ml-duolys-acm,"AtelierPara Maroc",has_dot
144562,295.02,"295.02 DH","Duolys.Ce Serum 15 ml Duolys Acm",duolys-ce-serum-15-ml-duolys-acm,"UNIVERS PARADISCOUNT Maroc",has_dot
121767,295.45,"295.45 DH","Vichy Capital Soleil 200 ml",vichy-capital-soleil-200-ml,"New Era Parapharmacie",has_dot
122098,295.48,"295.48 DH","Soin De Jour SPF30 50ml Anti-Pigment Eucerin",soin-de-jour-spf30-50ml-anti-pigment-eucerin,"New Era Parapharmacie",has_dot
122111,295.48,"295.48 DH","Soin De Nuit 50ml Anti-Pigment Eucerin",soin-de-nuit-50ml-anti-pigment-eucerin,"New Era Parapharmacie",has_dot
132303,295.79,"295.79 DH","Epson C13T03P14A recharge d'encre pour imprimante Originale",epson-c13t03p14a-recharge-d-encre-pour-imprimante-originale,Technoplace,has_dot
121642,296.01,"296.01 DH","Advanced Creme Intensive Anti Taches 40ml Depiwhite Acm",advanced-creme-intensive-anti-taches-40ml-depiwhite-acm,"AtelierPara Maroc",has_dot
121643,296.01,"296.01 DH","Advanced Creme Intensive Anti Taches 40ml Depiwhite Acm",advanced-creme-intensive-anti-taches-40ml-depiwhite-acm,"UNIVERS PARADISCOUNT Maroc",has_dot
121186,296.18,"296.18 DH","DS white lait corporel aux actifs éclaircissants Placentor Végétal",ds-white-lait-corporel-aux-actifs-eclaircissants-placentor-vegetal,"UNIVERS PARADISCOUNT Maroc",has_dot
112523,296.25,"296.25 DH","HP 651 cartouche Ink Advantage authentique, noir",hp-651-cartouche-ink-advantage-authentique-noir,"Bestmark Maroc",has_dot
120088,296.34,"296.34 DH","DOMINANCE masque clarifiant 30ml",dominance-masque-clarifiant-30ml,"UNIVERS PARADISCOUNT Maroc",has_dot
121350,297.5,"297.50 DH","Nuxe Bio Organic 30 ml",nuxe-bio-organic-30-ml,"GoPara Maroc",has_dot
121538,297.5,"297.50 DH","Photo Vieillissement Serum Global Taches Brunes Et Rides 30ml Melascreen Ducray",photo-vieillissement-serum-global-taches-brunes-et-rides-30ml-melascreen-ducray,"New Era Parapharmacie",has_dot
121352,298.78,"298.78 DH","Sérum anti-rides au Rétinol régénérant resurfaçant 30ml Retinol B3 La Roche-Posay",serum-anti-rides-au-retinol-regenerant-resurfacant-30ml-retinol-b3-la-roche-posay,"GoPara Maroc",has_dot
127153,298.8,"298.80 DH","ADATA Premier 128 Go MicroSDXC UHS-I Classe 10",adata-premier-128-go-micro-sdxc-uhs-i-classe-10,"NGT Maroc",has_dot
121316,300.02,"300.02 DH","ISDIN Isdinceutics Night Peel 10x2 ml",isdin-isdinceutics-night-peel-10x2-ml,COTEPARA,has_dot
129628,300.32,"300.32 DH","Epson EcoTank 112 Originale",epson-eco-tank-112-originale,Technoplace,has_dot
121185,300.96,"300.96 DH","DS white lait corporel aux actifs éclaircissants Placentor Végétal",ds-white-lait-corporel-aux-actifs-eclaircissants-placentor-vegetal,"New Era Parapharmacie",has_dot
126485,301.33,"301.33 DH","Hikvision Digital Technology S1 Barrette Mémoire 8 Go 1 x 8 Go DDR4 3200 MHz",hikvision-digital-technology-s1-barrette-memoire-8-go-1-x-8-go-ddr4-3200-m-hz,Technoplace,has_dot
145269,301.53,"301.53 DH","Téléphone Sans Fil GIGASET A170 - Noir",telephone-sans-fil-gigaset-a170-noir,Fournipro.ma,has_dot
121275,301.84,"301.84 DH","Covermark – Luminous Sérum Éclaircissant – 20 Ml",covermark-luminous-serum-eclaircissant-20-ml,"New Era Parapharmacie",has_dot
120090,302.07,"302.07 DH","DOMINANCE masque clarifiant 30ml",dominance-masque-clarifiant-30ml,"AtelierPara Maroc",has_dot
121768,302.9,"302.90 DH","Vichy Capital Soleil 200 ml",vichy-capital-soleil-200-ml,COTEPARA,has_dot
144564,303.08,"303.08 DH","Crème anti-taches SPF 50 40ml PigmentBio Peaux hyperpigmentées Bioderma",creme-anti-taches-spf-50-40ml-pigment-bio-peaux-hyperpigmentees-bioderma,"GoPara Maroc",has_dot
121539,303.45,"303.45 DH","Photo Vieillissement Serum Global Taches Brunes Et Rides 30ml Melascreen Ducray",photo-vieillissement-serum-global-taches-brunes-et-rides-30ml-melascreen-ducray,"GoPara Maroc",has_dot
144565,303.45,"303.45 DH","Crème anti-taches SPF 50 40ml PigmentBio Peaux hyperpigmentées Bioderma",creme-anti-taches-spf-50-40ml-pigment-bio-peaux-hyperpigmentees-bioderma,"New Era Parapharmacie",has_dot
144621,303.45,"303.45 DH","Avène PhysioLift 30 ml",avene-physio-lift-30-ml,"New Era Parapharmacie",has_dot
127458,303.6,"303.60 DH","SanDisk IXpand Mini lecteur USB flash 16 Go USB Type-A / Lightning 3.2 Gen 1 (3.1 Gen 1) Gris, Argent",san-disk-i-xpand-mini-lecteur-usb-flash-16-go-usb-type-a-lightning-3-2-gen-1-3-1-gen-1-gris-argent,Technoplace,has_dot
133016,303.6,"303.60 DH","HP 21 cartouche d'encre noir authentique",hp-21-cartouche-d-encre-noir-authentique,"NGT Maroc",has_dot
121187,305.15,"305.15 DH","DS white lait corporel aux actifs éclaircissants Placentor Végétal",ds-white-lait-corporel-aux-actifs-eclaircissants-placentor-vegetal,"GoPara Maroc",has_dot
121194,305.18,"305.18 DH","Filorga Nutri Modeling 200 ml",filorga-nutri-modeling-200-ml,"Para La Gloire",has_dot
122076,305.25,"305.25 DH","Dsp Crema Renovacion 40 ml Pigment Zero Martiderm",dsp-crema-renovacion-40-ml-pigment-zero-martiderm,"UNIVERS PARADISCOUNT Maroc",has_dot
121998,305.9,"305.90 DH","Crème Anti-Rides Raffermissante Nuit 50ml Liftactiv Specialist Vichy",creme-anti-rides-raffermissante-nuit-50ml-liftactiv-specialist-vichy,"New Era Parapharmacie",has_dot
122006,305.9,"305.90 DH","Vichy Liftactiv Supreme 50 ml",vichy-liftactiv-supreme-50-ml,"New Era Parapharmacie",has_dot
144617,305.9,"305.90 DH","H.A Crème Anti-Rides Raffermissante 50ml Liftactiv Peau sèche Vichy",h-a-creme-anti-rides-raffermissante-50ml-liftactiv-peau-seche-vichy,"New Era Parapharmacie",has_dot
121260,305.97,"305.97 DH","Dermedic Capilarte 150 ml",dermedic-capilarte-150-ml,"New Era Parapharmacie",has_dot
112814,306.24,"306.24 DH","Cartouche HP 123 Couleur Originale",cartouche-hp-123-couleur-originale,Technoplace,has_dot
131075,306.24,"306.24 DH","HP 912 Cartouche d'encre noire authentique",hp-912-cartouche-d-encre-noire-authentique,Technoplace,has_dot
128967,306.67,"306.67 DH","Canon CLI-36 Couleurs - Cartouche d'encre Canon d'origine (1511B001AF)",canon-cli-36-couleurs-cartouche-d-encre-canon-d-origine-1511b001af,Technoplace,has_dot
131818,306.67,"306.67 DH","HP 963 Cartouche d'encre jaune authentique",hp-963-cartouche-d-encre-jaune-authentique,Technoplace,has_dot
124274,307.2,"307.20 DH","Samsung Level U2 Écouteurs Sans fil Minerve Appels/Musique Bluetooth Noir",samsung-level-u2-ecouteurs-sans-fil-minerve-appels-musique-bluetooth-noir,Technoplace,has_dot
120586,308.16,"308.16 DH","Clinique Foaming Sonic Facial Soap Mousse nettoyante Femmes 150 ml",clinique-foaming-sonic-facial-soap-mousse-nettoyante-femmes-150-ml,"UNIVERS PARADISCOUNT Maroc",has_dot
122007,308.52,"308.52 DH","Vichy Liftactiv Supreme 50 ml",vichy-liftactiv-supreme-50-ml,"AtelierPara Maroc",has_dot
121999,309.12,"309.12 DH","Crème Anti-Rides Raffermissante Nuit 50ml Liftactiv Specialist Vichy",creme-anti-rides-raffermissante-nuit-50ml-liftactiv-specialist-vichy,"AtelierPara Maroc",has_dot
144618,309.12,"309.12 DH","H.A Crème Anti-Rides Raffermissante 50ml Liftactiv Peau sèche Vichy",h-a-creme-anti-rides-raffermissante-50ml-liftactiv-peau-seche-vichy,"AtelierPara Maroc",has_dot
121496,309.34,"309.34 DH","Uriage Age Protect Multi-Action Fluid 40 ml",uriage-age-protect-multi-action-fluid-40-ml,"Para La Gloire",has_dot
121490,309.76,"309.76 DH","Ampoule Hydra B Peaux Sensibles 30ml [A] [B3] [C] Svr",ampoule-hydra-b-peaux-sensibles-30ml-a-b3-c-svr,"New Era Parapharmacie",has_dot
144762,309.89,"309.89 DH","Samsung EB-P1100C 10000 mAh Argent",samsung-eb-p1100c-10000-m-ah-argent,Technoplace,has_dot
119912,309.96,"309.96 DH","Huile de Douche 1L Atoderm Corps et Visage Peaux Très Sèches à Atopiques Bioderma",huile-de-douche-1l-atoderm-corps-et-visage-peaux-tres-seches-a-atopiques-bioderma,"AtelierPara Maroc",has_dot
120592,310.25,"310.25 DH","Clinique Liquid Facial Soap Liquide nettoyant Unisexe 200 ml",clinique-liquid-facial-soap-liquide-nettoyant-unisexe-200-ml,"New Era Parapharmacie",has_dot
133068,310.5,"310.50 DH","HP 920XL cartouche d'encre cyan grande capacité authentique",hp-920xl-cartouche-d-encre-cyan-grande-capacite-authentique,"Bestmark Maroc",has_dot
133255,310.5,"310.50 DH","HP 920XL cartouche d'encre jaune grande capacité authentique",hp-920xl-cartouche-d-encre-jaune-grande-capacite-authentique,"Bestmark Maroc",has_dot
114010,310.54,"310.54 DH","Epson Collecteur encre usagée",epson-collecteur-encre-usagee,Technoplace,has_dot
132971,310.8,"310.80 DH","Cartouche jet d'encre HP original CD971AE pour HP 920 - Noir",cartouche-jet-d-encre-hp-original-cd971ae-pour-hp-920-noir,"NGT Maroc",has_dot
119913,311.52,"311.52 DH","Huile de Douche 1L Atoderm Corps et Visage Peaux Très Sèches à Atopiques Bioderma",huile-de-douche-1l-atoderm-corps-et-visage-peaux-tres-seches-a-atopiques-bioderma,COTEPARA,has_dot
122187,312.48,"312.48 DH","Uriage Age Protect Multi-Action Detox Night Cream 40 ml",uriage-age-protect-multi-action-detox-night-cream-40-ml,"Para La Gloire",has_dot
126467,313.2,"313.20 DH","Hikvision Digital Technology HS-SODIMM-S1 Barrette Mémoire 8 Go 1 x 8 Go DDR4 2666 MHz",hikvision-digital-technology-hs-sodimm-s1-barrette-memoire-8-go-1-x-8-go-ddr4-2666-m-hz,Technoplace,has_dot
121265,313.65,"313.65 DH","Densi-solutions Concentre Createur De Masse Capillaire 100ml Dercos Vichy",densi-solutions-concentre-createur-de-masse-capillaire-100ml-dercos-vichy,"GoPara Maroc",has_dot
121108,315.48,"315.48 DH","Creme Relipidante Anti-irritations Peaux A Tendance Atopique 400ml Xemose Uriage",creme-relipidante-anti-irritations-peaux-a-tendance-atopique-400ml-xemose-uriage,"AtelierPara Maroc",has_dot
121353,316.33,"316.33 DH","Sérum anti-rides au Rétinol régénérant resurfaçant 30ml Retinol B3 La Roche-Posay",serum-anti-rides-au-retinol-regenerant-resurfacant-30ml-retinol-b3-la-roche-posay,"UNIVERS PARADISCOUNT Maroc",has_dot
121655,316.33,"316.33 DH","Sérum visage anti imperfections 30ml Effaclar Peaux tendance acnéique La Roche-Posay",serum-visage-anti-imperfections-30ml-effaclar-peaux-tendance-acneique-la-roche-posay,"UNIVERS PARADISCOUNT Maroc",has_dot
121673,316.33,"316.33 DH","Serum Visage Anti Rides Hyalu B5 Acide Hyaluronique 30ml Hyalu B5 La Roche-Posay",serum-visage-anti-rides-hyalu-b5-acide-hyaluronique-30ml-hyalu-b5-la-roche-posay,"UNIVERS PARADISCOUNT Maroc",has_dot
119959,316.8,"316.80 DH","Neostrata Resurface Crème Visage Plus",neostrata-resurface-creme-visage-plus,"UNIVERS PARADISCOUNT Maroc",has_dot
130416,318.67,"318.67 DH","HP 903XL Cartouche d’encre cyan grande capacité authentique",hp-903xl-cartouche-d-encre-cyan-grande-capacite-authentique,Technoplace,has_dot
120593,320.4,"320.40 DH","Clinique Liquid Facial Soap Liquide nettoyant Unisexe 200 ml",clinique-liquid-facial-soap-liquide-nettoyant-unisexe-200-ml,"UNIVERS PARADISCOUNT Maroc",has_dot
144518,320.78,"320.78 DH","Huile Prodigieuse Néroli Bio 100ml Prodigieux® Nuxe",huile-prodigieuse-neroli-bio-100ml-prodigieux-r-nuxe,"AtelierPara Maroc",has_dot
120587,321.3,"321.30 DH","Clinique Foaming Sonic Facial Soap Mousse nettoyante Femmes 150 ml",clinique-foaming-sonic-facial-soap-mousse-nettoyante-femmes-150-ml,"New Era Parapharmacie",has_dot
120665,321.75,"321.75 DH","Eau Delicieuse Parfumante 100 ml Sun Nuxe",eau-delicieuse-parfumante-100-ml-sun-nuxe,"UNIVERS PARADISCOUNT Maroc",has_dot
121166,321.75,"321.75 DH","Eau Delassante Parfumante 100ml Body Nuxe",eau-delassante-parfumante-100ml-body-nuxe,"UNIVERS PARADISCOUNT Maroc",has_dot
144459,321.75,"321.75 DH","Eau Exaltante Parfumante 100ml Nuxe Body Rêve de thé® Nuxe",eau-exaltante-parfumante-100ml-nuxe-body-reve-de-the-r-nuxe,"UNIVERS PARADISCOUNT Maroc",has_dot
144543,321.75,"321.75 DH","SESDERMA K-VIT SERUM ANTICERNES - 30 mL",sesderma-k-vit-serum-anticernes-30-m-l,"UNIVERS PARADISCOUNT Maroc",has_dot
122188,321.94,"321.94 DH","Uriage Age Protect Multi-Action Peeling Night Cream 50 ml",uriage-age-protect-multi-action-peeling-night-cream-50-ml,"Para La Gloire",has_dot
143915,322.2,"322.20 DH","Kérastase Genesis Homme Cire D'Épaisseur Texturisante pour homme 75 ml",kerastase-genesis-homme-cire-d-epaisseur-texturisante-pour-homme-75-ml,"UNIVERS PARADISCOUNT Maroc",has_dot
132219,322.99,"322.99 DH","Epson Globe Cartouche 266 - encre DURABrite Ultra N",epson-globe-cartouche-266-encre-dura-brite-ultra-n,Technoplace,has_dot
119022,323.1,"323.10 DH","Kérastase Curl Manifesto Fondant Hydration Essentielle 250 ml",kerastase-curl-manifesto-fondant-hydration-essentielle-250-ml,"UNIVERS PARADISCOUNT Maroc",has_dot
122067,324.43,"324.43 DH","Soin De Nuit 50ml Hyaluron-Filler + 3x Effect Eucerin",soin-de-nuit-50ml-hyaluron-filler-3x-effect-eucerin,"Azana Maroc",has_dot
121406,324.9,"324.90 DH","Crème de nuit anti-rides anti-tâches Peptide 50ml Liftactiv Vichy",creme-de-nuit-anti-rides-anti-taches-peptide-50ml-liftactiv-vichy,"New Era Parapharmacie",has_dot
135009,325.15,"325.15 DH","TP-Link TL-SG105E commutateur réseau Géré L2 Gigabit Ethernet (10/100/1000) Noir (TL-SG105E)",tp-link-tl-sg105e-commutateur-reseau-gere-l2-gigabit-ethernet-10-100-1000-noir-tl-sg105e,Technoplace,has_dot
135400,325.15,"325.15 DH","TP-LINK TL-SG1008D commutateur réseau Non-géré Gigabit Ethernet (10/100/1000) Noir (TL-SG1008D)",tp-link-tl-sg1008d-commutateur-reseau-non-gere-gigabit-ethernet-10-100-1000-noir-tl-sg1008d,Technoplace,has_dot
122073,325.5,"325.50 DH","Dsp Crema Fps 50+ 40 ml Pigment Zero Martiderm",dsp-crema-fps-50-40-ml-pigment-zero-martiderm,"New Era Parapharmacie",has_dot
121457,325.71,"325.71 DH","Gel Régulateur pour zones dépigmentées 50ml Vitix Acm",gel-regulateur-pour-zones-depigmentees-50ml-vitix-acm,"AtelierPara Maroc",has_dot
121458,325.71,"325.71 DH","Gel Régulateur pour zones dépigmentées 50ml Vitix Acm",gel-regulateur-pour-zones-depigmentees-50ml-vitix-acm,"UNIVERS PARADISCOUNT Maroc",has_dot
112606,326.4,"326.40 DH","Epson T7741 Originale",epson-t7741-originale,Technoplace,has_dot
118458,328.43,"328.43 DH","Logitech C310 webcam (960-001065)",logitech-c310-webcam-960-001065,Technoplace,has_dot
124925,328.8,"328.80 DH","Logitech H390 USB Computer Headset Son numérique amélioré et commandes intégrées (981-000406)",logitech-h390-usb-computer-headset-son-numerique-ameliore-et-commandes-integrees-981-000406,"EVO TRADING Store Maroc",has_dot
120591,331.2,"331.20 DH","Clinique Clarifying Lotion 4 Lotion nettoyante Femmes 200 ml",clinique-clarifying-lotion-4-lotion-nettoyante-femmes-200-ml,"UNIVERS PARADISCOUNT Maroc",has_dot
120666,331.5,"331.50 DH","Eau Delicieuse Parfumante 100 ml Sun Nuxe",eau-delicieuse-parfumante-100-ml-sun-nuxe,"New Era Parapharmacie",has_dot
120686,331.5,"331.50 DH","Henkel Bombshell Blonde Shampoo 1000 ml Shampoing Unisexe",henkel-bombshell-blonde-shampoo-1000-ml-shampoing-unisexe,"New Era Parapharmacie",has_dot
122158,331.5,"331.50 DH","Creme Gel Multi Correction 40ml Prodigieuse Boost Peaux Normales A Mixtes Nuxe",creme-gel-multi-correction-40ml-prodigieuse-boost-peaux-normales-a-mixtes-nuxe,"New Era Parapharmacie",has_dot
144460,331.5,"331.50 DH","Eau Exaltante Parfumante 100ml Nuxe Body Rêve de thé® Nuxe",eau-exaltante-parfumante-100ml-nuxe-body-reve-de-the-r-nuxe,"GoPara Maroc",has_dot
121376,331.65,"331.65 DH","Soin visage anti tâches uniformisant 15ml Skin Unify Filorga",soin-visage-anti-taches-uniformisant-15ml-skin-unify-filorga,"Para La Gloire",has_dot
121266,332.1,"332.10 DH","Densi-solutions Concentre Createur De Masse Capillaire 100ml Dercos Vichy",densi-solutions-concentre-createur-de-masse-capillaire-100ml-dercos-vichy,"UNIVERS PARADISCOUNT Maroc",has_dot
144739,332.5,"332.50 DH","Samsung EF-QF711 coque de protection pour téléphones portables 17 cm (6.7&quot;) Housse Transparent",samsung-ef-qf711-coque-de-protection-pour-telephones-portables-17-cm-6-7-quot-housse-transparent,"Bestmark Maroc",has_dot
132945,333.33,"333.33 DH","HP 124A toner LaserJet noir authentique",hp-124a-toner-laser-jet-noir-authentique,Technoplace,has_dot
123993,333.34,"333.34 DH","Casque Micro Gaming HyperX Cloud Stinger Core / Noir",casque-micro-gaming-hyper-x-cloud-stinger-core-noir,Technoplace,has_dot
128761,333.34,"333.34 DH","Canon PFI-300CO Optimisation de chrominance - Cartouche d'encre Canon d'origine (4201C001AA)",canon-pfi-300co-optimisation-de-chrominance-cartouche-d-encre-canon-d-origine-4201c001aa,Technoplace,has_dot
129220,333.34,"333.34 DH","Canon PFI-300PBK Noir photo - Cartouche d'encre Canon d'origine (4193C001AA)",canon-pfi-300pbk-noir-photo-cartouche-d-encre-canon-d-origine-4193c001aa,Technoplace,has_dot
129226,333.34,"333.34 DH","Canon PFI-300MBK Noir mat - Cartouche d'encre Canon d'origine (4192C001AA)",canon-pfi-300mbk-noir-mat-cartouche-d-encre-canon-d-origine-4192c001aa,Technoplace,has_dot
129233,333.34,"333.34 DH","Canon PFI-300PM Magenta photo - Cartouche d'encre Canon d'origine (4198C001AA)",canon-pfi-300pm-magenta-photo-cartouche-d-encre-canon-d-origine-4198c001aa,Technoplace,has_dot
129238,333.34,"333.34 DH","Canon PFI-300R Rouge - Cartouche d'encre Canon d'origine (4199C001AA)",canon-pfi-300r-rouge-cartouche-d-encre-canon-d-origine-4199c001aa,Technoplace,has_dot
129245,333.34,"333.34 DH","Canon PFI-300GY Gris - Cartouche d'encre Canon d'origine (4200C001AA)",canon-pfi-300gy-gris-cartouche-d-encre-canon-d-origine-4200c001aa,Technoplace,has_dot
129251,333.34,"333.34 DH","Canon PFI-300PC Cyan photo - Cartouche d'encre Canon d'origine (4197C001AA)",canon-pfi-300pc-cyan-photo-cartouche-d-encre-canon-d-origine-4197c001aa,Technoplace,has_dot
129258,333.34,"333.34 DH","Canon PFI-300PC Cyan photo - Cartouche d'encre Canon d'origine (4194C001AA)",canon-pfi-300pc-cyan-photo-cartouche-d-encre-canon-d-origine-4194c001aa,Technoplace,has_dot
129264,333.34,"333.34 DH","Canon PFI-300Y Jaune - Cartouche d'encre Canon d'origine (4196C001AA)",canon-pfi-300y-jaune-cartouche-d-encre-canon-d-origine-4196c001aa,Technoplace,has_dot
129271,333.34,"333.34 DH","Canon PFI-300M Magenta - Cartouche d'encre Canon d'origine (4195C001AA)",canon-pfi-300m-magenta-cartouche-d-encre-canon-d-origine-4195c001aa,Technoplace,has_dot
121540,333.5,"333.50 DH","Photo Vieillissement Serum Global Taches Brunes Et Rides 30ml Melascreen Ducray",photo-vieillissement-serum-global-taches-brunes-et-rides-30ml-melascreen-ducray,"UNIVERS PARADISCOUNT Maroc",has_dot
121355,334.4,"334.40 DH","Sérum anti-rides au Rétinol régénérant resurfaçant 30ml Retinol B3 La Roche-Posay",serum-anti-rides-au-retinol-regenerant-resurfacant-30ml-retinol-b3-la-roche-posay,"New Era Parapharmacie",has_dot
121387,334.4,"334.40 DH","Serum Visage 30ml Pure Vitamin C10 Anti Rides Anti Oxydant La Roche-Posay",serum-visage-30ml-pure-vitamin-c10-anti-rides-anti-oxydant-la-roche-posay,"New Era Parapharmacie",has_dot
121656,334.4,"334.40 DH","Sérum visage anti imperfections 30ml Effaclar Peaux tendance acnéique La Roche-Posay",serum-visage-anti-imperfections-30ml-effaclar-peaux-tendance-acneique-la-roche-posay,"New Era Parapharmacie",has_dot
121675,334.4,"334.40 DH","Serum Visage Anti Rides Hyalu B5 Acide Hyaluronique 30ml Hyalu B5 La Roche-Posay",serum-visage-anti-rides-hyalu-b5-acide-hyaluronique-30ml-hyalu-b5-la-roche-posay,"New Era Parapharmacie",has_dot
144585,334.74,"334.74 DH","Sérum nuit anti-taches 15ml PigmentBio Peaux Hyperpigmentées Bioderma",serum-nuit-anti-taches-15ml-pigment-bio-peaux-hyperpigmentees-bioderma,"Para La Gloire",has_dot
121344,336.62,"336.62 DH","Sesderma Samay Anti-Aging Serum 30 ml",sesderma-samay-anti-aging-serum-30-ml,"AtelierPara Maroc",has_dot
121356,337.28,"337.28 DH","Sérum anti-rides au Rétinol régénérant resurfaçant 30ml Retinol B3 La Roche-Posay",serum-anti-rides-au-retinol-regenerant-resurfacant-30ml-retinol-b3-la-roche-posay,"AtelierPara Maroc",has_dot
121657,337.28,"337.28 DH","Sérum visage anti imperfections 30ml Effaclar Peaux tendance acnéique La Roche-Posay",serum-visage-anti-imperfections-30ml-effaclar-peaux-tendance-acneique-la-roche-posay,"AtelierPara Maroc",has_dot
121676,337.28,"337.28 DH","Serum Visage Anti Rides Hyalu B5 Acide Hyaluronique 30ml Hyalu B5 La Roche-Posay",serum-visage-anti-rides-hyalu-b5-acide-hyaluronique-30ml-hyalu-b5-la-roche-posay,"AtelierPara Maroc",has_dot
141595,338.4,"338.40 DH","D-Link DIR-816L routeur sans fil Fast Ethernet Bi-bande (2,4 GHz / 5 GHz) Noir",d-link-dir-816l-routeur-sans-fil-fast-ethernet-bi-bande-2-4-g-hz-5-g-hz-noir,Technoplace,has_dot
135253,338.59,"338.59 DH","Hikvision Digital Technology DS-3E0105P-E/M(B) commutateur vidéo",hikvision-digital-technology-ds-3e0105p-e-m-b-commutateur-video,Technoplace,has_dot
122170,339.15,"339.15 DH","Filorga HYDRA-FILLER MAT 50 ml",filorga-hydra-filler-mat-50-ml,"New Era Parapharmacie",has_dot
121511,341.04,"341.04 DH","Uriage Age Protect Multi-Action Cream SPF 30 40 ml",uriage-age-protect-multi-action-cream-spf-30-40-ml,"Para La Gloire",has_dot
110434,341.17,"341.17 DH","HP Clavier et souris sans fil 300",hp-clavier-et-souris-sans-fil-300,"Bestmark Maroc",has_dot
121262,341.22,"341.22 DH","Dermedic Capilarte 150 ml",dermedic-capilarte-150-ml,"UNIVERS PARADISCOUNT Maroc",has_dot
144586,341.22,"341.22 DH","Sérum nuit anti-taches 15ml PigmentBio Peaux Hyperpigmentées Bioderma",serum-nuit-anti-taches-15ml-pigment-bio-peaux-hyperpigmentees-bioderma,"AtelierPara Maroc",has_dot
128886,341.25,"341.25 DH","HP 932 cartouche d'encre noir authentique",hp-932-cartouche-d-encre-noir-authentique,"Bestmark Maroc",has_dot
129280,341.25,"341.25 DH","HP 935XL cartouche d'encre cyan authentique grande capacité",hp-935xl-cartouche-d-encre-cyan-authentique-grande-capacite,"Bestmark Maroc",has_dot
132956,341.25,"341.25 DH","HP 935XL cartouche d'encre jaune authentique grande capacité",hp-935xl-cartouche-d-encre-jaune-authentique-grande-capacite,"Bestmark Maroc",has_dot
133046,341.25,"341.25 DH","HP 935XL cartouche d'encre magenta authentique grande capacité",hp-935xl-cartouche-d-encre-magenta-authentique-grande-capacite,"Bestmark Maroc",has_dot
121263,341.55,"341.55 DH","Dermedic Capilarte 150 ml",dermedic-capilarte-150-ml,"AtelierPara Maroc",has_dot
121492,343.02,"343.02 DH","Ampoule Hydra B Peaux Sensibles 30ml [A] [B3] [C] Svr",ampoule-hydra-b-peaux-sensibles-30ml-a-b3-c-svr,"AtelierPara Maroc",has_dot
127726,343.2,"343.20 DH","SanDisk IXpand Mini 32GB lecteur USB flash 32 Go USB Type-A / Lightning 3.2 Gen 1 (3.1 Gen 1) Gris, Argent",san-disk-i-xpand-mini-32gb-lecteur-usb-flash-32-go-usb-type-a-lightning-3-2-gen-1-3-1-gen-1-gris-argent,Technoplace,has_dot
144544,343.2,"343.20 DH","SESDERMA K-VIT SERUM ANTICERNES - 30 mL",sesderma-k-vit-serum-anticernes-30-m-l,"New Era Parapharmacie",has_dot
122077,344.1,"344.10 DH","Dsp Crema Renovacion 40 ml Pigment Zero Martiderm",dsp-crema-renovacion-40-ml-pigment-zero-martiderm,"New Era Parapharmacie",has_dot
133456,344.4,"344.40 DH","Canon CL-52 cartouche d'encre Original Noir, Cyan, Magenta",canon-cl-52-cartouche-d-encre-original-noir-cyan-magenta,"NGT Maroc",has_dot
120250,344.5,"344.50 DH","NUK Welcome Set",nuk-welcome-set,"Baby And Mom",has_dot
128026,345.34,"345.34 DH","HP 963 Cartouche d'encre magenta authentique",hp-963-cartouche-d-encre-magenta-authentique,Technoplace,has_dot
128035,345.34,"345.34 DH","HP 963 Cartouche d'encre cyan authentique",hp-963-cartouche-d-encre-cyan-authentique,Technoplace,has_dot
121628,346.5,"346.50 DH","Sesderma Reti Age 30 ml",sesderma-reti-age-30-ml,"UNIVERS PARADISCOUNT Maroc",has_dot
121934,346.5,"346.50 DH","Eye Correct 2x10 ml Platinum Martiderm",eye-correct-2x10-ml-platinum-martiderm,"UNIVERS PARADISCOUNT Maroc",has_dot
122183,346.5,"346.50 DH","Sesderma C-Vit à la vitamine C 50 ml",sesderma-c-vit-a-la-vitamine-c-50-ml,"UNIVERS PARADISCOUNT Maroc",has_dot
122074,346.52,"346.52 DH","Dsp Crema Fps 50+ 40 ml Pigment Zero Martiderm",dsp-crema-fps-50-40-ml-pigment-zero-martiderm,"AtelierPara Maroc",has_dot
121650,347.05,"347.05 DH","Crème de jour anti rides et éclat 50ml Oxygen-Glow Tous Types De Peaux Filorga",creme-de-jour-anti-rides-et-eclat-50ml-oxygen-glow-tous-types-de-peaux-filorga,"UNIVERS PARADISCOUNT Maroc",has_dot
122100,347.1,"347.10 DH","Soin De Jour SPF30 50ml Anti-Pigment Eucerin",soin-de-jour-spf30-50ml-anti-pigment-eucerin,"AtelierPara Maroc",has_dot
122113,347.1,"347.10 DH","Soin De Nuit 50ml Anti-Pigment Eucerin",soin-de-nuit-50ml-anti-pigment-eucerin,"AtelierPara Maroc",has_dot
129737,347.36,"347.36 DH","HP 503A toner LaserJet jaune authentique",hp-503a-toner-laser-jet-jaune-authentique,Technoplace,has_dot
131365,347.36,"347.36 DH","HP 502A toner LaserJet magenta authentique",hp-502a-toner-laser-jet-magenta-authentique,Technoplace,has_dot
131368,347.36,"347.36 DH","HP 503A toner LaserJet cyan authentique",hp-503a-toner-laser-jet-cyan-authentique,Technoplace,has_dot
121645,347.65,"347.65 DH","Masque visage exfoliant gommage anti-pollution et éclat 55ml Cleansers Filorga",masque-visage-exfoliant-gommage-anti-pollution-et-eclat-55ml-cleansers-filorga,"New Era Parapharmacie",has_dot
133382,349.33,"349.33 DH","HP 933XL High Yield Cyan Original Ink Cartridge cartouche d'encre",hp-933xl-high-yield-cyan-original-ink-cartridge-cartouche-d-encre,Technoplace,has_dot
110506,350.18,"350.18 DH","HP Ensemble combiné clavier et souris filaires 225",hp-ensemble-combine-clavier-et-souris-filaires-225,Technoplace,has_dot
120734,350.46,"350.46 DH","Salerm Cosmetics Shampoing Spécifique Pellicules 300 ml",salerm-cosmetics-shampoing-specifique-pellicules-300-ml,"UNIVERS PARADISCOUNT Maroc",has_dot
121268,350.55,"350.55 DH","Densi-solutions Concentre Createur De Masse Capillaire 100ml Dercos Vichy",densi-solutions-concentre-createur-de-masse-capillaire-100ml-dercos-vichy,"New Era Parapharmacie",has_dot
144574,352.55,"352.55 DH","Crème de nuit unifiante 50ml PigmentBio Peaux hyperpigmentées Bioderma",creme-de-nuit-unifiante-50ml-pigment-bio-peaux-hyperpigmentees-bioderma,"UNIVERS PARADISCOUNT Maroc",has_dot
124924,352.8,"352.80 DH","Logitech H390 USB Computer Headset Son numérique amélioré et commandes intégrées (981-000406)",logitech-h390-usb-computer-headset-son-numerique-ameliore-et-commandes-integrees-981-000406,Technoplace,has_dot
144567,353.1,"353.10 DH","Crème anti-taches SPF 50 40ml PigmentBio Peaux hyperpigmentées Bioderma",creme-anti-taches-spf-50-40ml-pigment-bio-peaux-hyperpigmentees-bioderma,"AtelierPara Maroc",has_dot
144568,353.1,"353.10 DH","Crème anti-taches SPF 50 40ml PigmentBio Peaux hyperpigmentées Bioderma",creme-anti-taches-spf-50-40ml-pigment-bio-peaux-hyperpigmentees-bioderma,"UNIVERS PARADISCOUNT Maroc",has_dot
131414,353.6,"353.60 DH","Epson C13T07C14A recharge d'encre pour imprimante Originale",epson-c13t07c14a-recharge-d-encre-pour-imprimante-originale,Technoplace,has_dot
131571,353.6,"353.60 DH","Epson 115 Ecotank cartouche d'encreOriginal Jaune",epson-115-ecotank-cartouche-d-encre-original-jaune,Technoplace,has_dot
131580,353.6,"353.60 DH","Epson 15 EcoTank cartouche d'encreOriginal Gris",epson-15-eco-tank-cartouche-d-encre-original-gris,Technoplace,has_dot
131589,353.6,"353.60 DH","Epson 115 EcoTank cartouche d'encreOriginal Magenta",epson-115-eco-tank-cartouche-d-encre-original-magenta,Technoplace,has_dot
131598,353.6,"353.60 DH","Epson 115 EcoTank cartouche d'encreOriginal Cyan",epson-115-eco-tank-cartouche-d-encre-original-cyan,Technoplace,has_dot
131609,353.6,"353.60 DH","Epson 115 EcoTank cartouche d'encreOriginal Noir",epson-115-eco-tank-cartouche-d-encre-original-noir,Technoplace,has_dot
121269,354.56,"354.56 DH","Densi-solutions Concentre Createur De Masse Capillaire 100ml Dercos Vichy",densi-solutions-concentre-createur-de-masse-capillaire-100ml-dercos-vichy,"AtelierPara Maroc",has_dot
118303,354.72,"354.72 DH","Lenovo 4X30M56887 souris Ambidextre RF sans fil Optique 1200 DPI (4X30M56887)",lenovo-4x30m56887-souris-ambidextre-rf-sans-fil-optique-1200-dpi-4x30m56887,Technoplace,has_dot
143916,357.3,"357.30 DH","Kérastase Genesis Homme Cire D'Épaisseur Texturisante pour homme 75 ml",kerastase-genesis-homme-cire-d-epaisseur-texturisante-pour-homme-75-ml,"AtelierPara Maroc",has_dot
124615,357.84,"357.84 DH","Lenovo IdeaPad Gaming H100 Casque Avec fil Arceau Jouer Noir",lenovo-idea-pad-gaming-h100-casque-avec-fil-arceau-jouer-noir,Technoplace,has_dot
121651,357.85,"357.85 DH","Crème de jour anti rides et éclat 50ml Oxygen-Glow Tous Types De Peaux Filorga",creme-de-jour-anti-rides-et-eclat-50ml-oxygen-glow-tous-types-de-peaux-filorga,"New Era Parapharmacie",has_dot
110816,358.4,"358.40 DH","Logitech MK330 clavier RF sans fil AZERTY Français Noir (920-003968)",logitech-mk330-clavier-rf-sans-fil-azerty-francais-noir-920-003968,Technoplace,has_dot
144596,358.56,"358.56 DH","SENSILIS SUPREME CONTOUR YEUX 15mL",sensilis-supreme-contour-yeux-15m-l,"New Era Parapharmacie",has_dot
121894,359.55,"359.55 DH","Biotherm Cera Repair Barrier Cream 30 ml",biotherm-cera-repair-barrier-cream-30-ml,"New Era Parapharmacie",has_dot
121290,361.25,"361.25 DH","Clarins PURE-RESET sérum peau neuve imperfections - Peaux jeunes - Rééquilibrant et anti-imperfections 30ml",clarins-pure-reset-serum-peau-neuve-imperfections-peaux-jeunes-reequilibrant-et-anti-imperfections-30ml,"New Era Parapharmacie",has_dot
121885,361.25,"361.25 DH","Clarins RE-BOOST MATTE crème hydra-matifiante 50ml",clarins-re-boost-matte-creme-hydra-matifiante-50ml,"New Era Parapharmacie",has_dot
121886,361.25,"361.25 DH","Clarins RE-BOOST RICH crème hydra-nourissante 50ml",clarins-re-boost-rich-creme-hydra-nourissante-50ml,"New Era Parapharmacie",has_dot
144575,363.18,"363.18 DH","Crème de nuit unifiante 50ml PigmentBio Peaux hyperpigmentées Bioderma",creme-de-nuit-unifiante-50ml-pigment-bio-peaux-hyperpigmentees-bioderma,"GoPara Maroc",has_dot
144576,363.8,"363.80 DH","Crème de nuit unifiante 50ml PigmentBio Peaux hyperpigmentées Bioderma",creme-de-nuit-unifiante-50ml-pigment-bio-peaux-hyperpigmentees-bioderma,"New Era Parapharmacie",has_dot
121498,364.28,"364.28 DH","Uriage Age Protect Multi-Action Intensive Serum 30 ml",uriage-age-protect-multi-action-intensive-serum-30-ml,"Para La Gloire",has_dot
120071,364.5,"364.50 DH","Kérastase Résistance Masque Force Architecte 200 ml",kerastase-resistance-masque-force-architecte-200-ml,"UNIVERS PARADISCOUNT Maroc",has_dot
122029,365.5,"365.50 DH","La Crème Velours Effet Liftant 50ml Merveillance lift Nuxe",la-creme-velours-effet-liftant-50ml-merveillance-lift-nuxe,"New Era Parapharmacie",has_dot
122035,365.5,"365.50 DH","La Crème Poudrée Effet Liftant 50ml Merveillance lift Nuxe",la-creme-poudree-effet-liftant-50ml-merveillance-lift-nuxe,"New Era Parapharmacie",has_dot
121823,365.76,"365.76 DH","Gelee Teintee Fondante Bronzage Intensif 200ml Sun Beauty Lancaster",gelee-teintee-fondante-bronzage-intensif-200ml-sun-beauty-lancaster,"UNIVERS PARADISCOUNT Maroc",has_dot
122078,366.32,"366.32 DH","Dsp Crema Renovacion 40 ml Pigment Zero Martiderm",dsp-crema-renovacion-40-ml-pigment-zero-martiderm,"AtelierPara Maroc",has_dot
133496,367.2,"367.20 DH","Lexmark 1040995 ruban d'impression Noir",lexmark-1040995-ruban-d-impression-noir,"NGT Maroc",has_dot
121452,369.6,"369.60 DH","ISDIN Isdinceutics Flavo-C 30 ml",isdin-isdinceutics-flavo-c-30-ml,"New Era Parapharmacie",has_dot
121629,369.6,"369.60 DH","Sesderma Reti Age 30 ml",sesderma-reti-age-30-ml,"New Era Parapharmacie",has_dot
122184,369.6,"369.60 DH","Sesderma C-Vit à la vitamine C 50 ml",sesderma-c-vit-a-la-vitamine-c-50-ml,"New Era Parapharmacie",has_dot
121288,369.9,"369.90 DH","Guinot masque Vital Antirides - Soin visage : Anti-âge et lissant",guinot-masque-vital-antirides-soin-visage-anti-age-et-lissant,"UNIVERS PARADISCOUNT Maroc",has_dot
120075,370.8,"370.80 DH","Kérastase Discipline Maskeratine 200 ml",kerastase-discipline-maskeratine-200-ml,"UNIVERS PARADISCOUNT Maroc",has_dot
121864,370.8,"370.80 DH","Kérastase Curl Manifesto Refresh Absolu 190 ml",kerastase-curl-manifesto-refresh-absolu-190-ml,"AtelierPara Maroc",has_dot
121865,370.8,"370.80 DH","Kérastase Curl Manifesto Refresh Absolu 190 ml",kerastase-curl-manifesto-refresh-absolu-190-ml,COTEPARA,has_dot
121420,371.25,"371.25 DH","Dsp Serum Iluminador 30 ml Pigment Zero Martiderm",dsp-serum-iluminador-30-ml-pigment-zero-martiderm,"UNIVERS PARADISCOUNT Maroc",has_dot
120068,371.7,"371.70 DH","Kérastase Blond Absolu Masque Ultra-Violet 200 ml",kerastase-blond-absolu-masque-ultra-violet-200-ml,"UNIVERS PARADISCOUNT Maroc",has_dot
120066,372.6,"372.60 DH","Kérastase Curl Manifesto Masque Beurre Haute Nutrition 200 ml",kerastase-curl-manifesto-masque-beurre-haute-nutrition-200-ml,"UNIVERS PARADISCOUNT Maroc",has_dot
120073,372.6,"372.60 DH","Kérastase Genesis Masque Reconstituant 200 ml",kerastase-genesis-masque-reconstituant-200-ml,"UNIVERS PARADISCOUNT Maroc",has_dot
119975,373.5,"373.50 DH","Kérastase Curl Manifesto Huile Sublime Repair 50 ml",kerastase-curl-manifesto-huile-sublime-repair-50-ml,"UNIVERS PARADISCOUNT Maroc",has_dot
120069,373.5,"373.50 DH","Kérastase Résistance Masque Extentioniste 200 ml",kerastase-resistance-masque-extentioniste-200-ml,"UNIVERS PARADISCOUNT Maroc",has_dot
128485,373.55,"373.55 DH","HP 912XL Cartouche d'encre jaune authentique, grande capacité",hp-912xl-cartouche-d-encre-jaune-authentique-grande-capacite,Technoplace,has_dot
131051,373.55,"373.55 DH","HP 912XL Cartouche d'encre cyan authentique, grande capacité",hp-912xl-cartouche-d-encre-cyan-authentique-grande-capacite,Technoplace,has_dot
131061,373.55,"373.55 DH","HP 912XL Cartouche d'encre magenta authentique, grande capacité",hp-912xl-cartouche-d-encre-magenta-authentique-grande-capacite,Technoplace,has_dot
144698,374.17,"374.17 DH","Samsung EF-NG955 coque de protection pour téléphones portables 15,8 cm (6.2"") Folio Or",samsung-ef-ng955-coque-de-protection-pour-telephones-portables-15-8-cm-6-2-folio-or,Fournipro.ma,has_dot
144748,374.32,"374.32 DH","Celly Powerbank Energy 20000 [SHOCK] Lithium-Ion (Li-Ion) 20000 mAh Noir",celly-powerbank-energy-20000-shock-lithium-ion-li-ion-20000-m-ah-noir,Technoplace,has_dot
131592,374.4,"374.40 DH","Epson 115 EcoTank cartouche d'encreOriginal Magenta",epson-115-eco-tank-cartouche-d-encre-original-magenta,"Shared Store",has_dot
131601,374.4,"374.40 DH","Epson 115 EcoTank cartouche d'encreOriginal Cyan",epson-115-eco-tank-cartouche-d-encre-original-cyan,"Shared Store",has_dot
121668,379.5,"379.50 DH","Sesderma C-Vit 30 ml",sesderma-c-vit-30-ml,"UNIVERS PARADISCOUNT Maroc",has_dot
120669,380.25,"380.25 DH","Eau Delicieuse Parfumante 100 ml Sun Nuxe",eau-delicieuse-parfumante-100-ml-sun-nuxe,"AtelierPara Maroc",has_dot
144463,380.25,"380.25 DH","Eau Exaltante Parfumante 100ml Nuxe Body Rêve de thé® Nuxe",eau-exaltante-parfumante-100ml-nuxe-body-reve-de-the-r-nuxe,"AtelierPara Maroc",has_dot
128733,380.4,"380.40 DH","Canon Cartouche d'encre couleur haute autonomie CL-513 C/M/Y (2971B001)",canon-cartouche-d-encre-couleur-haute-autonomie-cl-513-c-m-y-2971b001,"NGT Maroc",has_dot
119020,380.7,"380.70 DH","Kérastase Genesis Fondant Renforçateur 200 ml",kerastase-genesis-fondant-renforcateur-200-ml,"AtelierPara Maroc",has_dot
119023,380.7,"380.70 DH","Kérastase Curl Manifesto Fondant Hydration Essentielle 250 ml",kerastase-curl-manifesto-fondant-hydration-essentielle-250-ml,"AtelierPara Maroc",has_dot
110894,382.42,"382.42 DH","DELL KM636 clavier RF sans fil Noir",dell-km636-clavier-rf-sans-fil-noir,Technoplace,has_dot
124220,383.06,"383.06 DH","Celly Slide1 Casque Sans fil Ecouteurs Appels/Musique Bluetooth Blanc",celly-slide1-casque-sans-fil-ecouteurs-appels-musique-bluetooth-blanc,Technoplace,has_dot
124223,383.06,"383.06 DH","Celly Slide1 Casque Sans fil Ecouteurs Appels/Musique Bluetooth Noir",celly-slide1-casque-sans-fil-ecouteurs-appels-musique-bluetooth-noir,Technoplace,has_dot
127310,384.19,"384.19 DH","HP Ensemble combiné clavier et souris sans fil 330",hp-ensemble-combine-clavier-et-souris-sans-fil-330,Technoplace,has_dot
144545,386.1,"386.10 DH","SESDERMA K-VIT SERUM ANTICERNES - 30 mL",sesderma-k-vit-serum-anticernes-30-m-l,COTEPARA,has_dot
121935,386.12,"386.12 DH","Eye Correct 2x10 ml Platinum Martiderm",eye-correct-2x10-ml-platinum-martiderm,"AtelierPara Maroc",has_dot
122180,386.12,"386.12 DH","Sesderma Reti Age 50 ml",sesderma-reti-age-50-ml,"AtelierPara Maroc",has_dot
144546,386.12,"386.12 DH","SESDERMA K-VIT SERUM ANTICERNES - 30 mL",sesderma-k-vit-serum-anticernes-30-m-l,"AtelierPara Maroc",has_dot
114930,386.4,"386.40 DH","Lenovo GX20P92529 adaptateur de puissance & onduleur Intérieure 65 W Noir",lenovo-gx20p92529-adaptateur-de-puissance-onduleur-interieure-65-w-noir,Technoplace,has_dot
122207,387.2,"387.20 DH","Fillerina 12 Densifying-Filler - grade 3 Eye Contour Cream - 1 Moment",fillerina-12-densifying-filler-grade-3-eye-contour-cream-1-moment,"New Era Parapharmacie",has_dot
122250,387.2,"387.20 DH","Fillerina 12HA Lip Contour Cream Grade 3 15ml",fillerina-12ha-lip-contour-cream-grade-3-15ml,"New Era Parapharmacie",has_dot
122030,387.75,"387.75 DH","La Crème Velours Effet Liftant 50ml Merveillance lift Nuxe",la-creme-velours-effet-liftant-50ml-merveillance-lift-nuxe,"UNIVERS PARADISCOUNT Maroc",has_dot
122036,387.75,"387.75 DH","La Crème Poudrée Effet Liftant 50ml Merveillance lift Nuxe",la-creme-poudree-effet-liftant-50ml-merveillance-lift-nuxe,"BebeMaman Maroc",has_dot
122037,387.75,"387.75 DH","La Crème Poudrée Effet Liftant 50ml Merveillance lift Nuxe",la-creme-poudree-effet-liftant-50ml-merveillance-lift-nuxe,"UNIVERS PARADISCOUNT Maroc",has_dot
122049,387.75,"387.75 DH","La Crème Concentrée de Nuit 50ml Merveillance lift Nuxe",la-creme-concentree-de-nuit-50ml-merveillance-lift-nuxe,"UNIVERS PARADISCOUNT Maroc",has_dot
122059,387.75,"387.75 DH","Concentre Antioxydant 30ml C25 Cream Prévenir Dermaceutic",concentre-antioxydant-30ml-c25-cream-prevenir-dermaceutic,"UNIVERS PARADISCOUNT Maroc",has_dot
122060,390.1,"390.10 DH","Concentre Antioxydant 30ml C25 Cream Prévenir Dermaceutic",concentre-antioxydant-30ml-c25-cream-prevenir-dermaceutic,"New Era Parapharmacie",has_dot
121937,390.6,"390.60 DH","Eye Correct 2x10 ml Platinum Martiderm",eye-correct-2x10-ml-platinum-martiderm,"New Era Parapharmacie",has_dot
124258,390.83,"390.83 DH","Apple EarPods Casque Avec fil Ecouteurs Appels/Musique Blanc",apple-ear-pods-casque-avec-fil-ecouteurs-appels-musique-blanc,"Bestmark Maroc",has_dot
132225,391.5,"391.50 DH","HP 940XL High Yield Magenta Original Ink Cartridge cartouche d'encreRendement élevé (XL)",hp-940xl-high-yield-magenta-original-ink-cartridge-cartouche-d-encre-rendement-eleve-xl,"Bestmark Maroc",has_dot
132477,391.5,"391.50 DH","HP 940XL High Yield Cyan Original Ink Cartridge cartouche d'encreRendement élevé (XL)",hp-940xl-high-yield-cyan-original-ink-cartridge-cartouche-d-encre-rendement-eleve-xl,"Bestmark Maroc",has_dot
132378,392.4,"392.40 DH","HP 940 Black Original Ink Cartridge cartouche d'encreRendement standard Noir",hp-940-black-original-ink-cartridge-cartouche-d-encre-rendement-standard-noir,"NGT Maroc",has_dot
128769,394.67,"394.67 DH","Canon PGI-2400XL M Magenta - Cartouche d'encre grande capacité Canon d'origine (9275B001AA)",canon-pgi-2400xl-m-magenta-cartouche-d-encre-grande-capacite-canon-d-origine-9275b001aa,Technoplace,has_dot
128826,394.67,"394.67 DH","Canon PGI-1400XL BK Noir - Cartouche d'encre grande capacité Canon d'origine (9185B001AA)",canon-pgi-1400xl-bk-noir-cartouche-d-encre-grande-capacite-canon-d-origine-9185b001aa,Technoplace,has_dot
134971,395.17,"395.17 DH","TP-Link TL-SG108 commutateur réseau Non-géré L2 Gigabit Ethernet (10/100/1000) Noir (TL-SG108)",tp-link-tl-sg108-commutateur-reseau-non-gere-l2-gigabit-ethernet-10-100-1000-noir-tl-sg108,Technoplace,has_dot
113849,396.67,"396.67 DH","Imprimante Canon PIXMA G2420 à Réservoir Intégré - Noir",imprimante-canon-pixma-g2420-a-reservoir-integre-noir,Technoplace,has_dot
137141,396.67,"396.67 DH","Canon PIXMA G2411 Jet d'encre A4 4800 x 1200 DPI 8,8 ppm",canon-pixma-g2411-jet-d-encre-a4-4800-x-1200-dpi-8-8-ppm,Technoplace,has_dot
108904,398.4,"398.40 DH","Logitech Z150",logitech-z150,Technoplace,has_dot
142996,398.4,"398.40 DH","Lenovo 4XC1B34802 webcam 2 MP 1920 x 1080 pixels USB 2.0 Noir (4XC1B34802)",lenovo-4xc1b34802-webcam-2-mp-1920-x-1080-pixels-usb-2-0-noir-4xc1b34802,Technoplace,has_dot
121648,399.4,"399.40 DH","Filorga Hydra Filler 50 ml",filorga-hydra-filler-50-ml,"Para La Gloire",has_dot
122171,399.4,"399.40 DH","Filorga HYDRA-FILLER MAT 50 ml",filorga-hydra-filler-mat-50-ml,"Para La Gloire",has_dot
122031,399.5,"399.50 DH","La Crème Velours Effet Liftant 50ml Merveillance lift Nuxe",la-creme-velours-effet-liftant-50ml-merveillance-lift-nuxe,"GoPara Maroc",has_dot
122039,399.5,"399.50 DH","La Crème Poudrée Effet Liftant 50ml Merveillance lift Nuxe",la-creme-poudree-effet-liftant-50ml-merveillance-lift-nuxe,"GoPara Maroc",has_dot
127740,399.6,"399.60 DH","SanDisk IXpand Mini 64GB lecteur USB flash 64 Go USB Type-A / Lightning 3.2 Gen 1 (3.1 Gen 1) Gris, Argent",san-disk-i-xpand-mini-64gb-lecteur-usb-flash-64-go-usb-type-a-lightning-3-2-gen-1-3-1-gen-1-gris-argent,Technoplace,has_dot
121649,402.05,"402.05 DH","Filorga Hydra Filler 50 ml",filorga-hydra-filler-50-ml,"New Era Parapharmacie",has_dot
144157,403.75,"403.75 DH","Le parfum 50ml Prodigieux® Floral Nuxe",le-parfum-50ml-prodigieux-r-floral-nuxe,"New Era Parapharmacie",has_dot
144158,404.25,"404.25 DH","Le parfum 50ml Prodigieux® Floral Nuxe",le-parfum-50ml-prodigieux-r-floral-nuxe,"UNIVERS PARADISCOUNT Maroc",has_dot
144539,404.25,"404.25 DH","MartiDerm Black Diamond Proteum 30 ml",marti-derm-black-diamond-proteum-30-ml,"UNIVERS PARADISCOUNT Maroc",has_dot
120913,404.6,"404.60 DH","Ducray Neoptide 100 ml",ducray-neoptide-100-ml,"New Era Parapharmacie",has_dot
121669,404.8,"404.80 DH","Sesderma C-Vit 30 ml",sesderma-c-vit-30-ml,"New Era Parapharmacie",has_dot
121646,404.98,"404.98 DH","Masque visage exfoliant gommage anti-pollution et éclat 55ml Cleansers Filorga",masque-visage-exfoliant-gommage-anti-pollution-et-eclat-55ml-cleansers-filorga,"UNIVERS PARADISCOUNT Maroc",has_dot
141705,406.67,"406.67 DH","TP-Link Archer C64 routeur sans fil Gigabit Ethernet Bi-bande (2,4 GHz / 5 GHz) Noir (Archer C64)",tp-link-archer-c64-routeur-sans-fil-gigabit-ethernet-bi-bande-2-4-g-hz-5-g-hz-noir-archer-c64,Technoplace,has_dot
119184,408.27,"408.27 DH","Intensive Glauscine Crème 200ml Minceur & Fermete Institut Esthederm",intensive-glauscine-creme-200ml-minceur-fermete-institut-esthederm,"New Era Parapharmacie",has_dot
121800,408.27,"408.27 DH","Prolongateur De Bronzage Lait De Soin Corps 200ml Institut Esthederm",prolongateur-de-bronzage-lait-de-soin-corps-200ml-institut-esthederm,"New Era Parapharmacie",has_dot
121820,408.27,"408.27 DH","Soleil Extreme 150ml Huile Solaire Institut Esthederm",soleil-extreme-150ml-huile-solaire-institut-esthederm,"New Era Parapharmacie",has_dot
131717,408.33,"408.33 DH","Samsung MLT-D109S Cartouche de tonerOriginal Noir",samsung-mlt-d109s-cartouche-de-toner-original-noir,"Bestmark Maroc",has_dot
132760,408.33,"408.33 DH","Samsung MLT-D104S Cartouche de tonerOriginal Noir",samsung-mlt-d104s-cartouche-de-toner-original-noir,"Bestmark Maroc",has_dot
121872,408.83,"408.83 DH","Soin visage lotion anti rides, fermeté et éclat 150ml Ncef-Reverse Filorga",soin-visage-lotion-anti-rides-fermete-et-eclat-150ml-ncef-reverse-filorga,"UNIVERS PARADISCOUNT Maroc",has_dot
121686,408.85,"408.85 DH","FILORGA MESO-MASK 50 ml",filorga-meso-mask-50-ml,"Para La Gloire",has_dot
121647,409.06,"409.06 DH","Masque visage exfoliant gommage anti-pollution et éclat 55ml Cleansers Filorga",masque-visage-exfoliant-gommage-anti-pollution-et-eclat-55ml-cleansers-filorga,"Para La Gloire",has_dot
142642,409.33,"409.33 DH","HP HyperX Pulsefire Core - Gaming Mouse (Black) souris Ambidextre USB Type-A Optique 6200 DPI",hp-hyper-x-pulsefire-core-gaming-mouse-black-souris-ambidextre-usb-type-a-optique-6200-dpi,Technoplace,has_dot
133355,410.4,"410.40 DH","Canon PGI-29R Ink Cartridge- Red cartouche d'encreOriginal Rouge",canon-pgi-29r-ink-cartridge-red-cartouche-d-encre-original-rouge,"NGT Maroc",has_dot
133376,410.4,"410.40 DH","Canon PGI-29PBK cartouche d'encreOriginal Photo noire",canon-pgi-29pbk-cartouche-d-encre-original-photo-noire,"NGT Maroc",has_dot
133377,410.4,"410.40 DH","Canon PGI-29DGY cartouche d'encreOriginal Gris foncé",canon-pgi-29dgy-cartouche-d-encre-original-gris-fonce,"NGT Maroc",has_dot
133378,410.4,"410.40 DH","Canon PGI-29MBK cartouche d'encreOriginal Noir mat",canon-pgi-29mbk-cartouche-d-encre-original-noir-mat,"NGT Maroc",has_dot
133379,410.4,"410.40 DH","Canon PGI-29GY cartouche d'encreOriginal Gris",canon-pgi-29gy-cartouche-d-encre-original-gris,"NGT Maroc",has_dot
133381,410.4,"410.40 DH","Canon PGI-29LGY cartouche d'encreOriginal Gris clair",canon-pgi-29lgy-cartouche-d-encre-original-gris-clair,"NGT Maroc",has_dot
133402,410.4,"410.40 DH","Canon PGI-29PC cartouche d'encreOriginal Photo cyan",canon-pgi-29pc-cartouche-d-encre-original-photo-cyan,"NGT Maroc",has_dot
133404,410.4,"410.40 DH","Canon PGI-29M cartouche d'encreOriginal Magenta",canon-pgi-29m-cartouche-d-encre-original-magenta,"NGT Maroc",has_dot
121873,411.05,"411.05 DH","Soin visage lotion anti rides, fermeté et éclat 150ml Ncef-Reverse Filorga",soin-visage-lotion-anti-rides-fermete-et-eclat-150ml-ncef-reverse-filorga,"AtelierPara Maroc",has_dot
110437,411.6,"411.60 DH","HP Clavier et souris sans fil 300",hp-clavier-et-souris-sans-fil-300,Technoplace,has_dot
120720,412.8,"412.80 DH","ERAYBA BIOME GIFT BOX BIO SHAMPOOING 250ML+ BIO MASK 200ML+ BIO 2 PHASE 200ML",erayba-biome-gift-box-bio-shampooing-250ml-bio-mask-200ml-bio-2-phase-200ml,"New Era Parapharmacie",has_dot
121687,413.05,"413.05 DH","FILORGA MESO-MASK 50 ml",filorga-meso-mask-50-ml,"UNIVERS PARADISCOUNT Maroc",has_dot
119976,413.1,"413.10 DH","Kérastase Curl Manifesto Huile Sublime Repair 50 ml",kerastase-curl-manifesto-huile-sublime-repair-50-ml,"AtelierPara Maroc",has_dot
120067,414.72,"414.72 DH","Kérastase Curl Manifesto Masque Beurre Haute Nutrition 200 ml",kerastase-curl-manifesto-masque-beurre-haute-nutrition-200-ml,"AtelierPara Maroc",has_dot
120074,414.72,"414.72 DH","Kérastase Genesis Masque Reconstituant 200 ml",kerastase-genesis-masque-reconstituant-200-ml,"AtelierPara Maroc",has_dot
120076,414.72,"414.72 DH","Kérastase Discipline Maskeratine 200 ml",kerastase-discipline-maskeratine-200-ml,"AtelierPara Maroc",has_dot
144577,414.83,"414.83 DH","Crème de nuit unifiante 50ml PigmentBio Peaux hyperpigmentées Bioderma",creme-de-nuit-unifiante-50ml-pigment-bio-peaux-hyperpigmentees-bioderma,"Azana Maroc",has_dot
144578,414.83,"414.83 DH","Crème de nuit unifiante 50ml PigmentBio Peaux hyperpigmentées Bioderma",creme-de-nuit-unifiante-50ml-pigment-bio-peaux-hyperpigmentees-bioderma,"Para La Gloire",has_dot
120722,415.36,"415.36 DH","BIOKERA NATURE SHAMPOING ARGAN 1000ML",biokera-nature-shampoing-argan-1000ml,"New Era Parapharmacie",has_dot
121989,415.65,"415.65 DH","Creme rides et stress oxydatif 50ml Intensive Hyaluronic peaux déshydratées Institut Esthederm",creme-rides-et-stress-oxydatif-50ml-intensive-hyaluronic-peaux-deshydratees-institut-esthederm,"GoPara Maroc",has_dot
121630,415.8,"415.80 DH","Sesderma Reti Age 30 ml",sesderma-reti-age-30-ml,"AtelierPara Maroc",has_dot
122185,415.8,"415.80 DH","Sesderma C-Vit à la vitamine C 50 ml",sesderma-c-vit-a-la-vitamine-c-50-ml,"AtelierPara Maroc",has_dot
121652,416.46,"416.46 DH","Crème de jour anti rides et éclat 50ml Oxygen-Glow Tous Types De Peaux Filorga",creme-de-jour-anti-rides-et-eclat-50ml-oxygen-glow-tous-types-de-peaux-filorga,"AtelierPara Maroc",has_dot
144159,416.5,"416.50 DH","Le parfum 50ml Prodigieux® Floral Nuxe",le-parfum-50ml-prodigieux-r-floral-nuxe,"GoPara Maroc",has_dot
144531,416.5,"416.50 DH","MATIS - HYALU-FLASH - Masque-gel, bombe d'hydratation 50ML - 1 Moment",matis-hyalu-flash-masque-gel-bombe-d-hydratation-50ml-1-moment,"New Era Parapharmacie",has_dot
121464,416.79,"416.79 DH","Polaar Neige Éternelle 30 ml",polaar-neige-eternelle-30-ml,"UNIVERS PARADISCOUNT Maroc",has_dot
108941,417.6,"417.60 DH","Logitech Haut-parleurs stéréo Z200 Son stéréo riche (980-000810)",logitech-haut-parleurs-stereo-z200-son-stereo-riche-980-000810,Technoplace,has_dot
130407,418.43,"418.43 DH","HP 903XL Cartouche d’encre magenta grande capacité authentique",hp-903xl-cartouche-d-encre-magenta-grande-capacite-authentique,Technoplace,has_dot
130609,418.43,"418.43 DH","HP 903XL Cartouche d’encre jaune grande capacité authentique",hp-903xl-cartouche-d-encre-jaune-grande-capacite-authentique,Technoplace,has_dot
121421,418.5,"418.50 DH","Dsp Serum Iluminador 30 ml Pigment Zero Martiderm",dsp-serum-iluminador-30-ml-pigment-zero-martiderm,"New Era Parapharmacie",has_dot
133185,418.5,"418.50 DH","Cartouche jet d'encre HP original CB337HE pour HP 141 - Trois couleurs",cartouche-jet-d-encre-hp-original-cb337he-pour-hp-141-trois-couleurs,"Bestmark Maroc",has_dot
121938,420.02,"420.02 DH","Eye Correct 2x10 ml Platinum Martiderm",eye-correct-2x10-ml-platinum-martiderm,COTEPARA,has_dot
121870,421.6,"421.60 DH","Soin visage lotion anti rides, fermeté et éclat 150ml Ncef-Reverse Filorga",soin-visage-lotion-anti-rides-fermete-et-eclat-150ml-ncef-reverse-filorga,"New Era Parapharmacie",has_dot
119185,421.74,"421.74 DH","Intensive Glauscine Crème 200ml Minceur & Fermete Institut Esthederm",intensive-glauscine-creme-200ml-minceur-fermete-institut-esthederm,"UNIVERS PARADISCOUNT Maroc",has_dot
121696,422.4,"422.40 DH","Sesderma Azelac RU 30 ml",sesderma-azelac-ru-30-ml,"New Era Parapharmacie",has_dot
144580,423.06,"423.06 DH","Crème de nuit unifiante 50ml PigmentBio Peaux hyperpigmentées Bioderma",creme-de-nuit-unifiante-50ml-pigment-bio-peaux-hyperpigmentees-bioderma,"AtelierPara Maroc",has_dot
110708,424.32,"424.32 DH","Logitech K380 clavier Bluetooth AZERTY Français Gris (920-007568)",logitech-k380-clavier-bluetooth-azerty-francais-gris-920-007568,Technoplace,has_dot
131748,425.33,"425.33 DH","HP 963 Cartouche d'encre noire authentique",hp-963-cartouche-d-encre-noire-authentique,Technoplace,has_dot
121688,425.85,"425.85 DH","FILORGA MESO-MASK 50 ml",filorga-meso-mask-50-ml,"New Era Parapharmacie",has_dot
130784,426.31,"426.31 DH","HP 14A toner LaserJet noir authentique",hp-14a-toner-laser-jet-noir-authentique,Technoplace,has_dot
130938,426.31,"426.31 DH","HP 70A toner LaserJet noir authentique",hp-70a-toner-laser-jet-noir-authentique,Technoplace,has_dot
126497,429.52,"429.52 DH","ADATA AD4U26668G19-RGN Barrette Mémoire 8 Go 1 x 8 Go DDR4 2666 MHz",adata-ad4u26668g19-rgn-barrette-memoire-8-go-1-x-8-go-ddr4-2666-m-hz,Technoplace,has_dot
121801,434.61,"434.61 DH","Prolongateur De Bronzage Lait De Soin Corps 200ml Institut Esthederm",prolongateur-de-bronzage-lait-de-soin-corps-200ml-institut-esthederm,COTEPARA,has_dot
110554,435.6,"435.60 DH","DELL KM3322W clavier Souris incluse RF sans fil QWERTY Noir",dell-km3322w-clavier-souris-incluse-rf-sans-fil-qwerty-noir,Micromad,has_dot
128708,435.6,"435.60 DH","Epson Ruban noir DLQ-3000/+/3500 (9 millions de caractères)",epson-ruban-noir-dlq-3000-3500-9-millions-de-caracteres,"NGT Maroc",has_dot
121468,436.43,"436.43 DH","Serum Duo 30ml Anti-Pigment Eucerin",serum-duo-30ml-anti-pigment-eucerin,"UNIVERS PARADISCOUNT Maroc",has_dot
120435,438.48,"438.48 DH","NUK CHAUFFE-BIBERON ÉLECTRIQUE",nuk-chauffe-biberon-electrique,"BebeMaman Maroc",has_dot
121469,439.07,"439.07 DH","Serum Duo 30ml Anti-Pigment Eucerin",serum-duo-30ml-anti-pigment-eucerin,"New Era Parapharmacie",has_dot
118052,439.2,"439.20 DH","Lenovo Legion M300 Gaming souris Ambidextre RF sans fil 8000 DPI",lenovo-legion-m300-gaming-souris-ambidextre-rf-sans-fil-8000-dpi,Technoplace,has_dot
132253,442.19,"442.19 DH","HP 953 Cartouche d’encre jaune authentique",hp-953-cartouche-d-encre-jaune-authentique,Technoplace,has_dot
132492,442.19,"442.19 DH","HP 953 Cartouche d’encre magenta authentique",hp-953-cartouche-d-encre-magenta-authentique,Technoplace,has_dot
132552,442.19,"442.19 DH","HP 953 Cartouche d’encre cyan authentique",hp-953-cartouche-d-encre-cyan-authentique,Technoplace,has_dot
134911,442.8,"442.80 DH","Grandstream Networks GWN7700P commutateur réseau Non-géré Gigabit Ethernet (10/100/1000) Connexion Ethernet, supportant l'alimentation via ce port (PoE) Noir",grandstream-networks-gwn7700p-commutateur-reseau-non-gere-gigabit-ethernet-10-100-1000-connexion-ethernet-supportant-l-alimentation-via-ce-port-po-e-noir,"Iris.ma Maroc",has_dot
123124,443.12,"443.12 DH","Brother PT-D210 imprimante pour étiquettes Transfert thermique 180 x 180 DPI QWERTY",brother-pt-d210-imprimante-pour-etiquettes-transfert-thermique-180-x-180-dpi-qwerty,Technoplace,has_dot
137238,443.12,"443.12 DH","Brother PT-M95 imprimante pour étiquettes Transfert thermique 203 x 203 DPI 7,5 mm/sec QWERTY",brother-pt-m95-imprimante-pour-etiquettes-transfert-thermique-203-x-203-dpi-7-5-mm-sec-qwerty,Technoplace,has_dot
122208,443.52,"443.52 DH","Fillerina 12 Densifying-Filler - grade 3 Eye Contour Cream - 1 Moment",fillerina-12-densifying-filler-grade-3-eye-contour-cream-1-moment,"UNIVERS PARADISCOUNT Maroc",has_dot
121422,445.52,"445.52 DH","Dsp Serum Iluminador 30 ml Pigment Zero Martiderm",dsp-serum-iluminador-30-ml-pigment-zero-martiderm,"AtelierPara Maroc",has_dot
117855,448.3,"448.30 DH","Logitech G G305 Ratón inalámbrico para gaming LIGHTSPEED (910-005292)",logitech-g-g305-raton-inalambrico-para-gaming-lightspeed-910-005292,Technoplace,has_dot
120262,449.63,"449.63 DH","Bebeconfort Express Electric Bottle Warmer 1 pcs",bebeconfort-express-electric-bottle-warmer-1-pcs,"UNIVERS PARADISCOUNT Maroc",has_dot
110516,452.18,"452.18 DH","HP Ensemble clavier et souris sans fil 235",hp-ensemble-clavier-et-souris-sans-fil-235,Technoplace,has_dot
126266,452.18,"452.18 DH","HP 8GB DDR4-3200 DIMM Barrette Mémoire 8 Go 1 x 8 Go 3200 MHz",hp-8gb-ddr4-3200-dimm-barrette-memoire-8-go-1-x-8-go-3200-m-hz,Technoplace,has_dot
114899,453.34,"453.34 DH","Lenovo 4X20M26272 adaptateur de puissance & onduleur 65 W Noir (4X20M26272)",lenovo-4x20m26272-adaptateur-de-puissance-onduleur-65-w-noir-4x20m26272,Technoplace,has_dot
133731,453.34,"453.34 DH","ADATA LEGEND 710 M.2 512 Go PCI Express 3.0 3D NAND NVMe",adata-legend-710-m-2-512-go-pci-express-3-0-3d-nand-nv-me,Technoplace,has_dot
132786,453.6,"453.60 DH","HP 934XL cartouche d'encre noire grande capacité authentique",hp-934xl-cartouche-d-encre-noire-grande-capacite-authentique,"NGT Maroc",has_dot
121990,454.77,"454.77 DH","Creme rides et stress oxydatif 50ml Intensive Hyaluronic peaux déshydratées Institut Esthederm",creme-rides-et-stress-oxydatif-50ml-intensive-hyaluronic-peaux-deshydratees-institut-esthederm,"New Era Parapharmacie",has_dot
121671,455.4,"455.40 DH","Sesderma C-Vit 30 ml",sesderma-c-vit-30-ml,"AtelierPara Maroc",has_dot
144536,455.7,"455.70 DH","MartiDerm Platinum Krono-Age 30 ml",marti-derm-platinum-krono-age-30-ml,"New Era Parapharmacie",has_dot
144540,455.7,"455.70 DH","MartiDerm Black Diamond Proteum 30 ml",marti-derm-black-diamond-proteum-30-ml,"New Era Parapharmacie",has_dot
121297,456.8,"456.80 DH","Clarins SOS Hydra Masque fraîcheur hydratant intense 75ml",clarins-sos-hydra-masque-fraicheur-hydratant-intense-75ml,"UNIVERS PARADISCOUNT Maroc",has_dot
121299,456.8,"456.80 DH","Clarins Total Eye Hydrate Masque Unisexe 20 ml",clarins-total-eye-hydrate-masque-unisexe-20-ml,"UNIVERS PARADISCOUNT Maroc",has_dot
120063,456.84,"456.84 DH","Kérastase Chronologiste Masque Intense Régénérant 200 ml",kerastase-chronologiste-masque-intense-regenerant-200-ml,"AtelierPara Maroc",has_dot
121822,457.2,"457.20 DH","Lancaster Sun Beauty Tan Deepener 200 ml",lancaster-sun-beauty-tan-deepener-200-ml,"UNIVERS PARADISCOUNT Maroc",has_dot
122173,458.16,"458.16 DH","Filorga Sleep & Peel 50 ml",filorga-sleep-peel-50-ml,"Para La Gloire",has_dot
122040,458.25,"458.25 DH","La Crème Poudrée Effet Liftant 50ml Merveillance lift Nuxe",la-creme-poudree-effet-liftant-50ml-merveillance-lift-nuxe,"AtelierPara Maroc",has_dot
136522,458.69,"458.69 DH","HP Conteneur de nettoyage 841 PageWide XL",hp-conteneur-de-nettoyage-841-page-wide-xl,Technoplace,has_dot
122032,458.71,"458.71 DH","La Crème Velours Effet Liftant 50ml Merveillance lift Nuxe",la-creme-velours-effet-liftant-50ml-merveillance-lift-nuxe,"AtelierPara Maroc",has_dot
122050,458.71,"458.71 DH","La Crème Concentrée de Nuit 50ml Merveillance lift Nuxe",la-creme-concentree-de-nuit-50ml-merveillance-lift-nuxe,"AtelierPara Maroc",has_dot
124559,459.1,"459.10 DH","Logitech H540 USB Computer Headset Avec un son haute définition et des commandes sur l'oreillette (981-000480)",logitech-h540-usb-computer-headset-avec-un-son-haute-definition-et-des-commandes-sur-l-oreillette-981-000480,Technoplace,has_dot
126335,462.4,"462.40 DH","ADATA AD4U26668G19-SGN Barrette Mémoire 8 Go 1 x 8 Go DDR4 2666 MHz",adata-ad4u26668g19-sgn-barrette-memoire-8-go-1-x-8-go-ddr4-2666-m-hz,Technoplace,has_dot
144161,463.13,"463.13 DH","Le parfum 50ml Prodigieux® Floral Nuxe",le-parfum-50ml-prodigieux-r-floral-nuxe,"AtelierPara Maroc",has_dot
144066,463.25,"463.25 DH","BaByliss Pro 180 SublimвЂ™Touch 25 mm Fer à friser À chaleur Noir, Rose 1,8 m",ba-byliss-pro-180-sublimv-dj-touch-25-mm-fer-a-friser-a-chaleur-noir-rose-1-8-m,"Palmarosa Maroc",has_dot
119183,464.07,"464.07 DH","Morpho Fitness Sérum Activateur Minceur 100ml Minceur & Fermete Institut Esthederm",morpho-fitness-serum-activateur-minceur-100ml-minceur-fermete-institut-esthederm,"New Era Parapharmacie",has_dot
121092,464.07,"464.07 DH","Baume Fermete Haute Nutrition 200ml Minceur & Fermete Institut Esthederm",baume-fermete-haute-nutrition-200ml-minceur-fermete-institut-esthederm,"New Era Parapharmacie",has_dot
121127,464.07,"464.07 DH","Institut Esthederm Sculpt System Bust Shaping Cream 200 ml",institut-esthederm-sculpt-system-bust-shaping-cream-200-ml,"New Era Parapharmacie",has_dot
128491,464.25,"464.25 DH","HP 963XL Cartouche d'encre magenta authentique, grande capacité",hp-963xl-cartouche-d-encre-magenta-authentique-grande-capacite,"Bestmark Maroc",has_dot
122061,465.3,"465.30 DH","Concentre Antioxydant 30ml C25 Cream Prévenir Dermaceutic",concentre-antioxydant-30ml-c25-cream-prevenir-dermaceutic,"AtelierPara Maroc",has_dot
124314,466.67,"466.67 DH","HP HyperX Cloud Stinger Casque Avec fil Arceau Jouer Noir, Rouge",hp-hyper-x-cloud-stinger-casque-avec-fil-arceau-jouer-noir-rouge,Technoplace,has_dot
126532,466.67,"466.67 DH","ADATA AD4S320016G22-SGN Barrette Mémoire 16 Go 1 x 16 Go DDR4 3200 MHz",adata-ad4s320016g22-sgn-barrette-memoire-16-go-1-x-16-go-ddr4-3200-m-hz,Technoplace,has_dot
134575,466.67,"466.67 DH","ADATA ASU650SS-512GT-R disque SSD 2.5&quot; 512 Go Série ATA III 3D NAND",adata-asu650ss-512gt-r-disque-ssd-2-5-quot-512-go-serie-ata-iii-3d-nand,Technoplace,has_dot
117724,466.81,"466.81 DH","Lenovo 4Y50X88822 souris Ambidextre Bluetooth Optique 2400 DPI",lenovo-4y50x88822-souris-ambidextre-bluetooth-optique-2400-dpi,Technoplace,has_dot
120723,467.28,"467.28 DH","BIOKERA NATURE SHAMPOING ARGAN 1000ML",biokera-nature-shampoing-argan-1000ml,"AtelierPara Maroc",has_dot
120724,467.28,"467.28 DH","BIOKERA NATURE SHAMPOING ARGAN 1000ML",biokera-nature-shampoing-argan-1000ml,"UNIVERS PARADISCOUNT Maroc",has_dot
143009,469.2,"469.20 DH","D-Link DAP-3410 point d'accès réseaux locaux sans fil 300 Mbit/s Blanc",d-link-dap-3410-point-d-acces-reseaux-locaux-sans-fil-300-mbit-s-blanc,Technoplace,has_dot
142845,470.35,"470.35 DH","NGS WONDERDOCK7 USB 2.0 Type-C 480 Mbit/s Noir, Gris",ngs-wonderdock7-usb-2-0-type-c-480-mbit-s-noir-gris,Technoplace,has_dot
120735,471.68,"471.68 DH","Salerm Cosmetics Shampoing Spécifique Pellicules 300 ml",salerm-cosmetics-shampoing-specifique-pellicules-300-ml,"New Era Parapharmacie",has_dot
144053,471.75,"471.75 DH","BaByliss Ceramic Straight 230 ST089E",ba-byliss-ceramic-straight-230-st089e,"Palmarosa Maroc",has_dot
120726,472.02,"472.02 DH","BIOKERA NATURE SHAMPOING ARGAN 1000ML",biokera-nature-shampoing-argan-1000ml,COTEPARA,has_dot
111860,473.69,"473.69 DH","Toner Adaptable LEXMARK - Noir (MS317)",toner-adaptable-lexmark-noir-ms317,Technoplace,has_dot
129509,473.69,"473.69 DH","HP 624A Cartouche de tonerOriginal Cyan (CB401A)",hp-624a-cartouche-de-toner-original-cyan-cb401a,Technoplace,has_dot
130688,473.69,"473.69 DH","HP 653A toner magenta authentique LaserJet",hp-653a-toner-magenta-authentique-laser-jet,Technoplace,has_dot
130696,473.69,"473.69 DH","HP 653A toner cyan authentique LaserJet",hp-653a-toner-cyan-authentique-laser-jet,Technoplace,has_dot
134685,474.67,"474.67 DH","Hikvision Digital Technology E1000 M.2 512 Go PCI Express 3.0 3D TLC",hikvision-digital-technology-e1000-m-2-512-go-pci-express-3-0-3d-tlc,Technoplace,has_dot
121698,475.2,"475.20 DH","Sesderma Azelac RU 30 ml",sesderma-azelac-ru-30-ml,"AtelierPara Maroc",has_dot
121991,476.78,"476.78 DH","Creme rides et stress oxydatif 50ml Intensive Hyaluronic peaux déshydratées Institut Esthederm",creme-rides-et-stress-oxydatif-50ml-intensive-hyaluronic-peaux-deshydratees-institut-esthederm,COTEPARA,has_dot
135441,481.2,"481.20 DH","Tenda TEF1105P-4-63W Non-géré Fast Ethernet (10/100) Connexion Ethernet, supportant l'alimentation via ce port (PoE) Noir",tenda-tef1105p-4-63w-non-gere-fast-ethernet-10-100-connexion-ethernet-supportant-l-alimentation-via-ce-port-po-e-noir,Technoplace,has_dot
121487,481.93,"481.93 DH","Filorga Pigment Perfect Sérum Correcteur de Taches 30 ml",filorga-pigment-perfect-serum-correcteur-de-taches-30-ml,"Para La Gloire",has_dot
122172,481.94,"481.94 DH","Filorga Pigment White 50 ml",filorga-pigment-white-50-ml,"Para La Gloire",has_dot
121992,484.11,"484.11 DH","Creme rides et stress oxydatif 50ml Intensive Hyaluronic peaux déshydratées Institut Esthederm",creme-rides-et-stress-oxydatif-50ml-intensive-hyaluronic-peaux-deshydratees-institut-esthederm,"AtelierPara Maroc",has_dot
121986,484.5,"484.50 DH","Creme-huile Nutri-fortifiante 50ml Nuxuriance Gold Nuxe",creme-huile-nutri-fortifiante-50ml-nuxuriance-gold-nuxe,"New Era Parapharmacie",has_dot
121276,485.1,"485.10 DH","Covermark – Luminous Sérum Éclaircissant – 20 Ml",covermark-luminous-serum-eclaircissant-20-ml,"UNIVERS PARADISCOUNT Maroc",has_dot
144537,485.1,"485.10 DH","MartiDerm Platinum Krono-Age 30 ml",marti-derm-platinum-krono-age-30-ml,"UNIVERS PARADISCOUNT Maroc",has_dot
144541,485.1,"485.10 DH","MartiDerm Black Diamond Proteum 30 ml",marti-derm-black-diamond-proteum-30-ml,"AtelierPara Maroc",has_dot
144535,485.35,"485.35 DH","Clarins SOS Pure Masque à l’argile rééquilibrant 75 ml",clarins-sos-pure-masque-a-l-argile-reequilibrant-75-ml,"New Era Parapharmacie",has_dot
121410,486.75,"486.75 DH","Dsp Bright 30 Ampoules Pigment Zero Martiderm",dsp-bright-30-ampoules-pigment-zero-martiderm,"UNIVERS PARADISCOUNT Maroc",has_dot
130485,487.2,"487.20 DH","HP 903XL Cartouche d’encre noire grande capacité authentique",hp-903xl-cartouche-d-encre-noire-grande-capacite-authentique,"NGT Maroc",has_dot
121439,489.07,"489.07 DH","Fluide de jour anti rides et imperfections 50ml Age-Purify Filorga",fluide-de-jour-anti-rides-et-imperfections-50ml-age-purify-filorga,"Para La Gloire",has_dot
121445,489.07,"489.07 DH","Sérum visage anti rides et imperfections 30ml Age-Purify Filorga",serum-visage-anti-rides-et-imperfections-30ml-age-purify-filorga,"Para La Gloire",has_dot
134662,489.6,"489.60 DH","Seagate S-series ST1000VX001 disque dur 3.5"" 1000 Go Série ATA III",seagate-s-series-st1000vx001-disque-dur-3-5-1000-go-serie-ata-iii,Technoplace,has_dot
129348,490.72,"490.72 DH","Canon C-EXV 60 Noir - Toner Canon d'origine (4311C001AA)",canon-c-exv-60-noir-toner-canon-d-origine-4311c001aa,Technoplace,has_dot
130955,490.8,"490.80 DH","HP 56 cartouche d'encre noir authentique",hp-56-cartouche-d-encre-noir-authentique,"NGT Maroc",has_dot
132285,494.66,"494.66 DH","HP 953 Cartouche d’encre noire authentique",hp-953-cartouche-d-encre-noire-authentique,Technoplace,has_dot
121689,495.66,"495.66 DH","FILORGA MESO-MASK 50 ml",filorga-meso-mask-50-ml,"AtelierPara Maroc",has_dot
144570,496.1,"496.10 DH","Sérum à l'acide hyaluronique anti rides 30ml Time-Filler Filorga",serum-a-l-acide-hyaluronique-anti-rides-30ml-time-filler-filorga,"UNIVERS PARADISCOUNT Maroc",has_dot
128676,496.8,"496.80 DH","HP 901XL cartouche d'encre noir grande capacité authentique",hp-901xl-cartouche-d-encre-noir-grande-capacite-authentique,"NGT Maroc",has_dot
117992,498.64,"498.64 DH","Logitech G G502 HERO Ratón para gaming de alto rendimiento (910-005471)",logitech-g-g502-hero-raton-para-gaming-de-alto-rendimiento-910-005471,Technoplace,has_dot
117119,498.67,"498.67 DH","Tenda TEG1008D Routeur connecté Gris",tenda-teg1008d-routeur-connecte-gris,Technoplace,has_dot
137505,499.17,"499.17 DH","Samsung EF-NX912PBEGWW filtre anti-reflets pour écran et filtre de confidentialité Filtre de confidentialité d’écran avec cadre 37,1 cm (14.6"")",samsung-ef-nx912pbegww-filtre-anti-reflets-pour-ecran-et-filtre-de-confidentialite-filtre-de-confidentialite-d-ecran-avec-cadre-37-1-cm-14-6,"Bestmark Maroc",has_dot
121378,499.47,"499.47 DH","Crème de jour anti tâches uniformisante 50ml Skin Unify Filorga",creme-de-jour-anti-taches-uniformisante-50ml-skin-unify-filorga,"Para La Gloire",has_dot
144571,499.47,"499.47 DH","Sérum à l'acide hyaluronique anti rides 30ml Time-Filler Filorga",serum-a-l-acide-hyaluronique-anti-rides-30ml-time-filler-filorga,"Para La Gloire",has_dot
143051,499.8,"499.80 DH","TP-Link TL-WA901ND point d'accès réseaux locaux sans fil 450 Mbit/s Blanc Connexion Ethernet, supportant l'alimentation via ce port (PoE)",tp-link-tl-wa901nd-point-d-acces-reseaux-locaux-sans-fil-450-mbit-s-blanc-connexion-ethernet-supportant-l-alimentation-via-ce-port-po-e,Technoplace,has_dot
121987,500.65,"500.65 DH","Institut Esthederm Intensive Vitamine C 50 ml",institut-esthederm-intensive-vitamine-c-50-ml,"GoPara Maroc",has_dot
121340,501.27,"501.27 DH","Sérum Rides et Stress Oxydatif 30ml Intensive Hyaluronic Peaux Déshydratées Institut Esthederm",serum-rides-et-stress-oxydatif-30ml-intensive-hyaluronic-peaux-deshydratees-institut-esthederm,"New Era Parapharmacie",has_dot
136760,502.39,"502.39 DH","HP DeskJet Imprimante tout-en-un 2710, Couleur, Imprimante pour Domicile, Impression, copie, numérisation, Sans fil; Éligibilité Instant Ink; Imprimer depuis un téléphone ou une tablette",hp-desk-jet-imprimante-tout-en-un-2710-couleur-imprimante-pour-domicile-impression-copie-numerisation-sans-fil-eligibilite-instant-ink-imprimer-depuis-un-telephone-ou-une-tablette,Technoplace,has_dot
112555,506.4,"506.40 DH","Cartouche Originale Grande Capacité HP 122XL - Noir (CH563HE)",cartouche-originale-grande-capacite-hp-122xl-noir-ch563he,"NGT Maroc",has_dot
131715,506.4,"506.40 DH","HP 28 cartouche d'encreOriginal Rendement standard Cyan, Magenta, Jaune",hp-28-cartouche-d-encre-original-rendement-standard-cyan-magenta-jaune,"NGT Maroc",has_dot
132232,506.4,"506.40 DH","Cartouche d'encre authentique haute capacité trois couleurs HP 122XL",cartouche-d-encre-authentique-haute-capacite-trois-couleurs-hp-122xl,"NGT Maroc",has_dot
135776,506.4,"506.40 DH","Imprimante Multifonction Jet d'encre Canon PIXMA TS3440 (4463C007BB)",imprimante-multifonction-jet-d-encre-canon-pixma-ts3440-4463c007bb,Technoplace,has_dot
121888,507.2,"507.20 DH","Biotherm Cera Repair Crème Barrière Réparatrice 50 ml",biotherm-cera-repair-creme-barriere-reparatrice-50-ml,"UNIVERS PARADISCOUNT Maroc",has_dot
114891,508.85,"508.85 DH","HP Adaptateur secteur intelligent 65 W",hp-adaptateur-secteur-intelligent-65-w,Technoplace,has_dot
121371,510.18,"510.18 DH","Sérum anti tâches uniformisant 30ml Skin Unify Filorga",serum-anti-taches-uniformisant-30ml-skin-unify-filorga,"UNIVERS PARADISCOUNT Maroc",has_dot
121379,510.18,"510.18 DH","Crème de jour anti tâches uniformisante 50ml Skin Unify Filorga",creme-de-jour-anti-taches-uniformisante-50ml-skin-unify-filorga,"UNIVERS PARADISCOUNT Maroc",has_dot
120721,510.84,"510.84 DH","ERAYBA BIOME GIFT BOX BIO SHAMPOOING 250ML+ BIO MASK 200ML+ BIO 2 PHASE 200ML",erayba-biome-gift-box-bio-shampooing-250ml-bio-mask-200ml-bio-2-phase-200ml,"UNIVERS PARADISCOUNT Maroc",has_dot
144572,510.85,"510.85 DH","Sérum à l'acide hyaluronique anti rides 30ml Time-Filler Filorga",serum-a-l-acide-hyaluronique-anti-rides-30ml-time-filler-filorga,"New Era Parapharmacie",has_dot
121440,510.86,"510.86 DH","Fluide de jour anti rides et imperfections 50ml Age-Purify Filorga",fluide-de-jour-anti-rides-et-imperfections-50ml-age-purify-filorga,"UNIVERS PARADISCOUNT Maroc",has_dot
121446,510.95,"510.95 DH","Sérum visage anti rides et imperfections 30ml Age-Purify Filorga",serum-visage-anti-rides-et-imperfections-30ml-age-purify-filorga,"UNIVERS PARADISCOUNT Maroc",has_dot
135565,512.27,"512.27 DH","Imprimante multifonction Jet d’encre Canon PIXMA MG2540S (0727C007AA)",imprimante-multifonction-jet-d-encre-canon-pixma-mg2540s-0727c007aa,Technoplace,has_dot
135570,512.4,"512.40 DH","Imprimante Multifonction Jet d'encre Canon PIXMA TS3140 (2226C007BA)",imprimante-multifonction-jet-d-encre-canon-pixma-ts3140-2226c007ba,Technoplace,has_dot
136790,512.4,"512.40 DH","Imprimante Multifonction Jet D'encre Couleur 3en1 Canon PIXMA TS3140 / Wifi - Noir",imprimante-multifonction-jet-d-encre-couleur-3en1-canon-pixma-ts3140-wifi-noir,Technoplace,has_dot
128494,513.34,"513.34 DH","HP 963XL Cartouche d'encre magenta authentique, grande capacité",hp-963xl-cartouche-d-encre-magenta-authentique-grande-capacite,Technoplace,has_dot
131091,513.34,"513.34 DH","HP 963XL Cartouche d'encre jaune authentique, grande capacité",hp-963xl-cartouche-d-encre-jaune-authentique-grande-capacite,Technoplace,has_dot
130957,513.6,"513.60 DH","HP 56 cartouche d'encre noir authentique",hp-56-cartouche-d-encre-noir-authentique,"Bestmark Maroc",has_dot
121470,515.8,"515.80 DH","Serum Duo 30ml Anti-Pigment Eucerin",serum-duo-30ml-anti-pigment-eucerin,"AtelierPara Maroc",has_dot
117546,516.8,"516.80 DH","Microsoft Modern Mobile Mouse souris Ambidextre Bluetooth",microsoft-modern-mobile-mouse-souris-ambidextre-bluetooth,Technoplace,has_dot
121690,519.02,"519.02 DH","Filorga Time Filler MAT 50 ml",filorga-time-filler-mat-50-ml,"Para La Gloire",has_dot
122178,519.02,"519.02 DH","Filorga Time Filler 50 ml",filorga-time-filler-50-ml,"Para La Gloire",has_dot
120737,519.27,"519.27 DH","Salerm Cosmetics Shampoing Spécifique Pellicules 300 ml",salerm-cosmetics-shampoing-specifique-pellicules-300-ml,"AtelierPara Maroc",has_dot
121570,523.05,"523.05 DH","Masque visage soin de nuit anti rides, fermeté et éclat 50ml Ncef-Reverse Filorga",masque-visage-soin-de-nuit-anti-rides-fermete-et-eclat-50ml-ncef-reverse-filorga,"UNIVERS PARADISCOUNT Maroc",has_dot
121372,525.3,"525.30 DH","Sérum anti tâches uniformisant 30ml Skin Unify Filorga",serum-anti-taches-uniformisant-30ml-skin-unify-filorga,"New Era Parapharmacie",has_dot
121380,525.3,"525.30 DH","Crème de jour anti tâches uniformisante 50ml Skin Unify Filorga",creme-de-jour-anti-taches-uniformisante-50ml-skin-unify-filorga,"New Era Parapharmacie",has_dot
121441,526.15,"526.15 DH","Fluide de jour anti rides et imperfections 50ml Age-Purify Filorga",fluide-de-jour-anti-rides-et-imperfections-50ml-age-purify-filorga,"New Era Parapharmacie",has_dot
121447,526.15,"526.15 DH","Sérum visage anti rides et imperfections 30ml Age-Purify Filorga",serum-visage-anti-rides-et-imperfections-30ml-age-purify-filorga,"New Era Parapharmacie",has_dot
142669,526.67,"526.67 DH","HyperX Pulsefire Haste - Souris de jeu (noir)",hyper-x-pulsefire-haste-souris-de-jeu-noir,Technoplace,has_dot
128557,530.25,"530.25 DH","HP 951XL cartouche d'encre jaune grande capacité authentique",hp-951xl-cartouche-d-encre-jaune-grande-capacite-authentique,"Bestmark Maroc",has_dot
132589,530.25,"530.25 DH","HP 951XL cartouche d'encre magenta grande capacité authentique",hp-951xl-cartouche-d-encre-magenta-grande-capacite-authentique,"Bestmark Maroc",has_dot
120037,530.5,"530.50 DH","Macadamia Natural Oil Nourishing Repair 500 ml",macadamia-natural-oil-nourishing-repair-500-ml,"UNIVERS PARADISCOUNT Maroc",has_dot
121957,530.5,"530.50 DH","Fluide Cachemire Redensifiant 40ml Resvératrol [Lift] Caudalie",fluide-cachemire-redensifiant-40ml-resveratrol-lift-caudalie,"UNIVERS PARADISCOUNT Maroc",has_dot
121896,531.2,"531.20 DH","Biotherm Homme Force Supreme 15 ml",biotherm-homme-force-supreme-15-ml,"UNIVERS PARADISCOUNT Maroc",has_dot
113290,532.8,"532.80 DH","HPE 1420 8G Switch (JH329A)",hpe-1420-8g-switch-jh329a,Technoplace,has_dot
124658,533.33,"533.33 DH","HyperX Casque CloudX pour jeux (argent argenté noir) - Xbox",hyper-x-casque-cloud-x-pour-jeux-argent-argente-noir-xbox,Technoplace,has_dot
121341,533.61,"533.61 DH","Sérum Rides et Stress Oxydatif 30ml Intensive Hyaluronic Peaux Déshydratées Institut Esthederm",serum-rides-et-stress-oxydatif-30ml-intensive-hyaluronic-peaux-deshydratees-institut-esthederm,"AtelierPara Maroc",has_dot
144057,534.65,"534.65 DH","BaByliss Power Pro 2000 6704E",ba-byliss-power-pro-2000-6704e,"Palmarosa Maroc",has_dot
114093,535.2,"535.20 DH","Lexmark C734X20G photoconducteur et unité de mise en image 20000 pages",lexmark-c734x20g-photoconducteur-et-unite-de-mise-en-image-20000-pages,"NGT Maroc",has_dot
121279,535.5,"535.50 DH","GUINOT Sérum Hydra Sensitive - Sérum spécifique peaux sensibles",guinot-serum-hydra-sensitive-serum-specifique-peaux-sensibles,"UNIVERS PARADISCOUNT Maroc",has_dot
141811,537.6,"537.60 DH","Tenda V300 routeur sans fil Fast Ethernet Monobande (2,4 GHz) Blanc",tenda-v300-routeur-sans-fil-fast-ethernet-monobande-2-4-g-hz-blanc,Technoplace,has_dot
126238,538.32,"538.32 DH","DELL AA086413 Barrette Mémoire 4 Go 1 x 4 Go DDR4 2666 MHz",dell-aa086413-barrette-memoire-4-go-1-x-4-go-ddr4-2666-m-hz,Technoplace,has_dot
137140,538.8,"538.80 DH","Imprimante Jet d'encre HP DeskJet 2632 3en1 Couleur WiFi (V1N05C)",imprimante-jet-d-encre-hp-desk-jet-2632-3en1-couleur-wi-fi-v1n05c,Technoplace,has_dot
121571,538.9,"538.90 DH","Masque visage soin de nuit anti rides, fermeté et éclat 50ml Ncef-Reverse Filorga",masque-visage-soin-de-nuit-anti-rides-fermete-et-eclat-50ml-ncef-reverse-filorga,"New Era Parapharmacie",has_dot
121889,538.9,"538.90 DH","Biotherm Cera Repair Crème Barrière Réparatrice 50 ml",biotherm-cera-repair-creme-barriere-reparatrice-50-ml,"New Era Parapharmacie",has_dot
135520,541.67,"541.67 DH","Imprimante Canon multifonction Jet d’encre Pixma TS3440 (3771C007BA)",imprimante-canon-multifonction-jet-d-encre-pixma-ts3440-3771c007ba,"Bestmark Maroc",has_dot
144593,545.42,"545.42 DH","Crème de nuit à l'acide hyaluronique anti rides 50ml Time-Filler Filorga",creme-de-nuit-a-l-acide-hyaluronique-anti-rides-50ml-time-filler-filorga,"Para La Gloire",has_dot
121988,547.77,"547.77 DH","Institut Esthederm Intensive Vitamine C 50 ml",institut-esthederm-intensive-vitamine-c-50-ml,"New Era Parapharmacie",has_dot
121411,548.7,"548.70 DH","Dsp Bright 30 Ampoules Pigment Zero Martiderm",dsp-bright-30-ampoules-pigment-zero-martiderm,"New Era Parapharmacie",has_dot
121949,548.7,"548.70 DH","Epigence 145 Cream 50ml Black Diamond Martiderm",epigence-145-cream-50ml-black-diamond-martiderm,"New Era Parapharmacie",has_dot
144612,548.7,"548.70 DH","MartiDerm BLACK DIAMOND Epigence 145 Sleeping Cream 50ml",marti-derm-black-diamond-epigence-145-sleeping-cream-50ml,"New Era Parapharmacie",has_dot
110788,548.99,"548.99 DH","Logitech G G213 Prodigy Gaming Keyboard clavier USB AZERTY Français Noir (920-008088)",logitech-g-g213-prodigy-gaming-keyboard-clavier-usb-azerty-francais-noir-920-008088,Technoplace,has_dot
132310,550.5,"550.50 DH","HP 953XL Cartouche d’encre cyan grande capacité authentique",hp-953xl-cartouche-d-encre-cyan-grande-capacite-authentique,"Bestmark Maroc",has_dot
128520,550.67,"550.67 DH","HP 963XL Cartouche d'encre cyan authentique, grande capacité",hp-963xl-cartouche-d-encre-cyan-authentique-grande-capacite,Technoplace,has_dot
134914,550.8,"550.80 DH","Grandstream Networks GWN7701P commutateur réseau Non-géré Gigabit Ethernet (10/100/1000) Connexion Ethernet, supportant l'alimentation via ce port (PoE) Noir",grandstream-networks-gwn7701p-commutateur-reseau-non-gere-gigabit-ethernet-10-100-1000-connexion-ethernet-supportant-l-alimentation-via-ce-port-po-e-noir,"Iris.ma Maroc",has_dot
143144,550.8,"550.80 DH","TP-Link TL-WA801ND 300 Mbit/s Connexion Ethernet, supportant l'alimentation via ce port (PoE)",tp-link-tl-wa801nd-300-mbit-s-connexion-ethernet-supportant-l-alimentation-via-ce-port-po-e,Technoplace,has_dot
144595,552.5,"552.50 DH","Crème de nuit à l'acide hyaluronique anti rides 50ml Time-Filler Filorga",creme-de-nuit-a-l-acide-hyaluronique-anti-rides-50ml-time-filler-filorga,"New Era Parapharmacie",has_dot
131400,552.64,"552.64 DH","HP 45A toner LaserJet noir authentique",hp-45a-toner-laser-jet-noir-authentique,Technoplace,has_dot
121572,553.12,"553.12 DH","Masque visage soin de nuit anti rides, fermeté et éclat 50ml Ncef-Reverse Filorga",masque-visage-soin-de-nuit-anti-rides-fermete-et-eclat-50ml-ncef-reverse-filorga,"Para La Gloire",has_dot
134687,554.4,"554.40 DH","Hikvision Digital Technology E100 2.5"" 256 Go Série ATA III 3D TLC",hikvision-digital-technology-e100-2-5-256-go-serie-ata-iii-3d-tlc,Technoplace,has_dot
141805,554.4,"554.40 DH","TP-Link Archer C6U routeur sans fil Gigabit Ethernet Bi-bande (2,4 GHz / 5 GHz) 4G Noir (ARCHER C6U)",tp-link-archer-c6u-routeur-sans-fil-gigabit-ethernet-bi-bande-2-4-g-hz-5-g-hz-4g-noir-archer-c6u,"Shared Store",has_dot
120505,555.05,"555.05 DH","Darphin Hydraskin Light Gel Crème Hydratation Continue 50 ml",darphin-hydraskin-light-gel-creme-hydratation-continue-50-ml,"New Era Parapharmacie",has_dot
130480,555.6,"555.60 DH","HP 907XL Cartouche d’encre noire grande capacité authentique",hp-907xl-cartouche-d-encre-noire-grande-capacite-authentique,"NGT Maroc",has_dot
121749,558.25,"558.25 DH","Contour des yeux anti rides et éclat 15ml Ncef-Reverse Filorga",contour-des-yeux-anti-rides-et-eclat-15ml-ncef-reverse-filorga,"UNIVERS PARADISCOUNT Maroc",has_dot
138370,558.67,"558.67 DH","HP Adaptateur intelligent 90 W (H6Y90AA#ABB)",hp-adaptateur-intelligent-90-w-h6y90aa-abb,Technoplace,has_dot
135861,561.12,"561.12 DH","Imprimante Multifonction Jet d'encre Canon PIXMA TS3440 (4463C007AB)",imprimante-multifonction-jet-d-encre-canon-pixma-ts3440-4463c007ab,Technoplace,has_dot
142635,562.19,"562.19 DH","Logitech G G305 souris Droitier RF sans fil + Bluetooth Optique 12000 DPI (910-005291)",logitech-g-g305-souris-droitier-rf-sans-fil-bluetooth-optique-12000-dpi-910-005291,Technoplace,has_dot
144503,567.15,"567.15 DH","REVITALASH eyebrow conditionner 1.5ML (SOURCILS)",revitalash-eyebrow-conditionner-1-5ml-sourcils,"AtelierPara Maroc",has_dot
117671,568.16,"568.16 DH","Logitech G G305 souris Droitier RF sans fil + Bluetooth Optique 12000 DPI (910-005282)",logitech-g-g305-souris-droitier-rf-sans-fil-bluetooth-optique-12000-dpi-910-005282,Technoplace,has_dot
126349,571.2,"571.20 DH","ADATA AD4S26668G19-SGN Barrette Mémoire 8 Go DDR4 2666 MHz",adata-ad4s26668g19-sgn-barrette-memoire-8-go-ddr4-2666-m-hz,Technoplace,has_dot
132788,572.25,"572.25 DH","HP 934XL cartouche d'encre noire grande capacité authentique",hp-934xl-cartouche-d-encre-noire-grande-capacite-authentique,"Bestmark Maroc",has_dot
121692,573.1,"573.10 DH","Sérum visage lifting et fermeté 30ml Lift-Structure Filorga",serum-visage-lifting-et-fermete-30ml-lift-structure-filorga,"UNIVERS PARADISCOUNT Maroc",has_dot
122159,573.1,"573.10 DH","Crème de nuit lifting et fermeté 50ml Lift-Structure Filorga",creme-de-nuit-lifting-et-fermete-50ml-lift-structure-filorga,"UNIVERS PARADISCOUNT Maroc",has_dot
122176,573.1,"573.10 DH","Crème de jour lifting et fermeté 50ml Lift-Structure Filorga",creme-de-jour-lifting-et-fermete-50ml-lift-structure-filorga,"UNIVERS PARADISCOUNT Maroc",has_dot
135196,573.33,"573.33 DH","TP-Link Desktop switch, 9 portów 10/100 Mb/s, 8/9 ports with PoE+ (TL-SF1009P)",tp-link-desktop-switch-9-portow-10-100-mb-s-8-9-ports-with-po-e-tl-sf1009p,Technoplace,has_dot
143229,574.99,"574.99 DH","Bosch MS6CB6110 blender 0,6 L Mélangeur par immersion 1000 W Noir",bosch-ms6cb6110-blender-0-6-l-melangeur-par-immersion-1000-w-noir,"Electro Zara Maroc",has_dot
121750,577.25,"577.25 DH","Contour des yeux anti rides et éclat 15ml Ncef-Reverse Filorga",contour-des-yeux-anti-rides-et-eclat-15ml-ncef-reverse-filorga,"Para La Gloire",has_dot
108667,578.96,"578.96 DH","Logitech G G333 Casque Avec fil Ecouteurs Jouer Violet",logitech-g-g333-casque-avec-fil-ecouteurs-jouer-violet,Technoplace,has_dot
108732,578.96,"578.96 DH","Logitech G G333 Casque Avec fil Ecouteurs Jouer Noir",logitech-g-g333-casque-avec-fil-ecouteurs-jouer-noir,Technoplace,has_dot
130384,579.6,"579.60 DH","HP 940XL High Yield Black Original Ink Cartridge cartouche d'encreRendement élevé (XL) Noir",hp-940xl-high-yield-black-original-ink-cartridge-cartouche-d-encre-rendement-eleve-xl-noir,"Bestmark Maroc",has_dot
112469,579.75,"579.75 DH","Cartouche HP 135 Couleur Originale",cartouche-hp-135-couleur-originale,"Bestmark Maroc",has_dot
128524,581.6,"581.60 DH","HP 963XL Cartouche d'encre cyan authentique, grande capacité",hp-963xl-cartouche-d-encre-cyan-authentique-grande-capacite,"Shared Store",has_dot
121693,583.36,"583.36 DH","Sérum visage lifting et fermeté 30ml Lift-Structure Filorga",serum-visage-lifting-et-fermete-30ml-lift-structure-filorga,"Para La Gloire",has_dot
122160,583.36,"583.36 DH","Crème de nuit lifting et fermeté 50ml Lift-Structure Filorga",creme-de-nuit-lifting-et-fermete-50ml-lift-structure-filorga,"Para La Gloire",has_dot
122177,583.36,"583.36 DH","Crème de jour lifting et fermeté 50ml Lift-Structure Filorga",creme-de-jour-lifting-et-fermete-50ml-lift-structure-filorga,"Para La Gloire",has_dot
121950,584.1,"584.10 DH","Epigence 145 Cream 50ml Black Diamond Martiderm",epigence-145-cream-50ml-black-diamond-martiderm,"UNIVERS PARADISCOUNT Maroc",has_dot
144613,584.1,"584.10 DH","MartiDerm BLACK DIAMOND Epigence 145 Sleeping Cream 50ml",marti-derm-black-diamond-epigence-145-sleeping-cream-50ml,"UNIVERS PARADISCOUNT Maroc",has_dot
121412,584.13,"584.13 DH","Dsp Bright 30 Ampoules Pigment Zero Martiderm",dsp-bright-30-ampoules-pigment-zero-martiderm,"AtelierPara Maroc",has_dot
121951,584.13,"584.13 DH","Epigence 145 Cream 50ml Black Diamond Martiderm",epigence-145-cream-50ml-black-diamond-martiderm,"AtelierPara Maroc",has_dot
144614,584.13,"584.13 DH","MartiDerm BLACK DIAMOND Epigence 145 Sleeping Cream 50ml",marti-derm-black-diamond-epigence-145-sleeping-cream-50ml,"AtelierPara Maroc",has_dot
141656,584.8,"584.80 DH","TP-Link Archer C80 routeur sans fil Gigabit Ethernet Bi-bande (2,4 GHz / 5 GHz) Noir (ARCHER C80)",tp-link-archer-c80-routeur-sans-fil-gigabit-ethernet-bi-bande-2-4-g-hz-5-g-hz-noir-archer-c80,Technoplace,has_dot
130279,585.6,"585.60 DH","HP DesignJet 85 cartouche d'encre magenta, 28 ml",hp-design-jet-85-cartouche-d-encre-magenta-28-ml,"NGT Maroc",has_dot
130282,585.6,"585.60 DH","HP DesignJet 85 cartouche d'encre cyan, 28 ml",hp-design-jet-85-cartouche-d-encre-cyan-28-ml,"NGT Maroc",has_dot
121932,585.65,"585.65 DH","Clarins Calm Essentiel Soothing Emulsion Crèmes de jour et de nuit Visage, Cou 50 ml",clarins-calm-essentiel-soothing-emulsion-cremes-de-jour-et-de-nuit-visage-cou-50-ml,"New Era Parapharmacie",has_dot
132386,586.8,"586.80 DH","HP 15 cartouche d'encre noir authentique grande contenance",hp-15-cartouche-d-encre-noir-authentique-grande-contenance,"NGT Maroc",has_dot
121694,590.75,"590.75 DH","Sérum visage lifting et fermeté 30ml Lift-Structure Filorga",serum-visage-lifting-et-fermete-30ml-lift-structure-filorga,"New Era Parapharmacie",has_dot
122162,590.75,"590.75 DH","Crème de nuit lifting et fermeté 50ml Lift-Structure Filorga",creme-de-nuit-lifting-et-fermete-50ml-lift-structure-filorga,"New Era Parapharmacie",has_dot
129683,592.67,"592.67 DH","HP Cartouche d'encre DesignJet 712, jaune, 29 ml (3ED69A)",hp-cartouche-d-encre-design-jet-712-jaune-29-ml-3ed69a,Technoplace,has_dot
129693,592.67,"592.67 DH","HP Cartouche d'encre DesignJet 712, magenta, 29 ml (3ED68A)",hp-cartouche-d-encre-design-jet-712-magenta-29-ml-3ed68a,Technoplace,has_dot
129697,592.67,"592.67 DH","HP Cartouche d'encre DesignJet 712, cyan, 29 ml (3ED67A)",hp-cartouche-d-encre-design-jet-712-cyan-29-ml-3ed67a,Technoplace,has_dot
124425,598.13,"598.13 DH","Logitech G G435 LIGHTSPEED Wireless Gaming Headset Casque Sans fil Arceau Jouer Bluetooth Noir",logitech-g-g435-lightspeed-wireless-gaming-headset-casque-sans-fil-arceau-jouer-bluetooth-noir,Technoplace,has_dot
108965,599.52,"599.52 DH","NGS Sky Charm haut-parleur Noir Avec fil &sans fil 50 W",ngs-sky-charm-haut-parleur-noir-avec-fil-sans-fil-50-w,Technoplace,has_dot
122167,607.2,"607.20 DH","Crème de jour hydratante intense 50ml Nutri-filler Filorga",creme-de-jour-hydratante-intense-50ml-nutri-filler-filorga,"AtelierPara Maroc",has_dot
133717,607.5,"607.50 DH","SSD M.2 SATA 256GB/3D TLC/SATA III 6 Gb/sUp to 545MB/s read speed,480MB/s write speed",ssd-m-2-sata-256gb-3d-tlc-sata-iii-6-gb-s-up-to-545mb-s-read-speed-480mb-s-write-speed,Technoplace,has_dot
127416,610.67,"610.67 DH","HyperX Alloy Core RGB clavier USB AZERTY Français Noir",hyper-x-alloy-core-rgb-clavier-usb-azerty-francais-noir,Technoplace,has_dot
142665,610.67,"610.67 DH","HyperX Pulsefire Surge - Souris de jeu (noir)",hyper-x-pulsefire-surge-souris-de-jeu-noir,Technoplace,has_dot
142684,610.67,"610.67 DH","HyperX Pulsefire Surge souris Ambidextre USB Type-A Optique 16000 DPI",hyper-x-pulsefire-surge-souris-ambidextre-usb-type-a-optique-16000-dpi,Technoplace,has_dot
141681,610.8,"610.80 DH","TP-Link Archer VR300 AC1200 routeur sans fil Fast Ethernet Bi-bande (2,4 GHz / 5 GHz) 4G Noir (ARCHER VR300)",tp-link-archer-vr300-ac1200-routeur-sans-fil-fast-ethernet-bi-bande-2-4-g-hz-5-g-hz-4g-noir-archer-vr300,Technoplace,has_dot
121373,612.22,"612.22 DH","Sérum anti tâches uniformisant 30ml Skin Unify Filorga",serum-anti-taches-uniformisant-30ml-skin-unify-filorga,"AtelierPara Maroc",has_dot
121381,612.48,"612.48 DH","Crème de jour anti tâches uniformisante 50ml Skin Unify Filorga",creme-de-jour-anti-taches-uniformisante-50ml-skin-unify-filorga,"AtelierPara Maroc",has_dot
121442,613.03,"613.03 DH","Fluide de jour anti rides et imperfections 50ml Age-Purify Filorga",fluide-de-jour-anti-rides-et-imperfections-50ml-age-purify-filorga,COTEPARA,has_dot
121448,613.14,"613.14 DH","Sérum visage anti rides et imperfections 30ml Age-Purify Filorga",serum-visage-anti-rides-et-imperfections-30ml-age-purify-filorga,"AtelierPara Maroc",has_dot
111876,613.2,"613.20 DH","Epson Toner Noir Capacité Standard (700 p)",epson-toner-noir-capacite-standard-700-p,"NGT Maroc",has_dot
135078,613.2,"613.20 DH","Aruba Instant On 1430 5G Non-géré L2 Gigabit Ethernet (10/100/1000) Blanc",aruba-instant-on-1430-5g-non-gere-l2-gigabit-ethernet-10-100-1000-blanc,"NGT Maroc",has_dot
121898,617.6,"617.60 DH","Clarins Bright Plus Dark Spot-Targeting Gel Cream Crèmes de jour et de nuit Visage 50 ml",clarins-bright-plus-dark-spot-targeting-gel-cream-cremes-de-jour-et-de-nuit-visage-50-ml,"UNIVERS PARADISCOUNT Maroc",has_dot
134718,619.2,"619.20 DH","Seagate S-series ST2000VX003 disque dur 3.5"" 2000 Go Série ATA III",seagate-s-series-st2000vx003-disque-dur-3-5-2000-go-serie-ata-iii,Technoplace,has_dot
122262,621.25,"621.25 DH","Soin contour des yeux et lèvres nutrition anti âge et rides 15ml Global-Repair Filorga",soin-contour-des-yeux-et-levres-nutrition-anti-age-et-rides-15ml-global-repair-filorga,"Para La Gloire",has_dot
128320,622.2,"622.20 DH","Ricoh 408010 Cartouche de tonerOriginal Noir",ricoh-408010-cartouche-de-toner-original-noir,"NGT Maroc",has_dot
124364,622.8,"622.80 DH","Jabra Biz 1500 Mono Casque Avec fil Arceau Bureau/Centre d'appels Noir (1513-0154)",jabra-biz-1500-mono-casque-avec-fil-arceau-bureau-centre-d-appels-noir-1513-0154,"Iris.ma Maroc",has_dot
109256,626.08,"626.08 DH","Kit de fixation Plafond ORAY pour Vidéoprojecteur",kit-de-fixation-plafond-oray-pour-videoprojecteur,Technoplace,has_dot
122263,629.2,"629.20 DH","Soin contour des yeux et lèvres nutrition anti âge et rides 15ml Global-Repair Filorga",soin-contour-des-yeux-et-levres-nutrition-anti-age-et-rides-15ml-global-repair-filorga,"UNIVERS PARADISCOUNT Maroc",has_dot
129539,629.33,"629.33 DH","HP 951XL cartouche d'encre cyan grande capacité authentique",hp-951xl-cartouche-d-encre-cyan-grande-capacite-authentique,Technoplace,has_dot
132929,629.33,"629.33 DH","HP 951XL cartouche d'encre jaune grande capacité authentique",hp-951xl-cartouche-d-encre-jaune-grande-capacite-authentique,Technoplace,has_dot
138371,629.33,"629.33 DH","HP 951XL cartouche d'encre 1 pièce(s) Original Magenta",hp-951xl-cartouche-d-encre-1-piece-s-original-magenta,Technoplace,has_dot
122168,635.35,"635.35 DH","Crème de jour hydratante intense 50ml Nutri-filler Filorga",creme-de-jour-hydratante-intense-50ml-nutri-filler-filorga,"Para La Gloire",has_dot
134749,636.92,"636.92 DH","Western Digital Purple 3.5"" 1 To Série ATA III",western-digital-purple-3-5-1-to-serie-ata-iii,Technoplace,has_dot
108763,637.2,"637.20 DH","Logitech H600 WIRELESS HEADSET Pour ordinateurs via récepteur USB",logitech-h600-wireless-headset-pour-ordinateurs-via-recepteur-usb,Technoplace,has_dot
130258,638.4,"638.40 DH","HP 85 tête d'impression DesignJet magenta clair",hp-85-tete-d-impression-design-jet-magenta-clair,"NGT Maroc",has_dot
130261,638.4,"638.40 DH","HP DesignJet 85 tête d'impression cyan clair",hp-design-jet-85-tete-d-impression-cyan-clair,"NGT Maroc",has_dot
130263,638.4,"638.40 DH","HP DesignJet 85 tête d'impression jaune",hp-design-jet-85-tete-d-impression-jaune,"NGT Maroc",has_dot
130266,638.4,"638.40 DH","HP 85 tête d'impression DesignJet magenta",hp-85-tete-d-impression-design-jet-magenta,"NGT Maroc",has_dot
130269,638.4,"638.40 DH","HP 85 tête d'impression DesignJet cyan",hp-85-tete-d-impression-design-jet-cyan,"NGT Maroc",has_dot
142610,642.59,"642.59 DH","Microsoft Sculpt Ergonomic Mouse souris Droitier RF sans fil BlueTrack 2400 DPI",microsoft-sculpt-ergonomic-mouse-souris-droitier-rf-sans-fil-blue-track-2400-dpi,Technoplace,has_dot
136459,644.88,"644.88 DH","HP DeskJet Imprimante tout-en-un 2320, Couleur, Imprimante pour Domicile, Impression, copie, numérisation, Numérisation vers PDF",hp-desk-jet-imprimante-tout-en-un-2320-couleur-imprimante-pour-domicile-impression-copie-numerisation-numerisation-vers-pdf,Technoplace,has_dot
135256,645.25,"645.25 DH","Hikvision Digital Technology DS-3E0109P-E/M(B) commutateur réseau Non-géré L2 Fast Ethernet (10/100) Connexion Ethernet, supportant l'alimentation via ce port (PoE) Bleu",hikvision-digital-technology-ds-3e0109p-e-m-b-commutateur-reseau-non-gere-l2-fast-ethernet-10-100-connexion-ethernet-supportant-l-alimentation-via-ce-port-po-e-bleu,Technoplace,has_dot
124580,646.67,"646.67 DH","HyperX Casque gamer - Cloud Cluster 2 (noir)",hyper-x-casque-gamer-cloud-cluster-2-noir,Technoplace,has_dot
110620,648.48,"648.48 DH","Logitech Slim Wireless Keyboard and Mouse Combo MK470 clavier USB AZERTY Français Graphite",logitech-slim-wireless-keyboard-and-mouse-combo-mk470-clavier-usb-azerty-francais-graphite,Technoplace,has_dot
122264,648.55,"648.55 DH","Soin contour des yeux et lèvres nutrition anti âge et rides 15ml Global-Repair Filorga",soin-contour-des-yeux-et-levres-nutrition-anti-age-et-rides-15ml-global-repair-filorga,"New Era Parapharmacie",has_dot
134794,649.2,"649.20 DH","Seagate Barracuda 2.5"" 2.5"" 500 Go Série ATA III (ST500LM030)",seagate-barracuda-2-5-2-5-500-go-serie-ata-iii-st500lm030,Technoplace,has_dot
132203,651.6,"651.60 DH","HP 88XL cartouche d'encreOriginal Rendement élevé (XL) Noir",hp-88xl-cartouche-d-encre-original-rendement-eleve-xl-noir,"NGT Maroc",has_dot
134853,652.8,"652.80 DH","ADATA Ultimate SU630 2.5"" 480 Go SATA QLC 3D NAND",adata-ultimate-su630-2-5-480-go-sata-qlc-3d-nand,"Shared Store",has_dot
128542,653.33,"653.33 DH","HP 953XL Cartouche d’encre magenta grande capacité authentique",hp-953xl-cartouche-d-encre-magenta-grande-capacite-authentique,Technoplace,has_dot
143168,653.33,"653.33 DH","TP-Link EAP235-Wall 867 Mbit/s Blanc Connexion Ethernet, supportant l'alimentation via ce port (PoE) (EAP235-WALL)",tp-link-eap235-wall-867-mbit-s-blanc-connexion-ethernet-supportant-l-alimentation-via-ce-port-po-e-eap235-wall,Technoplace,has_dot
121899,656.2,"656.20 DH","Clarins Bright Plus Dark Spot-Targeting Gel Cream Crèmes de jour et de nuit Visage 50 ml",clarins-bright-plus-dark-spot-targeting-gel-cream-cremes-de-jour-et-de-nuit-visage-50-ml,"New Era Parapharmacie",has_dot
110448,657.6,"657.60 DH","HP Clavier plat et souris sans fil",hp-clavier-plat-et-souris-sans-fil,Technoplace,has_dot
130271,658.8,"658.80 DH","HP 85 cartouche d'encre magenta clair 69 ml",hp-85-cartouche-d-encre-magenta-clair-69-ml,"NGT Maroc",has_dot
130275,658.8,"658.80 DH","HP 85 cartouche d'encre cyan clair 69 ml",hp-85-cartouche-d-encre-cyan-clair-69-ml,"NGT Maroc",has_dot
130285,658.8,"658.80 DH","HP 85 69-ml Yellow DesignJet Ink Cartridge cartouche d'encreOriginal Jaune",hp-85-69-ml-yellow-design-jet-ink-cartridge-cartouche-d-encre-original-jaune,"NGT Maroc",has_dot
122083,660.8,"660.80 DH","Clarins Multi-Active Jour Gelée Peaux normales à mixtes 50 ml",clarins-multi-active-jour-gelee-peaux-normales-a-mixtes-50-ml,"UNIVERS PARADISCOUNT Maroc",has_dot
141693,665.33,"665.33 DH","TP-Link Archer AX10 routeur sans fil Gigabit Ethernet Bi-bande (2,4 GHz / 5 GHz) Noir (ARCHER AX10)",tp-link-archer-ax10-routeur-sans-fil-gigabit-ethernet-bi-bande-2-4-g-hz-5-g-hz-noir-archer-ax10,Technoplace,has_dot
141698,665.33,"665.33 DH","TP-LINK ARCHER AX23 routeur sans fil Gigabit Ethernet Bi-bande (2,4 GHz / 5 GHz) 5G Noir",tp-link-archer-ax23-routeur-sans-fil-gigabit-ethernet-bi-bande-2-4-g-hz-5-g-hz-5g-noir,Technoplace,has_dot
126305,666.4,"666.40 DH","DELL AA086414 Barrette Mémoire 4 Go 1 x 4 Go DDR4 2666 MHz (AA086414)",dell-aa086414-barrette-memoire-4-go-1-x-4-go-ddr4-2666-m-hz-aa086414,Technoplace,has_dot
114894,667.52,"667.52 DH","HP Adaptateur intelligent 90 W",hp-adaptateur-intelligent-90-w,Technoplace,has_dot
134244,667.52,"667.52 DH","Western Digital Blue SA510 SSD 250Go SATA III 6Gb/s cased 2.5p 7mm internal (WDS250G3B0A)",western-digital-blue-sa510-ssd-250go-sata-iii-6gb-s-cased-2-5p-7mm-internal-wds250g3b0a,Technoplace,has_dot
132641,668.4,"668.40 DH","HP 78 cartouche d'encre trois couleurs authentique",hp-78-cartouche-d-encre-trois-couleurs-authentique,"NGT Maroc",has_dot
121751,669.9,"669.90 DH","Contour des yeux anti rides et éclat 15ml Ncef-Reverse Filorga",contour-des-yeux-anti-rides-et-eclat-15ml-ncef-reverse-filorga,"AtelierPara Maroc",has_dot
112436,670.8,"670.80 DH","Cartouche HP originale 123XL Grande capacité - Noir",cartouche-hp-originale-123xl-grande-capacite-noir,Technoplace,has_dot
122146,672.26,"672.26 DH","Crème de jour anti rides fermeté et éclat 50ml Ncef-Reverse Filorga",creme-de-jour-anti-rides-fermete-et-eclat-50ml-ncef-reverse-filorga,"Para La Gloire",has_dot
120191,673.86,"673.86 DH","Lansinoh Breastfeeding Manual Breast Pump 1 pcs",lansinoh-breastfeeding-manual-breast-pump-1-pcs,"UNIVERS PARADISCOUNT Maroc",has_dot
132506,675.6,"675.60 DH","HP 17 cartouche d'encre trois couleurs authentique",hp-17-cartouche-d-encre-trois-couleurs-authentique,"NGT Maroc",has_dot
131984,687.6,"687.60 DH","HP 57 cartouche d'encre trois couleurs authentique",hp-57-cartouche-d-encre-trois-couleurs-authentique,"NGT Maroc",has_dot
122163,687.72,"687.72 DH","Crème de nuit lifting et fermeté 50ml Lift-Structure Filorga",creme-de-nuit-lifting-et-fermete-50ml-lift-structure-filorga,"AtelierPara Maroc",has_dot
121575,688.38,"688.38 DH","Sérum anti rides, fermeté et éclat 30ml Ncef-Reverse Filorga",serum-anti-rides-fermete-et-eclat-30ml-ncef-reverse-filorga,"Para La Gloire",has_dot
132816,688.8,"688.80 DH","HP 51645AE cartouche d'encreOriginal Rendement élevé (XL) Photo noire",hp-51645ae-cartouche-d-encre-original-rendement-eleve-xl-photo-noire,"NGT Maroc",has_dot
131082,689.33,"689.33 DH","HP 963XL Cartouche d'encre noire authentique, grande capacité",hp-963xl-cartouche-d-encre-noire-authentique-grande-capacite,Technoplace,has_dot
134444,689.7,"689.70 DH","Kingston Technology A400 2.5"" 240 Go Série ATA III TLC (SA400S37/240G)",kingston-technology-a400-2-5-240-go-serie-ata-iii-tlc-sa400s37-240g,Micromad,has_dot
134830,691.2,"691.20 DH","Seagate Barracuda ST1000DM010 disque dur 3.5"" 1000 Go Série ATA III (ST1000DM010)",seagate-barracuda-st1000dm010-disque-dur-3-5-1000-go-serie-ata-iii-st1000dm010,Technoplace,has_dot
132169,692.4,"692.40 DH","HP 11 cartouche d'encre magenta authentique",hp-11-cartouche-d-encre-magenta-authentique,"NGT Maroc",has_dot
132269,692.4,"692.40 DH","HP 11 cartouche d'encre cyan authentique",hp-11-cartouche-d-encre-cyan-authentique,"NGT Maroc",has_dot
132408,692.4,"692.40 DH","HP 11 cartouche d'encre jaune authentique",hp-11-cartouche-d-encre-jaune-authentique,"NGT Maroc",has_dot
112207,694.72,"694.72 DH","Epson Tower of Pisa Encre Magenta ""Tour de Pise"" XL (2 000 p) (C13T79034010)",epson-tower-of-pisa-encre-magenta-tour-de-pise-xl-2-000-p-c13t79034010,Technoplace,has_dot
144055,695.3,"695.30 DH","BaByliss ST255E",ba-byliss-st255e,"Palmarosa Maroc",has_dot
144061,695.3,"695.30 DH","BaByliss Smooth Finish 230 ST250E 1 pcs",ba-byliss-smooth-finish-230-st250e-1-pcs,"Palmarosa Maroc",has_dot
135422,696.59,"696.59 DH","TP-Link TL-SG1008 commutateur réseau Non-géré Gigabit Ethernet (10/100/1000) Noir (TL-SG1008)",tp-link-tl-sg1008-commutateur-reseau-non-gere-gigabit-ethernet-10-100-1000-noir-tl-sg1008,Technoplace,has_dot
114003,698.4,"698.40 DH","Lexmark 70C0D20 imprimante de développement 40000 pages",lexmark-70c0d20-imprimante-de-developpement-40000-pages,"NGT Maroc",has_dot
114006,698.4,"698.40 DH","Lexmark 70C0D10 imprimante de développement 40000 pages",lexmark-70c0d10-imprimante-de-developpement-40000-pages,"NGT Maroc",has_dot
114015,698.4,"698.40 DH","Lexmark C540X34G imprimante de développement 30000 pages",lexmark-c540x34g-imprimante-de-developpement-30000-pages,"NGT Maroc",has_dot
131227,698.4,"698.40 DH","Lexmark C540X31G Cartouche de tonerOriginal Noir",lexmark-c540x31g-cartouche-de-toner-original-noir,"NGT Maroc",has_dot
124473,698.83,"698.83 DH","Logitech G G335 Wired Gaming Headset Casque Avec fil Arceau Jouer Noir",logitech-g-g335-wired-gaming-headset-casque-avec-fil-arceau-jouer-noir,Technoplace,has_dot
124491,698.83,"698.83 DH","Logitech G G335 Casque Avec fil Arceau Jouer Blanc",logitech-g-g335-casque-avec-fil-arceau-jouer-blanc,Technoplace,has_dot
122084,702.1,"702.10 DH","Clarins Multi-Active Jour Gelée Peaux normales à mixtes 50 ml",clarins-multi-active-jour-gelee-peaux-normales-a-mixtes-50-ml,"New Era Parapharmacie",has_dot
113997,705.6,"705.60 DH","Lexmark 70C0D40 imprimante de développement 40000 pages",lexmark-70c0d40-imprimante-de-developpement-40000-pages,"NGT Maroc",has_dot
114000,705.6,"705.60 DH","Lexmark 70C0D30 imprimante de développement 40000 pages",lexmark-70c0d30-imprimante-de-developpement-40000-pages,"NGT Maroc",has_dot
135080,706.08,"706.08 DH","Aruba Instant On 1430 5G Non-géré L2 Gigabit Ethernet (10/100/1000) Blanc",aruba-instant-on-1430-5g-non-gere-l2-gigabit-ethernet-10-100-1000-blanc,Technoplace,has_dot
117125,706.67,"706.67 DH","TP-Link TL-R480T+ Routeur connecté Noir (TL-R480T+)",tp-link-tl-r480t-routeur-connecte-noir-tl-r480t,Technoplace,has_dot
112088,706.8,"706.80 DH","Lexmark C54x, X54x Black Return Programme Toner Cartridge (1K) Cartouche de toner Original Noir",lexmark-c54x-x54x-black-return-programme-toner-cartridge-1k-cartouche-de-toner-original-noir,"NGT Maroc",has_dot
114019,706.8,"706.80 DH","Lexmark C540X32G imprimante de développement 30000 pages",lexmark-c540x32g-imprimante-de-developpement-30000-pages,"NGT Maroc",has_dot
114022,706.8,"706.80 DH","Lexmark C540X33G imprimante de développement 30000 pages",lexmark-c540x33g-imprimante-de-developpement-30000-pages,"NGT Maroc",has_dot
132423,709.2,"709.20 DH","HP HPC4811A tête d’impression A jet d'encre thermique",hp-hpc4811a-tete-d-impression-a-jet-d-encre-thermique,"NGT Maroc",has_dot
125259,709.33,"709.33 DH","HP Inc HyperX SoloCast Standalone Microphone (4P5P8AA)",hp-inc-hyper-x-solo-cast-standalone-microphone-4p5p8aa,Technoplace,has_dot
132276,712.8,"712.80 DH","HP 56A toner LaserJet noir authentique (CF256A)",hp-56a-toner-laser-jet-noir-authentique-cf256a,Technoplace,has_dot
129692,715.2,"715.20 DH","HP Cartouche d'encre DesignJet 712, magenta, 29 ml (3ED68A)",hp-cartouche-d-encre-design-jet-712-magenta-29-ml-3ed68a,"Shared Store",has_dot
129699,715.2,"715.20 DH","HP Cartouche d'encre DesignJet 712, cyan, 29 ml (3ED67A)",hp-cartouche-d-encre-design-jet-712-cyan-29-ml-3ed67a,"Shared Store",has_dot
121291,716.8,"716.80 DH","Biotherm Blue Retinol Resurface and Repair Night Serum 30 ml",biotherm-blue-retinol-resurface-and-repair-night-serum-30-ml,"UNIVERS PARADISCOUNT Maroc",has_dot
126286,718.8,"718.80 DH","HP 286H5AA Barrette Mémoire 4 Go 1 x 4 Go DDR4 3200 MHz",hp-286h5aa-barrette-memoire-4-go-1-x-4-go-ddr4-3200-m-hz,Technoplace,has_dot
128474,719.39,"719.39 DH","HP 912XL Cartouche d'encre noire authentique, grande capacité",hp-912xl-cartouche-d-encre-noire-authentique-grande-capacite,Technoplace,has_dot
143047,723.6,"723.60 DH","TP-Link 2.4GHz 300Mbps 9dBi Outdoor CPE 300 Mbit/s Blanc Connexion Ethernet, supportant l'alimentation via ce port (PoE) (CPE210)",tp-link-2-4g-hz-300mbps-9d-bi-outdoor-cpe-300-mbit-s-blanc-connexion-ethernet-supportant-l-alimentation-via-ce-port-po-e-cpe210,Technoplace,has_dot
121560,729.77,"729.77 DH","Sérum visage nutrition anti âge et rides 30ml Global-Repair Filorga",serum-visage-nutrition-anti-age-et-rides-30ml-global-repair-filorga,"Azana Maroc",has_dot
121561,729.77,"729.77 DH","Sérum visage nutrition anti âge et rides 30ml Global-Repair Filorga",serum-visage-nutrition-anti-age-et-rides-30ml-global-repair-filorga,"Para La Gloire",has_dot
121558,730.29,"730.29 DH","Crème de jour nutrition anti âge et rides 50ml Global-Repair Peaux Seches Filorga",creme-de-jour-nutrition-anti-age-et-rides-50ml-global-repair-peaux-seches-filorga,"UNIVERS PARADISCOUNT Maroc",has_dot
122826,730.8,"730.80 DH","Grandstream Networks GXP1630 téléphone fixe Noir 3 lignes LCD",grandstream-networks-gxp1630-telephone-fixe-noir-3-lignes-lcd,"Iris.ma Maroc",has_dot
129494,731.28,"731.28 DH","HP 953XL cartouche d'encre jaune grande capacité conçue par",hp-953xl-cartouche-d-encre-jaune-grande-capacite-concue-par,Technoplace,has_dot
132316,731.28,"731.28 DH","HP 953XL Cartouche d’encre cyan grande capacité authentique",hp-953xl-cartouche-d-encre-cyan-grande-capacite-authentique,Technoplace,has_dot
141587,733.33,"733.33 DH","TP-LINK Archer VR400 routeur sans fil Bi-bande (2,4 GHz / 5 GHz) Gigabit Ethernet 3G 4G Noir",tp-link-archer-vr400-routeur-sans-fil-bi-bande-2-4-g-hz-5-g-hz-gigabit-ethernet-3g-4g-noir,Technoplace,has_dot
121559,737.71,"737.71 DH","Crème de jour nutrition anti âge et rides 50ml Global-Repair Peaux Seches Filorga",creme-de-jour-nutrition-anti-age-et-rides-50ml-global-repair-peaux-seches-filorga,"Para La Gloire",has_dot
131096,742.8,"742.80 DH","HP 963XL Cartouche d'encre jaune authentique, grande capacité",hp-963xl-cartouche-d-encre-jaune-authentique-grande-capacite,"Shared Store",has_dot
126475,743.47,"743.47 DH","ADATA AD4U320016G22-RGN Barrette Mémoire 16 Go 1 x 16 Go DDR4 3200 MHz",adata-ad4u320016g22-rgn-barrette-memoire-16-go-1-x-16-go-ddr4-3200-m-hz,Technoplace,has_dot
111874,746.4,"746.40 DH","Epson Toner Jaune Capacité Standard (700 p)",epson-toner-jaune-capacite-standard-700-p,"NGT Maroc",has_dot
111930,746.4,"746.40 DH","Epson Toner Magenta Capacité Standard (700 p)",epson-toner-magenta-capacite-standard-700-p,"NGT Maroc",has_dot
132388,747.2,"747.20 DH","HP 15 cartouche d'encre noir authentique grande contenance",hp-15-cartouche-d-encre-noir-authentique-grande-contenance,"Bestmark Maroc",has_dot
121891,748.8,"748.80 DH","Biotherm Blue Therapy 50 ml",biotherm-blue-therapy-50-ml,"UNIVERS PARADISCOUNT Maroc",has_dot
134255,752.53,"752.53 DH","Western Digital Blue SA510 2.5"" 500 Go Série ATA III",western-digital-blue-sa510-2-5-500-go-serie-ata-iii,Technoplace,has_dot
112291,753.6,"753.60 DH","Samsung CLT-M409S Cartouche de toner Original Magenta",samsung-clt-m409s-cartouche-de-toner-original-magenta,"NGT Maroc",has_dot
122265,755.04,"755.04 DH","Soin contour des yeux et lèvres nutrition anti âge et rides 15ml Global-Repair Filorga",soin-contour-des-yeux-et-levres-nutrition-anti-age-et-rides-15ml-global-repair-filorga,"AtelierPara Maroc",has_dot
121562,757.9,"757.90 DH","Sérum visage nutrition anti âge et rides 30ml Global-Repair Filorga",serum-visage-nutrition-anti-age-et-rides-30ml-global-repair-filorga,"UNIVERS PARADISCOUNT Maroc",has_dot
130577,757.9,"757.90 DH","HP 645A Cartouche de tonerOriginal Magenta (C9733A)",hp-645a-cartouche-de-toner-original-magenta-c9733a,Technoplace,has_dot
110905,759.6,"759.60 DH","Lenovo 4X30M39469 clavier RF sans fil Français Noir",lenovo-4x30m39469-clavier-rf-sans-fil-francais-noir,Technoplace,has_dot
121292,761.6,"761.60 DH","Biotherm Blue Retinol Resurface and Repair Night Serum 30 ml",biotherm-blue-retinol-resurface-and-repair-night-serum-30-ml,"New Era Parapharmacie",has_dot
142028,777.6,"777.60 DH","Phoenix Technologies PHNX-6214BT-2D lecteur de code barres Lecteur de code barre portable 1D/2D CMOS Bleu, Gris",phoenix-technologies-phnx-6214bt-2d-lecteur-de-code-barres-lecteur-de-code-barre-portable-1d-2d-cmos-bleu-gris,Technoplace,has_dot
130017,779.74,"779.74 DH","Brother TN-2210 Cartouche de tonerOriginal Noir (TN2210)",brother-tn-2210-cartouche-de-toner-original-noir-tn2210,Technoplace,has_dot
121563,781.15,"781.15 DH","Sérum visage nutrition anti âge et rides 30ml Global-Repair Filorga",serum-visage-nutrition-anti-age-et-rides-30ml-global-repair-filorga,"New Era Parapharmacie",has_dot
117797,782.72,"782.72 DH","Logitech MX Anywhere 2S souris Droitier RF Sans fil + Bluetooth 4000 DPI (910-005154)",logitech-mx-anywhere-2s-souris-droitier-rf-sans-fil-bluetooth-4000-dpi-910-005154,Technoplace,has_dot
111879,783.2,"783.20 DH","Epson Toner Noir Capacité Standard (700 p)",epson-toner-noir-capacite-standard-700-p,"Shared Store",has_dot
130934,783.6,"783.60 DH","HP 825A toner LaserJet noir authentique",hp-825a-toner-laser-jet-noir-authentique,"NGT Maroc",has_dot
142729,784.8,"784.80 DH","Microsoft Arc Touch souris RF sans fil BlueTrack 1000 DPI Ambidextre",microsoft-arc-touch-souris-rf-sans-fil-blue-track-1000-dpi-ambidextre,Technoplace,has_dot
129364,790.84,"790.84 DH","Canon 725 Noir - Toner Canon d'origine (3484B002AA)",canon-725-noir-toner-canon-d-origine-3484b002aa,"Bestmark Maroc",has_dot
121892,795.6,"795.60 DH","Biotherm Blue Therapy 50 ml",biotherm-blue-therapy-50-ml,"New Era Parapharmacie",has_dot
130190,796.8,"796.80 DH","HP 70 cartouche d'encre optimisateur de brillant DesignJet, 130-ml",hp-70-cartouche-d-encre-optimisateur-de-brillant-design-jet-130-ml,"NGT Maroc",has_dot
118480,798.32,"798.32 DH","Logitech C920s webcam (960-001252)",logitech-c920s-webcam-960-001252,Technoplace,has_dot
143140,801.6,"801.60 DH","D-Link DAP-2230 point d'accès réseaux locaux sans fil 300 Mbit/s Blanc Connexion Ethernet, supportant l'alimentation via ce port (PoE)",d-link-dap-2230-point-d-acces-reseaux-locaux-sans-fil-300-mbit-s-blanc-connexion-ethernet-supportant-l-alimentation-via-ce-port-po-e,Technoplace,has_dot
132343,802.67,"802.67 DH","HP Toner magenta LaserJet 216A authentique (W2413A)",hp-toner-magenta-laser-jet-216a-authentique-w2413a,Technoplace,has_dot
132445,802.67,"802.67 DH","HP Toner cyan LaserJet 216A authentique (W2411A)",hp-toner-cyan-laser-jet-216a-authentique-w2411a,Technoplace,has_dot
132452,802.67,"802.67 DH","HP Toner jaune LaserJet 216A authentique (W2412A)",hp-toner-jaune-laser-jet-216a-authentique-w2412a,Technoplace,has_dot
134936,811.68,"811.68 DH","TP-Link TL-SG116 commutateur réseau Non-géré Gigabit Ethernet (10/100/1000) Noir (TL-SG116)",tp-link-tl-sg116-commutateur-reseau-non-gere-gigabit-ethernet-10-100-1000-noir-tl-sg116,Technoplace,has_dot
137246,813.73,"813.73 DH","Epson UB-E04: 10/100 BaseT Ethernet I/F Board",epson-ub-e04-10-100-base-t-ethernet-i-f-board,Technoplace,has_dot
129366,817.2,"817.20 DH","Canon 725 Noir - Toner Canon d'origine (3484B002AA)",canon-725-noir-toner-canon-d-origine-3484b002aa,"Shared Store",has_dot
134770,818.4,"818.40 DH","Western Digital 1 TB Purple 3.5"" SATA III (WD10PURZ)",western-digital-1-tb-purple-3-5-sata-iii-wd10purz,Technoplace,has_dot
131462,819.6,"819.60 DH","Lexmark 70C80M0 Cartouche de tonerOriginal Magenta",lexmark-70c80m0-cartouche-de-toner-original-magenta,"NGT Maroc",has_dot
131466,819.6,"819.60 DH","Lexmark 70C80Y0 Cartouche de tonerOriginal Jaune",lexmark-70c80y0-cartouche-de-toner-original-jaune,"NGT Maroc",has_dot
131482,819.6,"819.60 DH","Lexmark 70C80C0 Cartouche de tonerOriginal Cyan",lexmark-70c80c0-cartouche-de-toner-original-cyan,"NGT Maroc",has_dot
131491,819.6,"819.60 DH","Toner Original Lexmark 808M Magenta CX310,410,510 (1K) - 80C80M0",toner-original-lexmark-808m-magenta-cx310-410-510-1k-80c80m0,"NGT Maroc",has_dot
131538,819.6,"819.60 DH","Toner Original Lexmark 808Y Yellow CX310,410,510 (1K)",toner-original-lexmark-808y-yellow-cx310-410-510-1k,"NGT Maroc",has_dot
131556,819.6,"819.60 DH","Lexmark 80C80C0 Cartouche de tonerOriginal Cyan",lexmark-80c80c0-cartouche-de-toner-original-cyan,"NGT Maroc",has_dot
137210,822.25,"822.25 DH","HP DeskJet 3639 A jet d'encre thermique A4 4800 x 1200 DPI 8,5 ppm Wifi",hp-desk-jet-3639-a-jet-d-encre-thermique-a4-4800-x-1200-dpi-8-5-ppm-wifi,Technoplace,has_dot
131835,824.4,"824.40 DH","Samsung CLT-K409S/SEE Cartouche de tonerOriginal Noir",samsung-clt-k409s-see-cartouche-de-toner-original-noir,"NGT Maroc",has_dot
129537,826.32,"826.32 DH","Toner HP LaserJet 136A Noir(W1360A )",toner-hp-laser-jet-136a-noir-w1360a,Technoplace,has_dot
117789,828.26,"828.26 DH","Logitech G G502 X souris Droitier USB Type-A Optique 25600 DPI",logitech-g-g502-x-souris-droitier-usb-type-a-optique-25600-dpi,Technoplace,has_dot
114251,832.5,"832.50 DH","Imprimante Laser KYOCERA Ecosys FS-1040 Monochrome",imprimante-laser-kyocera-ecosys-fs-1040-monochrome,"Bestmark Maroc",has_dot
126569,833.33,"833.33 DH","HP 286H8AA Barrette Mémoire 8 GB 1 x 8 GB DDR4 3200 MHz (286H8AA#AC3)",hp-286h8aa-module-de-memoire-8-gb-1-x-8-gb-ddr4-3200-m-hz-286h8aa-ac3,Technoplace,has_dot
134433,834.9,"834.90 DH","Kingston Technology A400 2.5"" 480 Go Série ATA III TLC (SA400S37/480G)",kingston-technology-a400-2-5-480-go-serie-ata-iii-tlc-sa400s37-480g,Micromad,has_dot
108861,836.66,"836.66 DH","Logitech Z207 Haut-parleurs Bluetooth pour ordinateur (980-001295)",logitech-z207-haut-parleurs-bluetooth-pour-ordinateur-980-001295,Technoplace,has_dot
130489,836.88,"836.88 DH","HP 903XL Cartouche d’encre noire grande capacité authentique",hp-903xl-cartouche-d-encre-noire-grande-capacite-authentique,Technoplace,has_dot
112299,839.52,"839.52 DH","HP Cartouche de toner laser authentique 117A, noir (W2070A)",hp-cartouche-de-toner-laser-authentique-117a-noir-w2070a,Technoplace,has_dot
126501,842.05,"842.05 DH","ADATA Premier Barrette Mémoire 16 Go 1 x 16 Go DDR4 3200 MHz",adata-premier-barrette-memoire-16-go-1-x-16-go-ddr4-3200-m-hz,Technoplace,has_dot
124913,845.9,"845.90 DH","Jabra Evolve 30 II Casque Avec fil Arceau Bureau/Centre d'appels Noir (5399-823-309)",jabra-evolve-30-ii-casque-avec-fil-arceau-bureau-centre-d-appels-noir-5399-823-309,Micromad,has_dot
113081,847.2,"847.20 DH","Seagate STKM2000400 disque dur externe 2000 Go Noir (STKM2000400)",seagate-stkm2000400-disque-dur-externe-2000-go-noir-stkm2000400,Technoplace,has_dot
123505,849.34,"849.34 DH","Canon 5761C001 Cartouche de toner 1 pièce(s) Original Noir",canon-5761c001-cartouche-de-toner-1-piece-s-original-noir,Technoplace,has_dot
141631,853.2,"853.20 DH","TP-Link TL-MR6400 routeur sans fil Fast Ethernet Monobande (2,4 GHz) 4G Noir (TL-MR6400)",tp-link-tl-mr6400-routeur-sans-fil-fast-ethernet-monobande-2-4-g-hz-4g-noir-tl-mr6400,"Shared Store",has_dot
132209,853.33,"853.33 DH","HP 205A toner LaserJet Magenta authentique (CF533A)",hp-205a-toner-laser-jet-magenta-authentique-cf533a,Technoplace,has_dot
134894,862.8,"862.80 DH","Grandstream Networks GWN7702 commutateur réseau Non-géré 10G Ethernet (100/1000/10000) Noir",grandstream-networks-gwn7702-commutateur-reseau-non-gere-10g-ethernet-100-1000-10000-noir,"Iris.ma Maroc",has_dot
129296,866.66,"866.66 DH","Canon 054 Cyan - Toner Canon d'origine (3023C002AA)",canon-054-cyan-toner-canon-d-origine-3023c002aa,Technoplace,has_dot
129303,866.66,"866.66 DH","Canon 054 Magenta - Toner Canon d'origine (3022C002AA)",canon-054-magenta-toner-canon-d-origine-3022c002aa,Technoplace,has_dot
129311,866.66,"866.66 DH","Canon 054 Jaune - Toner Canon d'origine (3021C002AA)",canon-054-jaune-toner-canon-d-origine-3021c002aa,Technoplace,has_dot
143101,866.66,"866.66 DH","TP-Link EAP615-WALL point d'accès réseaux locaux sans fil 1774 Mbit/s Blanc Connexion Ethernet, supportant l'alimentation via ce port (PoE) (EAP615-WALL)",tp-link-eap615-wall-point-d-acces-reseaux-locaux-sans-fil-1774-mbit-s-blanc-connexion-ethernet-supportant-l-alimentation-via-ce-port-po-e-eap615-wall,Technoplace,has_dot
111935,871.2,"871.20 DH","Epson Toner Noir Capacité Standard (1 000 p)",epson-toner-noir-capacite-standard-1-000-p,"NGT Maroc",has_dot
130574,873.6,"873.60 DH","HP 23 Tri-color Original Ink Cartridge cartouche d'encreRendement standard Cyan, Magenta, Jaune (C1823D)",hp-23-tri-color-original-ink-cartridge-cartouche-d-encre-rendement-standard-cyan-magenta-jaune-c1823d,"NGT Maroc",has_dot
131521,873.6,"873.60 DH","Lexmark 808SK Cartouche de tonerOriginal Noir",lexmark-808sk-cartouche-de-toner-original-noir,"NGT Maroc",has_dot
112503,882.88,"882.88 DH","Epson WF-C5xxx Series Ink Cartridge L Black (C13T944140)",epson-wf-c5xxx-series-ink-cartridge-l-black-c13t944140,Technoplace,has_dot
128944,886.8,"886.80 DH","Canon C-EXV 54 Noir - Toner Canon d'origine (1394C002AC)",canon-c-exv-54-noir-toner-canon-d-origine-1394c002ac,Technoplace,has_dot
135019,889.33,"889.33 DH","TP-Link TL-SG1210P commutateur réseau Non-géré Gigabit Ethernet (10/100/1000) Connexion Ethernet, supportant l'alimentation via ce port (PoE) Gris (TL-SG1210P)",tp-link-tl-sg1210p-commutateur-reseau-non-gere-gigabit-ethernet-10-100-1000-connexion-ethernet-supportant-l-alimentation-via-ce-port-po-e-gris-tl-sg1210p,Technoplace,has_dot
132358,890.67,"890.67 DH","HP 126A Cartouche de tonerOriginal Noir (CE310A)",hp-126a-cartouche-de-toner-original-noir-ce310a,Technoplace,has_dot
113159,897.33,"897.33 DH","Disque dur externe HIKVISION T200N / 1 To SSD / Noir",disque-dur-externe-hikvision-t200n-1-to-ssd-noir,Technoplace,has_dot
118494,897.82,"897.82 DH","Logitech C922 Pro Stream Webcam (960-001088)",logitech-c922-pro-stream-webcam-960-001088,Technoplace,has_dot
134371,899.87,"899.87 DH","LaCie STHG1000400 disque dur externe 1000 Go Argent",la-cie-sthg1000400-disque-dur-externe-1000-go-argent,Technoplace,has_dot
130484,901.2,"901.20 DH","HP 907XL Cartouche d’encre noire grande capacité authentique",hp-907xl-cartouche-d-encre-noire-grande-capacite-authentique,Technoplace,has_dot
128376,902.4,"902.40 DH","HP 123A Yellow Original LaserJet Toner Cartridge Cartouche de toner 1 pièce(s) Jaune",hp-123a-yellow-original-laser-jet-toner-cartridge-cartouche-de-toner-1-piece-s-jaune,"NGT Maroc",has_dot
130070,902.4,"902.40 DH","HP 73 tête d'impression DesignJet noir mat et rouge chromatique",hp-73-tete-d-impression-design-jet-noir-mat-et-rouge-chromatique,"NGT Maroc",has_dot
126538,905.33,"905.33 DH","Hikvision Digital Technology HKED4081CBA2D2ZA4 Barrette Mémoire 8 Go 1 x 8 Go DDR4 3200 MHz",hikvision-digital-technology-hked4081cba2d2za4-barrette-memoire-8-go-1-x-8-go-ddr4-3200-m-hz,Technoplace,has_dot
121564,909.48,"909.48 DH","Sérum visage nutrition anti âge et rides 30ml Global-Repair Filorga",serum-visage-nutrition-anti-age-et-rides-30ml-global-repair-filorga,"AtelierPara Maroc",has_dot
113976,910.8,"910.80 DH","Lexmark MS317dn 1200 x 1200 DPI A4",lexmark-ms317dn-1200-x-1200-dpi-a4,Technoplace,has_dot
135953,913.33,"913.33 DH","Imprimante Multifonction Jet d'encre Canon PIXMA TS3440 (4463C007BD)",imprimante-multifonction-jet-d-encre-canon-pixma-ts3440-4463c007bd,Technoplace,has_dot
112867,914.4,"914.40 DH","Lexmark C92035X rouleau de transfert 14000 pages",lexmark-c92035x-rouleau-de-transfert-14000-pages,"NGT Maroc",has_dot
113233,915.73,"915.73 DH","ADATA HD330 disque dur externe 1 To Noir",adata-hd330-disque-dur-externe-1-to-noir,Technoplace,has_dot
118308,919.6,"919.60 DH","HP Souris de présentation Elite",hp-souris-de-presentation-elite,Micromad,has_dot
112330,921.36,"921.36 DH","HP Cartouche de toner laser authentique 106A, noir (W1106A)",hp-cartouche-de-toner-laser-authentique-106a-noir-w1106a,Technoplace,has_dot
134886,927.97,"927.97 DH","TP-Link TL-SG116E Non-géré L2 Gigabit Ethernet (10/100/1000) Noir",tp-link-tl-sg116e-non-gere-l2-gigabit-ethernet-10-100-1000-noir,Technoplace,has_dot
112129,928.8,"928.80 DH","Lexmark C54x, X54x Cyan Return Programme Toner Cartridge (1K) Cartouche de toner Original",lexmark-c54x-x54x-cyan-return-programme-toner-cartridge-1k-cartouche-de-toner-original,"NGT Maroc",has_dot
130568,928.8,"928.80 DH","Lexmark C540A1YG Cartouche de tonerOriginal Jaune",lexmark-c540a1yg-cartouche-de-toner-original-jaune,"NGT Maroc",has_dot
131287,928.8,"928.80 DH","Lexmark C540A1MG Cartouche de tonerOriginal Magenta",lexmark-c540a1mg-cartouche-de-toner-original-magenta,"NGT Maroc",has_dot
112281,929.28,"929.28 DH","HP Cartouche de toner laser authentique 117A, magenta (W2073A)",hp-cartouche-de-toner-laser-authentique-117a-magenta-w2073a,Technoplace,has_dot
112395,929.28,"929.28 DH","HP Cartouche de toner laser authentique 117A, jaune (W2072A)",hp-cartouche-de-toner-laser-authentique-117a-jaune-w2072a,Technoplace,has_dot
126301,931.2,"931.20 DH","DELL A9321910 Barrette Mémoire 4 Go 1 x 4 Go DDR4 2400 MHz (A9321910)",dell-a9321910-barrette-memoire-4-go-1-x-4-go-ddr4-2400-m-hz-a9321910,Technoplace,has_dot
111863,939.6,"939.60 DH","Toner Laser Adaptable SAMSUNG - Noir (D104S)",toner-laser-adaptable-samsung-noir-d104s,"NGT Maroc",has_dot
131695,939.6,"939.60 DH","Samsung MLT-D105S Cartouche de tonerOriginal Noir",samsung-mlt-d105s-cartouche-de-toner-original-noir,"NGT Maroc",has_dot
128379,943.2,"943.20 DH","HP 123A Cartouche de toner 1 pièce(s) Original Cyan",hp-123a-cartouche-de-toner-1-piece-s-original-cyan,"NGT Maroc",has_dot
113187,946.67,"946.67 DH","Disque Dur Externe HIKVISION SAT 2To",disque-dur-externe-hikvision-sat-2to,Technoplace,has_dot
130181,949.2,"949.20 DH","HP 70 tête d'impression DesignJet noir mat et rouge",hp-70-tete-d-impression-design-jet-noir-mat-et-rouge,"NGT Maroc",has_dot
130188,949.2,"949.20 DH","HP 70 tête d'impression DesignJet bleue et verte",hp-70-tete-d-impression-design-jet-bleue-et-verte,"NGT Maroc",has_dot
130209,949.2,"949.20 DH","HP 70 optimiseur de brillant et tête d'impression DesignJet grise",hp-70-optimiseur-de-brillant-et-tete-d-impression-design-jet-grise,"NGT Maroc",has_dot
130220,949.2,"949.20 DH","HP 70 tête d'impression DesignJet noir mat et cyan",hp-70-tete-d-impression-design-jet-noir-mat-et-cyan,"NGT Maroc",has_dot
130222,949.2,"949.20 DH","HP 70 tête d'impression DesignJet magenta et jaune",hp-70-tete-d-impression-design-jet-magenta-et-jaune,"NGT Maroc",has_dot
130225,949.2,"949.20 DH","HP 70 tête d'impression DesignJet noir photo et gris clair",hp-70-tete-d-impression-design-jet-noir-photo-et-gris-clair,"NGT Maroc",has_dot
130227,949.2,"949.20 DH","HP 70 tête d'impression DesignJet magenta clair et cyan clair",hp-70-tete-d-impression-design-jet-magenta-clair-et-cyan-clair,"NGT Maroc",has_dot
112120,950.4,"950.40 DH","Brother Cartouche de toner cyan",brother-cartouche-de-toner-cyan,Technoplace,has_dot
112355,956.4,"956.40 DH","Samsung CLT-K506S Toner Noir (2000 pages)",samsung-clt-k506s-toner-noir-2000-pages,"NGT Maroc",has_dot
111961,958.8,"958.80 DH","HP 761 cartouche de maintenance Designjet",hp-761-cartouche-de-maintenance-designjet,"NGT Maroc",has_dot
111604,959.17,"959.17 DH","Brother Cartouche de toner TN-3030 originale à haut rendement Noir (TN3030)",brother-cartouche-de-toner-tn-3030-originale-a-haut-rendement-noir-tn3030,"Bestmark Maroc",has_dot
111758,959.92,"959.92 DH","Canon C-EXV 55Original Noir",canon-c-exv-55original-noir,Technoplace,has_dot
128917,959.92,"959.92 DH","Canon 045 Noir - Toner Canon d'origine (1242C002AA)",canon-045-noir-toner-canon-d-origine-1242c002aa,Technoplace,has_dot
132907,969.33,"969.33 DH","HP Cartouche de toner noir d'origine LaserJet 130A",hp-cartouche-de-toner-noir-d-origine-laser-jet-130a,Technoplace,has_dot
113236,969.6,"969.60 DH","ADATA HD330 disque dur externe 1 To Noir",adata-hd330-disque-dur-externe-1-to-noir,"Shared Store",has_dot
132373,970.19,"970.19 DH","HP HP44A Toner LaserJet authentique noir (CF244A)",hp-hp44a-toner-laser-jet-authentique-noir-cf244a,Technoplace,has_dot
134726,973.2,"973.20 DH","Seagate Barracuda ST2000DM006 disque dur 3.5"" 2000 Go Série ATA III",seagate-barracuda-st2000dm006-disque-dur-3-5-2000-go-serie-ata-iii,Technoplace,has_dot
124230,973.33,"973.33 DH","HyperX Cloud II",hyper-x-cloud-ii,Technoplace,has_dot
132537,978.11,"978.11 DH","HP 205A toner LaserJet noir authentique (CF530A)",hp-205a-toner-laser-jet-noir-authentique-cf530a,Technoplace,has_dot
133502,980.32,"980.32 DH","XMA Canon IPF700 Magenta Cartridge cartouche d'encre",xma-canon-ipf700-magenta-cartridge-cartouche-d-encre,Technoplace,has_dot
133506,980.32,"980.32 DH","XMA Canon Matte Black Inktank 130ML PFI-102MBK cartouche d'encre",xma-canon-matte-black-inktank-130ml-pfi-102mbk-cartouche-d-encre,Technoplace,has_dot
133700,981.6,"981.60 DH","LaCie Rugged Mini disque dur externe 1 To Orange, Argent",la-cie-rugged-mini-disque-dur-externe-1-to-orange-argent,Technoplace,has_dot
134036,982.67,"982.67 DH","LaCie 3TB 2big Quadra 3 To",la-cie-3tb-2big-quadra-3-to,Technoplace,has_dot
122025,985.2,"985.20 DH","Clarins Extra-Firming Energy 50ml",clarins-extra-firming-energy-50ml,"UNIVERS PARADISCOUNT Maroc",has_dot
119099,986.04,"986.04 DH","Curaprox Hydrosonic Easy pcs",curaprox-hydrosonic-easy-pcs,"UNIVERS PARADISCOUNT Maroc",has_dot
132323,987.36,"987.36 DH","HP 56X toner LaserJet noir grande capacité authentique (CF256X)",hp-56x-toner-laser-jet-noir-grande-capacite-authentique-cf256x,Technoplace,has_dot
126415,989.33,"989.33 DH","HPE P43016-B21 Barrette Mémoire 8 Go 1 x 8 Go DDR4 3200 MHz ECC",hpe-p43016-b21-barrette-memoire-8-go-1-x-8-go-ddr4-3200-m-hz-ecc,Technoplace,has_dot
131085,992.4,"992.40 DH","HP 963XL Cartouche d'encre noire authentique, grande capacité",hp-963xl-cartouche-d-encre-noire-authentique-grande-capacite,"Shared Store",has_dot
133121,997.2,"997.20 DH","KYOCERA TK-1120 Cartouche de tonerOriginal Noir",kyocera-tk-1120-cartouche-de-toner-original-noir,Technoplace,has_dot
126130,999.35,"999.35 DH","Barrette mémoire (RAM) ADATA SO-DIMM 8GB DDR4-3200 MHz - PC Portable (AD4S32008G22)",barrette-memoire-ram-adata-so-dimm-8gb-ddr4-3200-m-hz-pc-portable-ad4s32008g22,Micromad,has_dot
118431,999.6,"999.60 DH","Logitech LGT-C525",logitech-lgt-c525,"NGT Maroc",has_dot
135086,1000.37,"1 000.37 DH","Aruba Instant On 1430 8G Non-géré L2 Gigabit Ethernet (10/100/1000) Blanc",aruba-instant-on-1430-8g-non-gere-l2-gigabit-ethernet-10-100-1000-blanc,Technoplace,has_dot
113610,1003.2,"1 003.20 DH","Lexmark 50F0ZA0 photoconducteur et unité de mise en image 60000 pages",lexmark-50f0za0-photoconducteur-et-unite-de-mise-en-image-60000-pages,"NGT Maroc",has_dot
112191,1015.2,"1 015.20 DH","Epson Return Toner Noir Capacité Standard (1 800 p)",epson-return-toner-noir-capacite-standard-1-800-p,"NGT Maroc",has_dot
144047,1016.6,"1 016.60 DH","BaByliss Super Smooth ST393E",ba-byliss-super-smooth-st393e,"Palmarosa Maroc",has_dot
113608,1018.8,"1 018.80 DH","Lexmark 52D0ZA0 photoconducteur et unité de mise en image 100000 pages",lexmark-52d0za0-photoconducteur-et-unite-de-mise-en-image-100000-pages,"NGT Maroc",has_dot
112359,1026.51,"1 026.51 DH","Toner Original SAMSUNG CLT-K404S - Noir (SU112A)",toner-original-samsung-clt-k404s-noir-su112a,Technoplace,has_dot
127361,1026.67,"1 026.67 DH","HyperX Alloy Origins clavier USB AZERTY Français Noir",hyper-x-alloy-origins-clavier-usb-azerty-francais-noir,Technoplace,has_dot
112427,1032.48,"1 032.48 DH","Toner Original Samsung MLT-D111S - Noir",toner-original-samsung-mlt-d111s-noir,Technoplace,has_dot
112312,1037.63,"1 037.63 DH","Toner Original SAMSUNG CLT-Y404S - Jaune (SU456A)",toner-original-samsung-clt-y404s-jaune-su456a,Technoplace,has_dot
112336,1037.63,"1 037.63 DH","Toner Original SAMSUNG CLT-C404S - Cyan (ST978A)",toner-original-samsung-clt-c404s-cyan-st978a,Technoplace,has_dot
112401,1037.63,"1 037.63 DH","Toner Original SAMSUNG - Magenta CLT-M404S (SU246A)",toner-original-samsung-magenta-clt-m404s-su246a,Technoplace,has_dot
131830,1039.2,"1 039.20 DH","Samsung CLT-K407S Cartouche de tonerOriginal Noir",samsung-clt-k407s-cartouche-de-toner-original-noir,"NGT Maroc",has_dot
124618,1040.83,"1 040.83 DH","Samsung Galaxy Buds2 Écouteurs Sans fil Ecouteurs Appels/Musique/Sport/Au quotidien Noir, Graphite, Lavande, Olive, Blanc",samsung-galaxy-buds2-ecouteurs-sans-fil-ecouteurs-appels-musique-sport-au-quotidien-noir-graphite-lavande-olive-blanc,"Bestmark Maroc",has_dot
124719,1040.83,"1 040.83 DH","Samsungécouteur/casque Écouteurs Noir",samsungecouteur-casque-ecouteurs-noir,"Bestmark Maroc",has_dot
141886,1040.83,"1 040.83 DH","Scanner à plat Canon CanoScan LiDE 400 (2996C010AA)",scanner-a-plat-canon-cano-scan-li-de-400-2996c010aa,"Bestmark Maroc",has_dot
122026,1046.35,"1 046.35 DH","Clarins Extra-Firming Energy 50ml",clarins-extra-firming-energy-50ml,"New Era Parapharmacie",has_dot
110589,1046.42,"1 046.42 DH","Logitech G G413 Mechanical Gaming Keyboard clavier USB AZERTY Français Charbon",logitech-g-g413-mechanical-gaming-keyboard-clavier-usb-azerty-francais-charbon,Technoplace,has_dot
112625,1048.77,"1 048.77 DH","Samsung Toner magenta CLT-M406S",samsung-toner-magenta-clt-m406s,Technoplace,has_dot
112350,1048.78,"1 048.78 DH","Samsung CLT-C406S Toner Cyan (1000 pages)",samsung-clt-c406s-toner-cyan-1000-pages,Technoplace,has_dot
114608,1053.34,"1 053.34 DH","P1917S (210-AJBG) (P1917S)",p1917s-210-ajbg-p1917s,Technoplace,has_dot
123511,1056.4,"1 056.40 DH","Canon 5761C001 Cartouche de toner 1 pièce(s) Original Noir",canon-5761c001-cartouche-de-toner-1-piece-s-original-noir,"Shared Store",has_dot
130992,1058.2,"1 058.20 DH","HP Cartouche de toner noir LaserJet 335X authentique grande capacité (W1335X)",hp-cartouche-de-toner-noir-laser-jet-335x-authentique-grande-capacite-w1335x,"Ink Solutions Maroc",has_dot
132324,1058.2,"1 058.20 DH","HP 56X toner LaserJet noir grande capacité authentique (CF256X)",hp-56x-toner-laser-jet-noir-grande-capacite-authentique-cf256x,"Ink Solutions Maroc",has_dot
113880,1061.33,"1 061.33 DH","Imprimante de Ticket Thermique Epson TM-T20X (052) Ethernet / Noir",imprimante-de-ticket-thermique-epson-tm-t20x-052-ethernet-noir,Technoplace,has_dot
145158,1061.54,"1 061.54 DH","Smartphone SAMSUNG Galaxy A03 Core 2+32G BLACK (",smartphone-samsung-galaxy-a03-core-2-32g-black,Technoplace,has_dot
141669,1063.07,"1 063.07 DH","TP-Link Archer MR200 routeur sans fil Fast Ethernet Bi-bande (2,4 GHz / 5 GHz) 4G Noir (ARCHER MR200)",tp-link-archer-mr200-routeur-sans-fil-fast-ethernet-bi-bande-2-4-g-hz-5-g-hz-4g-noir-archer-mr200,Technoplace,has_dot
135016,1066.83,"1 066.83 DH","TP-Link TL-SG1016DE commutateur réseau Géré L2 Gigabit Ethernet (10/100/1000) Noir (TL-SG1016DE)",tp-link-tl-sg1016de-commutateur-reseau-gere-l2-gigabit-ethernet-10-100-1000-noir-tl-sg1016de,Technoplace,has_dot
112499,1067.6,"1 067.60 DH","Epson WF-C5xxx Series Ink Cartridge L Cyan",epson-wf-c5xxx-series-ink-cartridge-l-cyan,Technoplace,has_dot
112619,1067.6,"1 067.60 DH","Samsung Toner jaune CLT-Y406S",samsung-toner-jaune-clt-y406s,Technoplace,has_dot
129585,1069.2,"1 069.20 DH","HP 70 cartouche d'encre cyan clair 130 ml",hp-70-cartouche-d-encre-cyan-clair-130-ml,"NGT Maroc",has_dot
130005,1069.2,"1 069.20 DH","HP 771 tête d’impression",hp-771-tete-d-impression,"NGT Maroc",has_dot
130068,1069.2,"1 069.20 DH","HP 73 cartouche d'encre DesignJet rouge chromatique, 130 ml",hp-73-cartouche-d-encre-design-jet-rouge-chromatique-130-ml,"NGT Maroc",has_dot
130178,1069.2,"1 069.20 DH","HP 70 cartouche d'encre grise 130 ml",hp-70-cartouche-d-encre-grise-130-ml,"NGT Maroc",has_dot
130184,1069.2,"1 069.20 DH","HP 70 cartouche d'encre DesignJet gris clair, 130 ml",hp-70-cartouche-d-encre-design-jet-gris-clair-130-ml,"NGT Maroc",has_dot
130194,1069.2,"1 069.20 DH","HP 70 cartouche d'encre DesignJet noir mat, 130 ml",hp-70-cartouche-d-encre-design-jet-noir-mat-130-ml,"NGT Maroc",has_dot
130198,1069.2,"1 069.20 DH","HP 70 cartouche d'encre DesignJet jaune, 130 ml",hp-70-cartouche-d-encre-design-jet-jaune-130-ml,"NGT Maroc",has_dot
130201,1069.2,"1 069.20 DH","HP 70 cartouche d'encre DesignJet cyan, 130 ml",hp-70-cartouche-d-encre-design-jet-cyan-130-ml,"NGT Maroc",has_dot
130204,1069.2,"1 069.20 DH","HP 70 cartouche d'encre bleue 130 ml",hp-70-cartouche-d-encre-bleue-130-ml,"NGT Maroc",has_dot
130207,1069.2,"1 069.20 DH","HP 70 cartouche d'encre verte 130 ml",hp-70-cartouche-d-encre-verte-130-ml,"NGT Maroc",has_dot
130212,1069.2,"1 069.20 DH","HP 70 cartouche d'encre DesignJet rouge, 130 ml",hp-70-cartouche-d-encre-design-jet-rouge-130-ml,"NGT Maroc",has_dot
131354,1069.2,"1 069.20 DH","HP 70 cartouche d'encre DesignJet magenta, 130 ml",hp-70-cartouche-d-encre-design-jet-magenta-130-ml,"NGT Maroc",has_dot
131358,1069.2,"1 069.20 DH","HP 70 cartouche d'encre DesignJet noir photo, 130 ml",hp-70-cartouche-d-encre-design-jet-noir-photo-130-ml,"NGT Maroc",has_dot
131360,1069.2,"1 069.20 DH","HP 70 cartouche d'encre magenta clair 130 ml",hp-70-cartouche-d-encre-magenta-clair-130-ml,"NGT Maroc",has_dot
132262,1070.51,"1 070.51 DH","HP 205A toner LaserJet Cyan authentique (CF531A)",hp-205a-toner-laser-jet-cyan-authentique-cf531a,Technoplace,has_dot
132351,1070.51,"1 070.51 DH","HP LaserJet 205A toner Jaune authentique (CF532A)",hp-laser-jet-205a-toner-jaune-authentique-cf532a,Technoplace,has_dot
122739,1073.33,"1 073.33 DH","Samsung Galaxy A03 Core 2Go 32Go Noir",samsung-galaxy-a03-core-2go-32go-noir,Technoplace,has_dot
145154,1073.33,"1 073.33 DH","Samsung Galaxy A03 Core 16,5 cm (6.5"") 4G 2Go 32Go Noir",samsung-galaxy-a03-core-16-5-cm-6-5-4g-2go-32go-noir,Technoplace,has_dot
144048,1078.65,"1 078.65 DH","BaByliss AS952E 1 pcs",ba-byliss-as952e-1-pcs,"Palmarosa Maroc",has_dot
144076,1078.65,"1 078.65 DH","BaByliss AS950E",ba-byliss-as950e,"Palmarosa Maroc",has_dot
130571,1090.8,"1 090.80 DH","Lexmark C540H1KG Cartouche de tonerOriginal Noir",lexmark-c540h1kg-cartouche-de-toner-original-noir,"NGT Maroc",has_dot
143003,1091.4,"1 091.40 DH","TP-Link WBS510 point d'accès réseaux locaux sans fil 1000 Mbit/s Blanc Connexion Ethernet, supportant l'alimentation via ce port (PoE)",tp-link-wbs510-point-d-acces-reseaux-locaux-sans-fil-1000-mbit-s-blanc-connexion-ethernet-supportant-l-alimentation-via-ce-port-po-e,Technoplace,has_dot
112512,1093.31,"1 093.31 DH","Toner Original Samsung CLT-K406S - Noir",toner-original-samsung-clt-k406s-noir,Technoplace,has_dot
132947,1094.4,"1 094.40 DH","HP 124A toner LaserJet noir authentique",hp-124a-toner-laser-jet-noir-authentique,"NGT Maroc",has_dot
121900,1099.05,"1 099.05 DH","Darphin Exquisâge Beauty Revealing Cream 50 ml",darphin-exquisage-beauty-revealing-cream-50-ml,"New Era Parapharmacie",has_dot
134805,1101.6,"1 101.60 DH","Western Digital 2 TB Purple 3.5"" SATA III (WD20PURZ)",western-digital-2-tb-purple-3-5-sata-iii-wd20purz,Technoplace,has_dot
133954,1103.87,"1 103.87 DH","Western Digital Blue SA510 2.5 1000 GB Serial ATA III (WDS100T3B0A)",western-digital-blue-sa510-2-5-1000-gb-serial-ata-iii-wds100t3b0a,Technoplace,has_dot
130144,1106.4,"1 106.40 DH","HP 91 cartouche de maintenance DesignJet",hp-91-cartouche-de-maintenance-design-jet,"NGT Maroc",has_dot
132297,1107.6,"1 107.60 DH","HP 11 tête d’impression Jet d'encre",hp-11-tete-d-impression-jet-d-encre,Technoplace,has_dot
135365,1110.67,"1 110.67 DH","TP-LINK TL-SG2210P commutateur réseau Géré L2/L4 Gigabit Ethernet (10/100/1000) Connexion Ethernet, supportant l'alimentation via ce port (PoE) Noir (TL-SG2210P)",tp-link-tl-sg2210p-commutateur-reseau-gere-l2-l4-gigabit-ethernet-10-100-1000-connexion-ethernet-supportant-l-alimentation-via-ce-port-po-e-noir-tl-sg2210p,Technoplace,has_dot
129330,1114.06,"1 114.06 DH","Canon 8524B002 Cartouche de tonerOriginal Noir",canon-8524b002-cartouche-de-toner-original-noir,Technoplace,has_dot
132115,1118.4,"1 118.40 DH","HP 913A Cartouche d’encre noire PageWide authentique",hp-913a-cartouche-d-encre-noire-page-wide-authentique,"NGT Maroc",has_dot
124645,1120.85,"1 120.85 DH","Lenovo Go Wireless ANC Casque Avec fil &sans fil Arceau Bureau/Centre d'appels Bluetooth Noir",lenovo-go-wireless-anc-casque-avec-fil-sans-fil-arceau-bureau-centre-d-appels-bluetooth-noir,Technoplace,has_dot
133799,1120.85,"1 120.85 DH","Western Digital Blue SN580 M.2 1 To PCI Express 4.0 TLC NVMe",western-digital-blue-sn580-m-2-1-to-pci-express-4-0-tlc-nv-me,Technoplace,has_dot
144930,1126.26,"1 126.26 DH","SAMSUNG Galaxy A03 /Bleu /5.3"" /PLS TFT LCD /Octa-Core /1.6 GHz - 1.2 GHz /2 Go /32 Go /5 Mpx - 8 Mpx /5000 mAh /Android",samsung-galaxy-a03-bleu-5-3-pls-tft-lcd-octa-core-1-6-g-hz-1-2-g-hz-2-go-32-go-5-mpx-8-mpx-5000-m-ah-android,Technoplace,has_dot
113172,1131.07,"1 131.07 DH","Western Digital My Passport disque dur externe 2000 Go Noir (WDBYVG0020BBK-WESN)",western-digital-my-passport-disque-dur-externe-2000-go-noir-wdbyvg0020bbk-wesn,Technoplace,has_dot
128692,1132.8,"1 132.80 DH","Samsung MLT-D103S Cartouche de tonerOriginal Noir",samsung-mlt-d103s-cartouche-de-toner-original-noir,"NGT Maroc",has_dot
138286,1132.8,"1 132.80 DH","Lenovo D22-17 21.5"" Full HD LED Noir",lenovo-d22-17-21-5-full-hd-led-noir,Technoplace,has_dot
143042,1133.33,"1 133.33 DH","TP-Link CPE710 point d'accès réseaux locaux sans fil 867 Mbit/s Blanc Connexion Ethernet, supportant l'alimentation via ce port (PoE) (CPE710)",tp-link-cpe710-point-d-acces-reseaux-locaux-sans-fil-867-mbit-s-blanc-connexion-ethernet-supportant-l-alimentation-via-ce-port-po-e-cpe710,Technoplace,has_dot
131728,1134.67,"1 134.67 DH","HP Toner magenta LaserJet 207A authentique (W2213A)",hp-toner-magenta-laser-jet-207a-authentique-w2213a,Technoplace,has_dot
131877,1134.67,"1 134.67 DH","HP Toner jaune LaserJet 207A authentique (W2212A)",hp-toner-jaune-laser-jet-207a-authentique-w2212a,Technoplace,has_dot
134189,1135.2,"1 135.20 DH","LaCie Rugged Mini disque dur externe 1000 Go Orange, Argent",la-cie-rugged-mini-disque-dur-externe-1000-go-orange-argent,Technoplace,has_dot
132106,1150.8,"1 150.80 DH","HP 913A Cartouche d’encre jaune PageWide authentique",hp-913a-cartouche-d-encre-jaune-page-wide-authentique,"NGT Maroc",has_dot
132238,1150.8,"1 150.80 DH","HP 913A Cartouche d’encre magenta PageWide authentique",hp-913a-cartouche-d-encre-magenta-page-wide-authentique,"NGT Maroc",has_dot
132334,1150.8,"1 150.80 DH","HP 913A Cartouche d’encre cyan PageWide authentique",hp-913a-cartouche-d-encre-cyan-page-wide-authentique,"NGT Maroc",has_dot
132524,1154.99,"1 154.99 DH","Cartouche d'encre trois couleurs authentique HP 134",cartouche-d-encre-trois-couleurs-authentique-hp-134,Technoplace,has_dot
138329,1159.99,"1 159.99 DH","Ecran DELL 21.5"" FULL HD - (E2218HN)",ecran-dell-21-5-full-hd-e2218hn,Technoplace,has_dot
122692,1160.4,"1 160.40 DH","Samsung Galaxy A04E 3Go 32Go Cuivre",samsung-galaxy-a04e-3go-32go-cuivre,Technoplace,has_dot
133966,1160.4,"1 160.40 DH","LaCie STET2000403 disque dur externe 2 To Argent",la-cie-stet2000403-disque-dur-externe-2-to-argent,Technoplace,has_dot
124311,1169.33,"1 169.33 DH","HyperX Casque De jeu Cloud Alpha (noir rouge)",hyper-x-casque-de-jeu-cloud-alpha-noir-rouge,Technoplace,has_dot
142893,1172.4,"1 172.40 DH","Logitech B525 HD webcam 2 MP 1280 x 720 pixels USB 2.0 Noir (960-000842)",logitech-b525-hd-webcam-2-mp-1280-x-720-pixels-usb-2-0-noir-960-000842,Technoplace,has_dot
141623,1173.34,"1 173.34 DH","TP-Link Archer AX55 routeur sans fil Gigabit Ethernet Bi-bande (2,4 GHz / 5 GHz) 5G Noir (ARCHER AX55)",tp-link-archer-ax55-routeur-sans-fil-gigabit-ethernet-bi-bande-2-4-g-hz-5-g-hz-5g-noir-archer-ax55,Technoplace,has_dot
122695,1173.6,"1 173.60 DH","Samsung Galaxy A04E 3Go 32Go Bleu",samsung-galaxy-a04e-3go-32go-bleu,Technoplace,has_dot
122697,1173.6,"1 173.60 DH","Samsung Galaxy A04E 3Go 32Go Noir",samsung-galaxy-a04e-3go-32go-noir,Technoplace,has_dot
108774,1174.8,"1 174.80 DH","Logitech H800 Bluetooth WIRELESS HEADSET Pour ordinateur, smartphone et tablette (981-000338)",logitech-h800-bluetooth-wireless-headset-pour-ordinateur-smartphone-et-tablette-981-000338,Technoplace,has_dot
113643,1174.8,"1 174.80 DH","Lexmark MS312dn 1200 x 1200 DPI A4",lexmark-ms312dn-1200-x-1200-dpi-a4,Technoplace,has_dot
137260,1174.8,"1 174.80 DH","Lexmark 12L0252 kit d'imprimantes et scanners",lexmark-12l0252-kit-d-imprimantes-et-scanners,"NGT Maroc",has_dot
112551,1178.66,"1 178.66 DH","Toner Original Samsung MLT-D108S - Noir",toner-original-samsung-mlt-d108s-noir,Technoplace,has_dot
132763,1180.13,"1 180.13 DH","Samsung MLT-D104S Cartouche de tonerOriginal Noir",samsung-mlt-d104s-cartouche-de-toner-original-noir,Technoplace,has_dot
138276,1183.33,"1 183.33 DH","DELL E Series E2020H écran plat de PC 49,5 cm (19.5"") 1600 x 900 pixels HD+ LCD Noir",dell-e-series-e2020h-ecran-plat-de-pc-49-5-cm-19-5-1600-x-900-pixels-hd-lcd-noir,"Bestmark Maroc",has_dot
134666,1185.23,"1 185.23 DH","Seagate SV35 Series Surveillance HDD, 4TB 3.5"" 4000 Go Série ATA III",seagate-sv35-series-surveillance-hdd-4tb-3-5-4000-go-serie-ata-iii,Technoplace,has_dot
131718,1185.6,"1 185.60 DH","Samsung MLT-D109S Cartouche de tonerOriginal Noir",samsung-mlt-d109s-cartouche-de-toner-original-noir,"NGT Maroc",has_dot
131784,1185.6,"1 185.60 DH","HP 124A toner LaserJet jaune authentique",hp-124a-toner-laser-jet-jaune-authentique,"NGT Maroc",has_dot
132638,1185.6,"1 185.60 DH","HP 124A toner LaserJet magenta authentique",hp-124a-toner-laser-jet-magenta-authentique,"NGT Maroc",has_dot
133012,1185.6,"1 185.60 DH","HP 124A toner LaserJet cyan authentique",hp-124a-toner-laser-jet-cyan-authentique,"NGT Maroc",has_dot
125044,1185.8,"1 185.80 DH","Jabra Evolve 40 MS Stereo Casque Avec fil Arceau Bureau/Centre d'appels Noir (6399-823-109)",jabra-evolve-40-ms-stereo-casque-avec-fil-arceau-bureau-centre-d-appels-noir-6399-823-109,Micromad,has_dot
124420,1186.8,"1 186.80 DH","Lenovo Legion H600 Casque Avec fil &sans fil Arceau Jouer Noir",lenovo-legion-h600-casque-avec-fil-sans-fil-arceau-jouer-noir,Technoplace,has_dot
120585,1191.7,"1 191.70 DH","Clinique Smart Clinical Repair Wrinkle Correcting Serum Sérum visage 30 ml Femmes",clinique-smart-clinical-repair-wrinkle-correcting-serum-serum-visage-30-ml-femmes,"New Era Parapharmacie",has_dot
135461,1201.33,"1 201.33 DH","Scanner mobile à plat Canon CanoScan LiDE 400 Noir (2996C010AC)",scanner-mobile-a-plat-canon-cano-scan-li-de-400-noir-2996c010ac,Technoplace,has_dot
109509,1201.75,"1 201.75 DH","Barrette Mémoire DDR4 8GB 2666 MHZ UDIMM ECC",barrette-memoire-ddr4-8gb-2666-mhz-udimm-ecc,Micromad,has_dot
129841,1202.51,"1 202.51 DH","HP Cartouche de toner LaserJet 79A noir originale",hp-cartouche-de-toner-laser-jet-79a-noir-originale,Technoplace,has_dot
132440,1214.67,"1 214.67 DH","HP 128A toner LaserJet noir authentique",hp-128a-toner-laser-jet-noir-authentique,Technoplace,has_dot
134705,1218.46,"1 218.46 DH","Western Digital Purple 3.5"" 4 To Série ATA III",western-digital-purple-3-5-4-to-serie-ata-iii,Technoplace,has_dot
123514,1218.67,"1 218.67 DH","Canon 5762C001 Cartouche de toner 1 pièce(s) Original Cyan",canon-5762c001-cartouche-de-toner-1-piece-s-original-cyan,Technoplace,has_dot
143197,1220.4,"1 220.40 DH","D-Link DAP-3310 point d'accès réseaux locaux sans fil 100 Mbit/s Connexion Ethernet, supportant l'alimentation via ce port (PoE)",d-link-dap-3310-point-d-acces-reseaux-locaux-sans-fil-100-mbit-s-connexion-ethernet-supportant-l-alimentation-via-ce-port-po-e,Technoplace,has_dot
136525,1224.67,"1 224.67 DH","HP Cartouche de maintenance 841/874 PageWide XL",hp-cartouche-de-maintenance-841-874-page-wide-xl,Technoplace,has_dot
131160,1225.2,"1 225.20 DH","HP 980 Cartouche d'encre jaune authentique",hp-980-cartouche-d-encre-jaune-authentique,"NGT Maroc",has_dot
131163,1225.2,"1 225.20 DH","HP 980 Cartouche d'encre magenta authentique",hp-980-cartouche-d-encre-magenta-authentique,"NGT Maroc",has_dot
131166,1225.2,"1 225.20 DH","HP 980 Cartouche d'encre cyan authentique",hp-980-cartouche-d-encre-cyan-authentique,"NGT Maroc",has_dot
121918,1228.32,"1 228.32 DH","Clarins Super Restorative Day Cream Multi Intensive Nuit Crème de jour Decollete, Visage, Cou 50 ml",clarins-super-restorative-day-cream-multi-intensive-nuit-creme-de-jour-decollete-visage-cou-50-ml,"UNIVERS PARADISCOUNT Maroc",has_dot
122018,1228.4,"1 228.40 DH","Clarins Super Restorative Day Cream Crème de jour Decollete, Visage, Cou 50 ml",clarins-super-restorative-day-cream-creme-de-jour-decollete-visage-cou-50-ml,"UNIVERS PARADISCOUNT Maroc",has_dot
128901,1235.33,"1 235.33 DH","Canon 045 Jaune - Toner Canon d'origine (1239C002AA)",canon-045-jaune-toner-canon-d-origine-1239c002aa,Technoplace,has_dot
128912,1235.33,"1 235.33 DH","Canon 045 Magenta - Toner Canon d'origine (1240C002AA)",canon-045-magenta-toner-canon-d-origine-1240c002aa,Technoplace,has_dot
112367,1239.6,"1 239.60 DH","Samsung CLT-M506S Toner Magenta (1500 pages)",samsung-clt-m506s-toner-magenta-1500-pages,"NGT Maroc",has_dot
131954,1240.8,"1 240.80 DH","Samsung MLT-D108S Cartouche de tonerOriginal Noir",samsung-mlt-d108s-cartouche-de-toner-original-noir,"NGT Maroc",has_dot
144051,1242.7,"1 242.70 DH","BaByliss Big Hair Luxe AS970E + tête de rechange",ba-byliss-big-hair-luxe-as970e-tete-de-rechange,"Palmarosa Maroc",has_dot
128589,1245.6,"1 245.60 DH","Lexmark 18S0090 Cartouche de tonerOriginal Noir",lexmark-18s0090-cartouche-de-toner-original-noir,"NGT Maroc",has_dot
113103,1246.67,"1 246.67 DH","ADATA HD330 disque dur externe 2 To Bleu",adata-hd330-disque-dur-externe-2-to-bleu,Technoplace,has_dot
112289,1246.8,"1 246.80 DH","Samsung CLT-C506S Toner Cyan (1500 pages)",samsung-clt-c506s-toner-cyan-1500-pages,"NGT Maroc",has_dot
131941,1246.8,"1 246.80 DH","Samsung Toner jaune moyenne capacité (page rendement 1.5K)",samsung-toner-jaune-moyenne-capacite-page-rendement-1-5k,"NGT Maroc",has_dot
124884,1249.17,"1 249.17 DH","Samsung Galaxy Buds Live Casque Sans fil Ecouteurs Appels/Musique Bluetooth Noir",samsung-galaxy-buds-live-casque-sans-fil-ecouteurs-appels-musique-bluetooth-noir,"Bestmark Maroc",has_dot
126147,1253.33,"1 253.33 DH","HP Mémoire DDR4 8 Go 2 666 MHz",hp-memoire-ddr4-8-go-2-666-m-hz,Technoplace,has_dot
111937,1256.4,"1 256.40 DH","Epson Return Toner Noir Haute Capacité (2 200 p)",epson-return-toner-noir-haute-capacite-2-200-p,"NGT Maroc",has_dot
135387,1257.87,"1 257.87 DH","TP-LINK TL-SG1024D commutateur réseau Non-géré Gigabit Ethernet (10/100/1000) Gris (TL-SG1024D)",tp-link-tl-sg1024d-commutateur-reseau-non-gere-gigabit-ethernet-10-100-1000-gris-tl-sg1024d,Technoplace,has_dot
128938,1261.2,"1 261.20 DH","Canon C-EXV 54 Cyan - Toner Canon d'origine (1395C002AB)",canon-c-exv-54-cyan-toner-canon-d-origine-1395c002ab,Technoplace,has_dot
112162,1268.4,"1 268.40 DH","Lexmark 12016SE Cartouche de toner Original Noir",lexmark-12016se-cartouche-de-toner-original-noir,"NGT Maroc",has_dot
130510,1268.4,"1 268.40 DH","Lexmark 808SY Cartouche de tonerOriginal Jaune",lexmark-808sy-cartouche-de-toner-original-jaune,"NGT Maroc",has_dot
130740,1268.4,"1 268.40 DH","Lexmark 80C8SC0 Cartouche de tonerOriginal Cyan",lexmark-80c8sc0-cartouche-de-toner-original-cyan,"NGT Maroc",has_dot
130741,1268.4,"1 268.40 DH","Lexmark 808SM Cartouche de tonerOriginal Magenta",lexmark-808sm-cartouche-de-toner-original-magenta,"NGT Maroc",has_dot
137278,1269.34,"1 269.34 DH","Écran 21,5"" Full HD Dell E2222H (E2222H-3Y)",ecran-21-5-full-hd-dell-e2222h-e2222h-3y,Technoplace,has_dot
145175,1272.53,"1 272.53 DH","SmartphoneSAMSUNG GALAXY A02 6,5 3G RAM 32G GRAY (",smartphone-samsung-galaxy-a02-6-5-3g-ram-32g-gray,Technoplace,has_dot
145176,1272.53,"1 272.53 DH","SmartphoneSAMSUNG GALAXY A02 6,5 3G RAM 32G RED (",smartphone-samsung-galaxy-a02-6-5-3g-ram-32g-red,Technoplace,has_dot
145177,1272.53,"1 272.53 DH","SmartphoneSAMSUNG GALAXY A02 6,5 3G RAM 32G BLACK (",smartphone-samsung-galaxy-a02-6-5-3g-ram-32g-black,Technoplace,has_dot
123102,1274.4,"1 274.40 DH","Epson Kit photoconducteur AL-C9100N (intègre collecteur toner usagé) (30 000 p)",epson-kit-photoconducteur-al-c9100n-integre-collecteur-toner-usage-30-000-p,"NGT Maroc",has_dot
135889,1274.4,"1 274.40 DH","Epson Kit photoconducteur AL-2600N/C2600N (intègre collecteur toner usagé) (40 000 p)",epson-kit-photoconducteur-al-2600n-c2600n-integre-collecteur-toner-usage-40-000-p,"NGT Maroc",has_dot
124885,1279.12,"1 279.12 DH","Samsung Galaxy Buds Live Casque Sans fil Ecouteurs Appels/Musique Bluetooth Noir",samsung-galaxy-buds-live-casque-sans-fil-ecouteurs-appels-musique-bluetooth-noir,Technoplace,has_dot
141891,1280.4,"1 280.40 DH","Scanner à plat Canon CanoScan LiDE 400 (2996C010AA)",scanner-a-plat-canon-cano-scan-li-de-400-2996c010aa,Technoplace,has_dot
135020,1282.8,"1 282.80 DH","TP-Link TL-SG1210P commutateur réseau Non-géré Gigabit Ethernet (10/100/1000) Connexion Ethernet, supportant l'alimentation via ce port (PoE) Gris (TL-SG1210P)",tp-link-tl-sg1210p-commutateur-reseau-non-gere-gigabit-ethernet-10-100-1000-connexion-ethernet-supportant-l-alimentation-via-ce-port-po-e-gris-tl-sg1210p,"Iris.ma Maroc",has_dot
141635,1282.8,"1 282.80 DH","TP-Link TL-MR6400 routeur sans fil Fast Ethernet Monobande (2,4 GHz) 4G Noir (TL-MR6400)",tp-link-tl-mr6400-routeur-sans-fil-fast-ethernet-monobande-2-4-g-hz-4g-noir-tl-mr6400,"Iris.ma Maroc",has_dot
122524,1286.66,"1 286.66 DH","Galaxy A05 4 Go + 64 Go – Argent",galaxy-a05-4-go-64-go-argent,Technoplace,has_dot
122559,1286.66,"1 286.66 DH","Galaxy A05 4 Go + 64 Go – Noir",galaxy-a05-4-go-64-go-noir,Technoplace,has_dot
122563,1286.66,"1 286.66 DH","Galaxy A05 4 Go + 64 Go – Vert clair",galaxy-a05-4-go-64-go-vert-clair,Technoplace,has_dot
110638,1298.16,"1 298.16 DH","Logitech MX Keys Advanced Wireless Illuminated Keyboard clavier RF sans fil + Bluetooth AZERTY Français Graphite",logitech-mx-keys-advanced-wireless-illuminated-keyboard-clavier-rf-sans-fil-bluetooth-azerty-francais-graphite,Technoplace,has_dot
117411,1298.16,"1 298.16 DH","Logitech Master Series MX Master 3S - Mouse graphite (910-006559)",logitech-master-series-mx-master-3s-mouse-graphite-910-006559,Technoplace,has_dot
117620,1298.16,"1 298.16 DH","Logitech G Pro X Superlight Wireless Gaming",logitech-g-pro-x-superlight-wireless-gaming,Technoplace,has_dot
145013,1298.4,"1 298.40 DH","SMARTPHONE SAMSUNG GALAXY A01 5,7"" HD+ 16GB",smartphone-samsung-galaxy-a01-5-7-hd-16gb,Technoplace,has_dot
121912,1303.2,"1 303.20 DH","Clarins Super Restorative Night Cream Crème de nuit Visage, Cou 50 ml",clarins-super-restorative-night-cream-creme-de-nuit-visage-cou-50-ml,"UNIVERS PARADISCOUNT Maroc",has_dot
121915,1303.2,"1 303.20 DH","Clarins Super Restorative Night Cream Crème de nuit Decollete, Visage, Cou 50 ml",clarins-super-restorative-night-cream-creme-de-nuit-decollete-visage-cou-50-ml,"UNIVERS PARADISCOUNT Maroc",has_dot
123442,1303.33,"1 303.33 DH","Logitech C930e webcam USB Noir (960-000972)",logitech-c930e-webcam-usb-noir-960-000972,Technoplace,has_dot
142945,1303.33,"1 303.33 DH","Logitech C925e webcam USB 2.0 Noir (960-001076)",logitech-c925e-webcam-usb-2-0-noir-960-001076,Technoplace,has_dot
121917,1304.75,"1 304.75 DH","Clarins Super Restorative Day Cream Crème de jour Visage, Cou 50 ml",clarins-super-restorative-day-cream-creme-de-jour-visage-cou-50-ml,"New Era Parapharmacie",has_dot
122019,1304.75,"1 304.75 DH","Clarins Super Restorative Day Cream Crème de jour Decollete, Visage, Cou 50 ml",clarins-super-restorative-day-cream-creme-de-jour-decollete-visage-cou-50-ml,"New Era Parapharmacie",has_dot
130753,1312.8,"1 312.80 DH","Lexmark 80C8HK0 Cartouche de tonerOriginal Noir",lexmark-80c8hk0-cartouche-de-toner-original-noir,"NGT Maroc",has_dot
128370,1314.67,"1 314.67 DH","HP 230A Black Original LaserJet Toner Cartridge",hp-230a-black-original-laser-jet-toner-cartridge,Technoplace,has_dot
128716,1314.67,"1 314.67 DH","Canon C-EXV 59 Cartouche de tonerOriginal Noir",canon-c-exv-59-cartouche-de-toner-original-noir,Technoplace,has_dot
129913,1317.6,"1 317.60 DH","HP Cartouche d'encre 764 noir mate - 300 ml",hp-cartouche-d-encre-764-noir-mate-300-ml,"NGT Maroc",has_dot
113371,1333.2,"1 333.20 DH","Canon PIXMA G2430 Imprimante multifonction à réservoirs rechargeables (5991C009AA)",canon-pixma-g2430-imprimante-multifonction-a-reservoirs-rechargeables-5991c009aa,Technoplace,has_dot
134856,1346.4,"1 346.40 DH","ADATA ULTIMATE SU630 2.5"" 960 Go SATA 3D2 QLC",adata-ultimate-su630-2-5-960-go-sata-3d2-qlc,Technoplace,has_dot
142846,1348.67,"1 348.67 DH","HP 50H55AA hub & concentrateur USB 3.2 Gen 2 (3.1 Gen 2) Type-C Noir",hp-50h55aa-hub-concentrateur-usb-3-2-gen-2-3-1-gen-2-type-c-noir,Technoplace,has_dot
132716,1349.33,"1 349.33 DH","HP 125A toner LaserJet noir authentique",hp-125a-toner-laser-jet-noir-authentique,Technoplace,has_dot
118506,1359.6,"1 359.60 DH","Logitech C922 Pro Stream Webcam (960-001088)",logitech-c922-pro-stream-webcam-960-001088,"Shared Store",has_dot
129711,1364.4,"1 364.40 DH","HP 981X cartouche PageWide Noir grande capacité authentique",hp-981x-cartouche-page-wide-noir-grande-capacite-authentique,"NGT Maroc",has_dot
132504,1367.52,"1 367.52 DH","HP Cartouche de toner noir originale 30A LaserJet",hp-cartouche-de-toner-noir-originale-30a-laser-jet,Technoplace,has_dot
124803,1368.13,"1 368.13 DH","Samsung Galaxy Buds+ Casque Sans fil Ecouteurs Appels/Musique Bluetooth Noir",samsung-galaxy-buds-casque-sans-fil-ecouteurs-appels-musique-bluetooth-noir,Technoplace,has_dot
130071,1369.42,"1 369.42 DH","HP 73 tête d'impression DesignJet noir mat et rouge chromatique",hp-73-tete-d-impression-design-jet-noir-mat-et-rouge-chromatique,Technoplace,has_dot
111768,1369.56,"1 369.56 DH","Xerox 106R03740 Cartouche de toner Original Cyan",xerox-106r03740-cartouche-de-toner-original-cyan,Technoplace,has_dot
113190,1371.6,"1 371.60 DH","WD Elements Disque Dur Externe Portable 2To",wd-elements-disque-dur-externe-portable-2to,Technoplace,has_dot
122808,1379.08,"1 379.08 DH","Samsung Galaxy A02 32Go Bleu",samsung-galaxy-a02-32go-bleu,Technoplace,has_dot
132846,1381.33,"1 381.33 DH","HP 201A Cartouche de tonerOriginal Jaune (CF402A)",hp-201a-cartouche-de-toner-original-jaune-cf402a,Technoplace,has_dot
132925,1381.33,"1 381.33 DH","HP 201A toner LaserJet Magenta authentique",hp-201a-toner-laser-jet-magenta-authentique,Technoplace,has_dot
128749,1382.4,"1 382.40 DH","HP 971XL cartouche d'encre magenta grande capacité authentique",hp-971xl-cartouche-d-encre-magenta-grande-capacite-authentique,"NGT Maroc",has_dot
131547,1382.4,"1 382.40 DH","HP 971XL cartouche d'encre jaune grande capacité authentique",hp-971xl-cartouche-d-encre-jaune-grande-capacite-authentique,"NGT Maroc",has_dot
132085,1382.4,"1 382.40 DH","HP 971XL cartouche d'encre cyan grande capacité authentique",hp-971xl-cartouche-d-encre-cyan-grande-capacite-authentique,"NGT Maroc",has_dot
121913,1384.65,"1 384.65 DH","Clarins Super Restorative Night Cream Crème de nuit Visage, Cou 50 ml",clarins-super-restorative-night-cream-creme-de-nuit-visage-cou-50-ml,"New Era Parapharmacie",has_dot
111969,1390.8,"1 390.80 DH","Epson Toner Cyan Capacité Standard (1 600 p)",epson-toner-cyan-capacite-standard-1-600-p,"NGT Maroc",has_dot
133361,1390.8,"1 390.80 DH","Lexmark 80C0S10 Cartouche de tonerOriginal Noir",lexmark-80c0s10-cartouche-de-toner-original-noir,"NGT Maroc",has_dot
121928,1398.24,"1 398.24 DH","Clarins Nutri-Lumière Jour 50 ml",clarins-nutri-lumiere-jour-50-ml,"UNIVERS PARADISCOUNT Maroc",has_dot
121930,1398.24,"1 398.24 DH","Clarins Nutri Lumière Revive Crème de jour Decollete, Visage, Cou 50 ml",clarins-nutri-lumiere-revive-creme-de-jour-decollete-visage-cou-50-ml,"UNIVERS PARADISCOUNT Maroc",has_dot
132909,1400.1,"1 400.10 DH","HP Cartouche de toner noir d'origine LaserJet 130A",hp-cartouche-de-toner-noir-d-origine-laser-jet-130a,"Ink Solutions Maroc",has_dot
135351,1400.27,"1 400.27 DH","TP-LINK TL-SG1024 commutateur réseau Géré L2 Gigabit Ethernet (10/100/1000) Noir (TL-SG1024)",tp-link-tl-sg1024-commutateur-reseau-gere-l2-gigabit-ethernet-10-100-1000-noir-tl-sg1024,Technoplace,has_dot
124029,1402.67,"1 402.67 DH","HyperX Casque gamer - Cloud Stinger 2 sans fil",hyper-x-casque-gamer-cloud-stinger-2-sans-fil,Technoplace,has_dot
130781,1402.8,"1 402.80 DH","Lexmark 70C8HK0 Cartouche de tonerOriginal Noir",lexmark-70c8hk0-cartouche-de-toner-original-noir,"NGT Maroc",has_dot
131470,1402.8,"1 402.80 DH","Lexmark 24016SE Cartouche de tonerOriginal Noir",lexmark-24016se-cartouche-de-toner-original-noir,"NGT Maroc",has_dot
141764,1402.8,"1 402.80 DH","TP-LINK EAP225 routeur sans fil Gigabit Ethernet Bi-bande (2,4 GHz / 5 GHz) Blanc (EAP225)",tp-link-eap225-routeur-sans-fil-gigabit-ethernet-bi-bande-2-4-g-hz-5-g-hz-blanc-eap225,"Iris.ma Maroc",has_dot
133007,1403.15,"1 403.15 DH","HP 83A toner LaserJet noir authentique",hp-83a-toner-laser-jet-noir-authentique,Technoplace,has_dot
138322,1410.4,"1 410.40 DH","Ecran HP V214a 20.7"" LED (1FR84AS)",ecran-hp-v214a-20-7-led-1fr84as,Technoplace,has_dot
142654,1412.03,"1 412.03 DH","Logitech MX Master 3 souris Droitier RF Sans fil + Bluetooth Laser 4000 DPI",logitech-mx-master-3-souris-droitier-rf-sans-fil-bluetooth-laser-4000-dpi,Technoplace,has_dot
131157,1419.6,"1 419.60 DH","HP 980 Cartouche d'encre noire authentique (D8J10A)",hp-980-cartouche-d-encre-noire-authentique-d8j10a,"NGT Maroc",has_dot
131761,1419.6,"1 419.60 DH","HP 973X cartouche PageWide Jaune grande capacité authentique (F6T83AE)",hp-973x-cartouche-page-wide-jaune-grande-capacite-authentique-f6t83ae,"NGT Maroc",has_dot
131839,1419.6,"1 419.60 DH","HP 973X cartouche PageWide Cyan grande capacité authentique (F6T81AE)",hp-973x-cartouche-page-wide-cyan-grande-capacite-authentique-f6t81ae,"NGT Maroc",has_dot
132003,1419.6,"1 419.60 DH","HP 973X cartouche PageWide Magenta grande capacité authentique (F6T82AE)",hp-973x-cartouche-page-wide-magenta-grande-capacite-authentique-f6t82ae,"NGT Maroc",has_dot
134366,1423.2,"1 423.20 DH","LaCie Rugged USB-C disque dur externe 1000 Go Orange, Argent",la-cie-rugged-usb-c-disque-dur-externe-1000-go-orange-argent,Technoplace,has_dot
125240,1425.34,"1 425.34 DH","HyperX QuadCast Rouge",hyper-x-quad-cast-rouge,Technoplace,has_dot
124515,1427.8,"1 427.80 DH","Jabra Evolve2 40, MS Stereo Casque Avec fil Arceau Bureau/Centre d'appels USB Type-A Bluetooth Noir (24089-999-999)",jabra-evolve2-40-ms-stereo-casque-avec-fil-arceau-bureau-centre-d-appels-usb-type-a-bluetooth-noir-24089-999-999,Micromad,has_dot
132622,1437.8,"1 437.80 DH","HP Cartouche de toner magenta d'origine LaserJet 130A",hp-cartouche-de-toner-magenta-d-origine-laser-jet-130a,"Ink Solutions Maroc",has_dot
132629,1437.8,"1 437.80 DH","HP Cartouche de toner jaune d'origine LaserJet 130A",hp-cartouche-de-toner-jaune-d-origine-laser-jet-130a,"Ink Solutions Maroc",has_dot
132731,1437.8,"1 437.80 DH","HP Cartouche de toner cyan d'origine LaserJet 130A",hp-cartouche-de-toner-cyan-d-origine-laser-jet-130a,"Ink Solutions Maroc",has_dot
111783,1439.33,"1 439.33 DH","Canon C-EXV53 Original Noir",canon-c-exv53-original-noir,Technoplace,has_dot
131980,1441.2,"1 441.20 DH","HP 304A toner LaserJet noir authentique",hp-304a-toner-laser-jet-noir-authentique,"NGT Maroc",has_dot
109497,1442.1,"1 442.10 DH","Barrette Mémoire DDR4 8GB 2933 MHZ RDIMM ECC",barrette-memoire-ddr4-8gb-2933-mhz-rdimm-ecc,Micromad,has_dot
123175,1450.55,"1 450.55 DH","DELL E Series E2724HS LED display 27"" Full HD LCD Noir",dell-e-series-e2724hs-led-display-27-full-hd-lcd-noir,Technoplace,has_dot
138319,1450.55,"1 450.55 DH","DELL E Series E2216H LED display 55,9 cm (22"") Full HD LCD Noir",dell-e-series-e2216h-led-display-55-9-cm-22-full-hd-lcd-noir,Technoplace,has_dot
125443,1453.2,"1 453.20 DH","Téléviseur ITEL G3250 32"" Smart HD",televiseur-itel-g3250-32-smart-hd,Technoplace,has_dot
137701,1453.33,"1 453.33 DH","Lenovo ThinkVision S24i-30 LED display 23.8"" Full HD Noir",lenovo-think-vision-s24i-30-led-display-23-8-full-hd-noir,Technoplace,has_dot
138154,1453.33,"1 453.33 DH","Lenovo ThinkVision S24e-20 23.8"" Full HD Noir (62AEKAT2EU)",lenovo-think-vision-s24e-20-23-8-full-hd-noir-62aekat2eu,Technoplace,has_dot
142771,1457.5,"1 457.50 DH","Samsung Galaxy Tab A7 Lite 8.7"" 32 Go Gris 4G (",samsung-galaxy-tab-a7-lite-8-7-32-go-gris-4g,"Bestmark Maroc",has_dot
112061,1459.2,"1 459.20 DH","Lexmark 80C8HY0 Cartouche de toner Original Jaune",lexmark-80c8hy0-cartouche-de-toner-original-jaune,"NGT Maroc",has_dot
130751,1459.2,"1 459.20 DH","Lexmark 80C8HM0 Cartouche de tonerOriginal Magenta",lexmark-80c8hm0-cartouche-de-toner-original-magenta,"NGT Maroc",has_dot
130755,1459.2,"1 459.20 DH","Lexmark 80C8HC0 Cartouche de tonerOriginal Cyan",lexmark-80c8hc0-cartouche-de-toner-original-cyan,"NGT Maroc",has_dot
131852,1462.8,"1 462.80 DH","Samsung ML-D3470A Cartouche de tonerOriginal Noir",samsung-ml-d3470a-cartouche-de-toner-original-noir,"NGT Maroc",has_dot
132125,1465.33,"1 465.33 DH","HP 131A toner LaserJet cyan authentique",hp-131a-toner-laser-jet-cyan-authentique,Technoplace,has_dot
132614,1465.33,"1 465.33 DH","HP 131A toner LaserJet jaune authentique (CF212A)",hp-131a-toner-laser-jet-jaune-authentique-cf212a,Technoplace,has_dot
132844,1465.33,"1 465.33 DH","HP 410A toner LaserJet noir authentique",hp-410a-toner-laser-jet-noir-authentique,Technoplace,has_dot
143033,1466.4,"1 466.40 DH","Aruba, a Hewlett Packard Enterprise company Instant On AP11 867 Mbit/s Blanc Connexion Ethernet, supportant l'alimentation via ce port (PoE) (R3J22A)",aruba-a-hewlett-packard-enterprise-company-instant-on-ap11-867-mbit-s-blanc-connexion-ethernet-supportant-l-alimentation-via-ce-port-po-e-r3j22a,Technoplace,has_dot
118193,1467.17,"1 467.17 DH","Souris gaming Logitech G502 Proteus Spectrum RGB",souris-gaming-logitech-g502-proteus-spectrum-rgb,Technoplace,has_dot
130874,1468.8,"1 468.80 DH","Lexmark X203A11G Cartouche de tonerOriginal Noir",lexmark-x203a11g-cartouche-de-toner-original-noir,"NGT Maroc",has_dot
121926,1471.68,"1 471.68 DH","Clarins Nutri-Lumière Nuit 50 ml",clarins-nutri-lumiere-nuit-50-ml,"UNIVERS PARADISCOUNT Maroc",has_dot
111862,1480.8,"1 480.80 DH","Epson Toner Magenta (2 500 p)",epson-toner-magenta-2-500-p,"NGT Maroc",has_dot
111871,1480.8,"1 480.80 DH","Epson Toner Cyan (2 500 p)",epson-toner-cyan-2-500-p,"NGT Maroc",has_dot
111946,1480.8,"1 480.80 DH","Epson Toner Jaune (2 500 p)",epson-toner-jaune-2-500-p,"NGT Maroc",has_dot
133556,1480.8,"1 480.80 DH","Lexmark 12S0400 Cartouche de tonerOriginal Noir",lexmark-12s0400-cartouche-de-toner-original-noir,"NGT Maroc",has_dot
121929,1485.8,"1 485.80 DH","Clarins Nutri-Lumière Jour 50 ml",clarins-nutri-lumiere-jour-50-ml,"New Era Parapharmacie",has_dot
121931,1485.8,"1 485.80 DH","Clarins Nutri Lumière Revive Crème de jour Decollete, Visage, Cou 50 ml",clarins-nutri-lumiere-revive-creme-de-jour-decollete-visage-cou-50-ml,"New Era Parapharmacie",has_dot
133088,1486.32,"1 486.32 DH","HP 35A toner LaserJet noir authentique",hp-35a-toner-laser-jet-noir-authentique,Technoplace,has_dot
110428,1486.34,"1 486.34 DH","Logitech G Pro",logitech-g-pro,Technoplace,has_dot
124750,1486.8,"1 486.80 DH","Logitech G Pro X wired gaming",logitech-g-pro-x-wired-gaming,Technoplace,has_dot
133141,1488.96,"1 488.96 DH","HP 85A toner LaserJet noir authentique",hp-85a-toner-laser-jet-noir-authentique,Technoplace,has_dot
128567,1490.4,"1 490.40 DH","HP 122A Cartouche de tonerOriginal Cyan (Q3961A)",hp-122a-cartouche-de-toner-original-cyan-q3961a,"NGT Maroc",has_dot
112189,1492.8,"1 492.80 DH","Epson Return Toner Noir Capacité Standard (3 000 p)",epson-return-toner-noir-capacite-standard-3-000-p,"NGT Maroc",has_dot
135770,1499.17,"1 499.17 DH","Imprimante multifonction Pixma G2411 Jet D’encre à réservoir rechargeable",imprimante-multifonction-pixma-g2411-jet-d-encre-a-reservoir-rechargeable,"Bestmark Maroc",has_dot
111788,1502.4,"1 502.40 DH","Samsung Toner cyan CLT-C504S",samsung-toner-cyan-clt-c504s,"NGT Maroc",has_dot
112315,1502.4,"1 502.40 DH","Samsung Toner jaune CLT-Y504S",samsung-toner-jaune-clt-y504s,"NGT Maroc",has_dot
112597,1502.4,"1 502.40 DH","Samsung Toner magenta CLT-M504S",samsung-toner-magenta-clt-m504s,"NGT Maroc",has_dot
131969,1502.4,"1 502.40 DH","HP 973X cartouche PageWide Noir grande capacité authentique (L0S07AE)",hp-973x-cartouche-page-wide-noir-grande-capacite-authentique-l0s07ae,"NGT Maroc",has_dot
135045,1507.07,"1 507.07 DH","TP-LINK TL-SG1024DE commutateur réseau Géré L2 Gigabit Ethernet (10/100/1000) Noir",tp-link-tl-sg1024de-commutateur-reseau-gere-l2-gigabit-ethernet-10-100-1000-noir,Technoplace,has_dot
117702,1510.32,"1 510.32 DH","Logitech G Pro Ratón para gaming Wireless (910-005273)",logitech-g-pro-raton-para-gaming-wireless-910-005273,Technoplace,has_dot
134898,1510.8,"1 510.80 DH","Grandstream Networks GWN7702P commutateur réseau Non-géré 10G Ethernet (100/1000/10000) Noir",grandstream-networks-gwn7702p-commutateur-reseau-non-gere-10g-ethernet-100-1000-10000-noir,"Iris.ma Maroc",has_dot
112210,1514.4,"1 514.40 DH","Epson Toner Noir (3 000 p)",epson-toner-noir-3-000-p,"NGT Maroc",has_dot
113321,1518.67,"1 518.67 DH","Imprimante multifonction HP DeskJet Ink Advantage Ultra 4927 (6W7G3B)",imprimante-multifonction-hp-deskjet-ink-advantage-ultra-4927-6w7g3b,Technoplace,has_dot
132979,1518.67,"1 518.67 DH","HP 05A toner LaserJet noir authentique",hp-05a-toner-laser-jet-noir-authentique,Technoplace,has_dot
122571,1533.34,"1 533.34 DH","Galaxy A05 4 Go + 128 Go – Argent",galaxy-a05-4-go-128-go-argent,Technoplace,has_dot
122575,1533.34,"1 533.34 DH","Galaxy A05 4 Go + 128 Go – Vert clair",galaxy-a05-4-go-128-go-vert-clair,Technoplace,has_dot
122580,1533.34,"1 533.34 DH","Galaxy A05 4 Go + 128 Go – Noir",galaxy-a05-4-go-128-go-noir,Technoplace,has_dot
118529,1533.6,"1 533.60 DH","HPE Aruba Instant On AP11D Access Point (RW) (R2X16A)",hpe-aruba-instant-on-ap11d-access-point-rw-r2x16a,Technoplace,has_dot
135290,1533.6,"1 533.60 DH","Hewlett Packard Enterprise OfficeConnect 1420 8G PoE+ (64W) Non-géré L2 Gigabit Ethernet (10/100/1000) Connexion Ethernet, supportant l'alimentation via ce port (PoE) 1U Gris (JH330A)",hewlett-packard-enterprise-office-connect-1420-8g-po-e-64w-non-gere-l2-gigabit-ethernet-10-100-1000-connexion-ethernet-supportant-l-alimentation-via-ce-port-po-e-1u-gris-jh330a,Technoplace,has_dot
128927,1541.33,"1 541.33 DH","Canon C-EXV 50 Noir - Toner Canon d'origine (9436B002AA)",canon-c-exv-50-noir-toner-canon-d-origine-9436b002aa,Technoplace,has_dot
114441,1544.44,"1 544.44 DH","Écran 27"" incurvé Samsung Essential Curved Monitor S3 (LS27C360EAMXZN)",ecran-27-incurve-samsung-essential-curved-monitor-s3-ls27c360eamxzn,Technoplace,has_dot
143089,1554.53,"1 554.53 DH","Aruba Instant On AP11 867 Mbit/s Blanc Connexion Ethernet, supportant l'alimentation via ce port (PoE)",aruba-instant-on-ap11-867-mbit-s-blanc-connexion-ethernet-supportant-l-alimentation-via-ce-port-po-e,Technoplace,has_dot
129910,1557.6,"1 557.60 DH","HP 764 cartouche d'encre DesignJet grise, 300 ml",hp-764-cartouche-d-encre-design-jet-grise-300-ml,"NGT Maroc",has_dot
129915,1557.6,"1 557.60 DH","HP 764 cartouche d'encre DesignJet noir photo, 300 ml",hp-764-cartouche-d-encre-design-jet-noir-photo-300-ml,"NGT Maroc",has_dot
129918,1557.6,"1 557.60 DH","HP 764 cartouche d'encre DesignJet jaune, 300 ml",hp-764-cartouche-d-encre-design-jet-jaune-300-ml,"NGT Maroc",has_dot
129921,1557.6,"1 557.60 DH","HP Cartouche d'encre 764 magenta - 300 ml",hp-cartouche-d-encre-764-magenta-300-ml,"NGT Maroc",has_dot
129924,1557.6,"1 557.60 DH","HP Cartouche d'encre 764 cyan - 300 ml",hp-cartouche-d-encre-764-cyan-300-ml,"NGT Maroc",has_dot
114320,1561.33,"1 561.33 DH","Epson TM-T20III (011): USB + Serial, PS, Blk, EU",epson-tm-t20iii-011-usb-serial-ps-blk-eu,Technoplace,has_dot
124895,1562.4,"1 562.40 DH","Samsung Galaxy Buds Pro Casque Sans fil Ecouteurs Appels/Musique Bluetooth Noir",samsung-galaxy-buds-pro-casque-sans-fil-ecouteurs-appels-musique-bluetooth-noir,Technoplace,has_dot
123072,1573.2,"1 573.20 DH","Lexmark 0010S0150 Cartouche de toner Original Noir",lexmark-0010s0150-cartouche-de-toner-original-noir,Technoplace,has_dot
132609,1573.2,"1 573.20 DH","Lexmark 60F5000 Cartouche de tonerOriginal Noir",lexmark-60f5000-cartouche-de-toner-original-noir,Technoplace,has_dot
134615,1573.2,"1 573.20 DH","Seagate IronWolf 3 TB ST3000VN007 3.5"" HDD SATA III (ST3000VN007)",seagate-iron-wolf-3-tb-st3000vn007-3-5-hdd-sata-iii-st3000vn007,Technoplace,has_dot
135937,1575.34,"1 575.34 DH","HP DeskJet Plus Ink Advantage 6475 (5SD78C)",hp-desk-jet-plus-ink-advantage-6475-5sd78c,Technoplace,has_dot
131364,1581.6,"1 581.60 DH","Lexmark X340A11G Cartouche de tonerOriginal Noir",lexmark-x340a11g-cartouche-de-toner-original-noir,"NGT Maroc",has_dot
130541,1586.4,"1 586.40 DH","Lexmark C925X75G Cartouche de tonerOriginal Jaune",lexmark-c925x75g-cartouche-de-toner-original-jaune,"NGT Maroc",has_dot
130842,1586.4,"1 586.40 DH","Lexmark C925X74G Cartouche de tonerOriginal Magenta",lexmark-c925x74g-cartouche-de-toner-original-magenta,"NGT Maroc",has_dot
130844,1586.4,"1 586.40 DH","Lexmark C925X73G Cartouche de tonerOriginal Cyan",lexmark-c925x73g-cartouche-de-toner-original-cyan,"NGT Maroc",has_dot
138311,1586.4,"1 586.40 DH","Lenovo ThinkVision S24e 23.8"" Full HD LED Noir",lenovo-think-vision-s24e-23-8-full-hd-led-noir,Technoplace,has_dot
133079,1586.64,"1 586.64 DH","HP 125A toner LaserJet cyan authentique",hp-125a-toner-laser-jet-cyan-authentique,Technoplace,has_dot
110932,1586.66,"1 586.66 DH","Lenovo 4Y40X49506 clavier RF sans fil + Bluetooth AZERTY Français Noir",lenovo-4y40x49506-clavier-rf-sans-fil-bluetooth-azerty-francais-noir,Technoplace,has_dot
136398,1586.66,"1 586.66 DH","Imprimante LaserJet Pro HP M111a - Blanc",imprimante-laser-jet-pro-hp-m111a-blanc,Technoplace,has_dot
137199,1586.66,"1 586.66 DH","Canon PIXMA G3410 imprimante multifonction Jet d'encre A4 4800 x 1200 DPI 8,8 ppm Wifi",canon-pixma-g3410-imprimante-multifonction-jet-d-encre-a4-4800-x-1200-dpi-8-8-ppm-wifi,Technoplace,has_dot
143070,1586.66,"1 586.66 DH","TP-Link EAP653 point d'accès réseaux locaux sans fil 2976 Mbit/s Blanc Connexion Ethernet, supportant l'alimentation via ce port (PoE) (EAP653)",tp-link-eap653-point-d-acces-reseaux-locaux-sans-fil-2976-mbit-s-blanc-connexion-ethernet-supportant-l-alimentation-via-ce-port-po-e-eap653,Technoplace,has_dot
128353,1589.33,"1 589.33 DH","HP 230A Magenta Original LaserJet Toner Cartridge",hp-230a-magenta-original-laser-jet-toner-cartridge,Technoplace,has_dot
128359,1589.33,"1 589.33 DH","HP 230A Cyan Original LaserJet Toner Cartridge",hp-230a-cyan-original-laser-jet-toner-cartridge,Technoplace,has_dot
128364,1589.33,"1 589.33 DH","HP 230A Yellow Original LaserJet Toner Cartridge",hp-230a-yellow-original-laser-jet-toner-cartridge,Technoplace,has_dot
130937,1589.9,"1 589.90 DH","HP 825A toner LaserJet noir authentique",hp-825a-toner-laser-jet-noir-authentique,"Ink Solutions Maroc",has_dot
128574,1598.4,"1 598.40 DH","HP Q3964A tambour d'imprimante (Q3964A)",hp-q3964a-tambour-d-imprimante-q3964a,"NGT Maroc",has_dot
124000,1598.66,"1 598.66 DH","Casque Micro Gaming HyperX Cloud Alpha S / Noir",casque-micro-gaming-hyper-x-cloud-alpha-s-noir,Technoplace,has_dot
126285,1598.67,"1 598.67 DH","HP 286H8AA Barrette Mémoire 8 Go 1 x 8 Go DDR4 3200 MHz",hp-286h8aa-barrette-memoire-8-go-1-x-8-go-ddr4-3200-m-hz,Technoplace,has_dot
132111,1599.84,"1 599.84 DH","HP 913A Cartouche d’encre jaune PageWide authentique",hp-913a-cartouche-d-encre-jaune-page-wide-authentique,Technoplace,has_dot
132241,1599.84,"1 599.84 DH","HP 913A Cartouche d’encre magenta PageWide authentique",hp-913a-cartouche-d-encre-magenta-page-wide-authentique,Technoplace,has_dot
132337,1599.84,"1 599.84 DH","HP 913A Cartouche d’encre cyan PageWide authentique",hp-913a-cartouche-d-encre-cyan-page-wide-authentique,Technoplace,has_dot
130312,1600.8,"1 600.80 DH","HP 81 tête d'impression encre teintée magenta clair et dispositif de nettoyage de tête d'impression DesignJet",hp-81-tete-d-impression-encre-teintee-magenta-clair-et-dispositif-de-nettoyage-de-tete-d-impression-design-jet,Fournipro.ma,has_dot
130326,1600.8,"1 600.80 DH","HP 83 tête d'impression UV et dispositif de nettoyage de tête d'impression DesignJet noire",hp-83-tete-d-impression-uv-et-dispositif-de-nettoyage-de-tete-d-impression-design-jet-noire,Fournipro.ma,has_dot
137038,1611.6,"1 611.60 DH","HP Laser 107a, Noir et blanc, Imprimante pour Petites/moyennes entreprises, Imprimer",hp-laser-107a-noir-et-blanc-imprimante-pour-petites-moyennes-entreprises-imprimer,Technoplace,has_dot
123119,1620.67,"1 620.67 DH","Brother QL-810W imprimante pour étiquettes Thermique directe Couleur 300 x 600 DPI DK",brother-ql-810w-imprimante-pour-etiquettes-thermique-directe-couleur-300-x-600-dpi-dk,Technoplace,has_dot
137223,1620.67,"1 620.67 DH","Brother QL-800 imprimante pour étiquettes Thermique directe Couleur 300 x 600 DPI 148 mm/sec Avec fil DK",brother-ql-800-imprimante-pour-etiquettes-thermique-directe-couleur-300-x-600-dpi-148-mm-sec-avec-fil-dk,Technoplace,has_dot
131794,1627.2,"1 627.20 DH","Samsung CLT-M508S Cartouche de tonerOriginal Magenta",samsung-clt-m508s-cartouche-de-toner-original-magenta,"NGT Maroc",has_dot
131989,1630.8,"1 630.80 DH","Samsung CLT-Y508S Cartouche de tonerOriginal Jaune",samsung-clt-y508s-cartouche-de-toner-original-jaune,"NGT Maroc",has_dot
112274,1633.2,"1 633.20 DH","Toner KYOCERA TK-8345M Magenta (12000 Pages)",toner-kyocera-tk-8345m-magenta-12000-pages,Technoplace,has_dot
112304,1633.2,"1 633.20 DH","Toner KYOCERA TK-8345C Cyan (12000 Pages)",toner-kyocera-tk-8345c-cyan-12000-pages,Technoplace,has_dot
112388,1633.2,"1 633.20 DH","Toner KYOCERA TK-8345Y Jaune (12000 Pages)",toner-kyocera-tk-8345y-jaune-12000-pages,Technoplace,has_dot
130215,1641.6,"1 641.60 DH","HP 70 cartouche d'encre DesignJet rouge, 130 ml",hp-70-cartouche-d-encre-design-jet-rouge-130-ml,Technoplace,has_dot
136835,1642.8,"1 642.80 DH","Imprimante jet d'encre Monochrome à Réservoir Intégrée Canon PIXMA G2040-Wifi (gm2040)",imprimante-jet-d-encre-monochrome-a-reservoir-integree-canon-pixma-g2040-wifi-gm2040,Technoplace,has_dot
128781,1643.33,"1 643.33 DH","Canon PFI-1100C Cyan - Cartouche d'encre Canon d'origine (0851C001AA)",canon-pfi-1100c-cyan-cartouche-d-encre-canon-d-origine-0851c001aa,Technoplace,has_dot
128783,1643.33,"1 643.33 DH","Canon PFI-1100GY Grey - Cartouche d'encre Canon d'origine (0856C001AA)",canon-pfi-1100gy-grey-cartouche-d-encre-canon-d-origine-0856c001aa,Technoplace,has_dot
128785,1643.33,"1 643.33 DH","Canon PFI-1100M Magenta - Cartouche d'encre Canon d'origine (0852C001AA)",canon-pfi-1100m-magenta-cartouche-d-encre-canon-d-origine-0852c001aa,Technoplace,has_dot
128788,1643.33,"1 643.33 DH","Canon PFI-1100MBK Noir Mat - Cartouche d'encre Canon d'origine (0849C001AA)",canon-pfi-1100mbk-noir-mat-cartouche-d-encre-canon-d-origine-0849c001aa,Technoplace,has_dot
128790,1643.33,"1 643.33 DH","Canon PFI-1100PBK Noir Photo - Bouteille d'encre Canon d'origine (0850C001AA)",canon-pfi-1100pbk-noir-photo-bouteille-d-encre-canon-d-origine-0850c001aa,Technoplace,has_dot
128793,1643.33,"1 643.33 DH","Canon PFI-1100PC Photo Cyan - Bouteille d'encre Canon d'origine (0854C001AA)",canon-pfi-1100pc-photo-cyan-bouteille-d-encre-canon-d-origine-0854c001aa,Technoplace,has_dot
128796,1643.33,"1 643.33 DH","Canon PFI-1100PM Photo Magenta - Bouteille d'encre Canon d'origine (0855C001AA)",canon-pfi-1100pm-photo-magenta-bouteille-d-encre-canon-d-origine-0855c001aa,Technoplace,has_dot
128799,1643.33,"1 643.33 DH","Canon PFI-1100Y Jaune - Bouteille d'encre Canon d'origine (0853C001AA)",canon-pfi-1100y-jaune-bouteille-d-encre-canon-d-origine-0853c001aa,Technoplace,has_dot
132989,1647.73,"1 647.73 DH","HP 203A cartouche de toner LaserJet cyan authentique (CF541A)",hp-203a-cartouche-de-toner-laser-jet-cyan-authentique-cf541a,Technoplace,has_dot
132992,1647.73,"1 647.73 DH","HP Cartouche de toner jaune authentique 203A pour LaserJet",hp-cartouche-de-toner-jaune-authentique-203a-pour-laser-jet,Technoplace,has_dot
133035,1647.73,"1 647.73 DH","HP Cartouche de toner magenta authentique 203A pour LaserJet",hp-cartouche-de-toner-magenta-authentique-203a-pour-laser-jet,Technoplace,has_dot
111775,1654.67,"1 654.67 DH","Canon T06 Original Noir",canon-t06-original-noir,Technoplace,has_dot
124897,1658.34,"1 658.34 DH","Samsung Galaxy Buds Pro Casque Sans fil Ecouteurs Appels/Musique Bluetooth Noir",samsung-galaxy-buds-pro-casque-sans-fil-ecouteurs-appels-musique-bluetooth-noir,"Bestmark Maroc",has_dot
136370,1658.34,"1 658.34 DH","Epson C11CJ68403 imprimante jets d'encres",epson-c11cj68403-imprimante-jets-d-encres,"Bestmark Maroc",has_dot
117738,1666.13,"1 666.13 DH","Logitech G G502 Ratón inalámbrico para gaming LIGHTSPEED (910-005568)",logitech-g-g502-raton-inalambrico-para-gaming-lightspeed-910-005568,Technoplace,has_dot
137350,1666.67,"1 666.67 DH","HP V22i G5 écran plat de PC 54,6 cm (21.5"") 1920 x 1080 pixels Full HD LCD Noir",hp-v22i-g5-ecran-plat-de-pc-54-6-cm-21-5-1920-x-1080-pixels-full-hd-lcd-noir,Technoplace,has_dot
138264,1670.4,"1 670.40 DH","Lenovo C24-20 23.8"" Full HD Noir (62A8KAT1EU)",lenovo-c24-20-23-8-full-hd-noir-62a8kat1eu,Technoplace,has_dot
124405,1672.8,"1 672.80 DH","Jabra BIZ 2300 USB Microsoft Lync Duo Casque Avec fil Arceau Bureau/Centre d'appels USB Type-A Noir (2399-823-109)",jabra-biz-2300-usb-microsoft-lync-duo-casque-avec-fil-arceau-bureau-centre-d-appels-usb-type-a-noir-2399-823-109,Technoplace,has_dot
143109,1673.2,"1 673.20 DH","TP-Link EAP610 point d'accès réseaux locaux sans fil 1775 Mbit/s Blanc Connexion Ethernet, supportant l'alimentation via ce port (PoE) (EAP610)",tp-link-eap610-point-d-acces-reseaux-locaux-sans-fil-1775-mbit-s-blanc-connexion-ethernet-supportant-l-alimentation-via-ce-port-po-e-eap610,Technoplace,has_dot
122867,1678.8,"1 678.80 DH","Grandstream Networks GRP2615 téléphone fixe Noir, Gris 10 lignes TFT Wifi",grandstream-networks-grp2615-telephone-fixe-noir-gris-10-lignes-tft-wifi,"NGT Maroc",has_dot
129821,1681.15,"1 681.15 DH","HP Cartouche d’encre 730 DesignJet cyan, 130 ml",hp-cartouche-d-encre-730-design-jet-cyan-130-ml,Technoplace,has_dot
130942,1681.2,"1 681.20 DH","HP 51A toner LaserJet noir authentique",hp-51a-toner-laser-jet-noir-authentique,"NGT Maroc",has_dot
131301,1683.6,"1 683.60 DH","Lexmark C5200KS Cartouche de tonerOriginal Noir",lexmark-c5200ks-cartouche-de-toner-original-noir,"NGT Maroc",has_dot
131304,1683.6,"1 683.60 DH","Lexmark C5200MS Cartouche de tonerOriginal Magenta",lexmark-c5200ms-cartouche-de-toner-original-magenta,"NGT Maroc",has_dot
131307,1683.6,"1 683.60 DH","Lexmark C5200YS Cartouche de tonerOriginal Jaune",lexmark-c5200ys-cartouche-de-toner-original-jaune,"NGT Maroc",has_dot
131316,1683.6,"1 683.60 DH","Lexmark C5200CS Cartouche de tonerOriginal Cyan",lexmark-c5200cs-cartouche-de-toner-original-cyan,"NGT Maroc",has_dot
112413,1689.6,"1 689.60 DH","HP 126A Original",hp-126a-original,Technoplace,has_dot
132999,1692.24,"1 692.24 DH","HP 12A toner LaserJet noir authentique",hp-12a-toner-laser-jet-noir-authentique,Technoplace,has_dot
142772,1693.2,"1 693.20 DH","Samsung Galaxy Tab A7 Lite 8.7"" 32 Go Gris 4G (",samsung-galaxy-tab-a7-lite-8-7-32-go-gris-4g,Technoplace,has_dot
142781,1693.2,"1 693.20 DH","Samsung Galaxy A7 lite 8,7"" 3Go Octa Core 32Go Android 4G 2 Mpx 2 Mpx 8 Mpx Silver.",samsung-galaxy-a7-lite-8-7-3go-octa-core-32go-android-4g-2-mpx-2-mpx-8-mpx-silver,Technoplace,has_dot
131120,1693.33,"1 693.33 DH","HP 728 cartouche d'encre DesignJet cyan 130 ml",hp-728-cartouche-d-encre-design-jet-cyan-130-ml,Technoplace,has_dot
131125,1693.33,"1 693.33 DH","HP 728 cartouche d'encre DesignJet jaune 130 ml",hp-728-cartouche-d-encre-design-jet-jaune-130-ml,Technoplace,has_dot
130085,1697.8,"1 697.80 DH","HP 824A Original(CB384A)",hp-824a-original-cb384a,"Ink Solutions Maroc",has_dot
113990,1702.8,"1 702.80 DH","Lexmark MS415dn 1200 x 1200 DPI A4",lexmark-ms415dn-1200-x-1200-dpi-a4,Technoplace,has_dot
143025,1703.4,"1 703.40 DH","TP-Link EAP245 point d'accès réseaux locaux sans fil 1300 Mbit/s Blanc Connexion Ethernet, supportant l'alimentation via ce port (PoE) (EAP245)",tp-link-eap245-point-d-acces-reseaux-locaux-sans-fil-1300-mbit-s-blanc-connexion-ethernet-supportant-l-alimentation-via-ce-port-po-e-eap245,Technoplace,has_dot
112453,1703.41,"1 703.41 DH","Toner Original Samsung CLT-K504S - Noir",toner-original-samsung-clt-k504s-noir,Technoplace,has_dot
112403,1705.2,"1 705.20 DH","Lexmark 515H Cartouche de toner Original Noir",lexmark-515h-cartouche-de-toner-original-noir,"NGT Maroc",has_dot
129389,1705.2,"1 705.20 DH","Lexmark C500S2KG Cartouche de tonerOriginal Noir",lexmark-c500s2kg-cartouche-de-toner-original-noir,"NGT Maroc",has_dot
130743,1705.2,"1 705.20 DH","Lexmark 80C8XY0 Cartouche de tonerOriginal Jaune",lexmark-80c8xy0-cartouche-de-toner-original-jaune,"NGT Maroc",has_dot
130745,1705.2,"1 705.20 DH","Lexmark 80C8XM0 Cartouche de tonerOriginal Magenta",lexmark-80c8xm0-cartouche-de-toner-original-magenta,"NGT Maroc",has_dot
130749,1705.2,"1 705.20 DH","Lexmark 80C8XC0 Cartouche de tonerOriginal Cyan",lexmark-80c8xc0-cartouche-de-toner-original-cyan,"NGT Maroc",has_dot
130435,1706.75,"1 706.75 DH","HP 36A toner LaserJet noir authentique",hp-36a-toner-laser-jet-noir-authentique,Technoplace,has_dot
113164,1711.33,"1 711.33 DH","Western Digital My Passport disque dur externe 4000 Go Noir",western-digital-my-passport-disque-dur-externe-4000-go-noir,Technoplace,has_dot
112102,1717.2,"1 717.20 DH","Lexmark E250A11E Cartouche de toner Original Noir",lexmark-e250a11e-cartouche-de-toner-original-noir,"NGT Maroc",has_dot
112201,1717.2,"1 717.20 DH","Lexmark E260A11E Cartouche de toner Original Noir",lexmark-e260a11e-cartouche-de-toner-original-noir,"NGT Maroc",has_dot
130895,1717.2,"1 717.20 DH","Lexmark X264A11G Cartouche de tonerOriginal Noir",lexmark-x264a11g-cartouche-de-toner-original-noir,"NGT Maroc",has_dot
114402,1719.6,"1 719.60 DH","HP Ink Tank 315 All-in-One (Z4B04A)",hp-ink-tank-315-all-in-one-z4b04a,Technoplace,has_dot
123533,1722.67,"1 722.67 DH","Canon 5764C001 Cartouche de toner 1 pièce(s) Original Jaune",canon-5764c001-cartouche-de-toner-1-piece-s-original-jaune,Technoplace,has_dot
123544,1722.67,"1 722.67 DH","Canon 5763C001 Cartouche de toner 1 pièce(s) Compatible Magenta",canon-5763c001-cartouche-de-toner-1-piece-s-compatible-magenta,Technoplace,has_dot
143816,1724.8,"1 724.80 DH","Objectif Canon EF-S 24mm f/2.8 STM (9522B005AA)",objectif-canon-ef-s-24mm-f-2-8-stm-9522b005aa,Technoplace,has_dot
143072,1726.8,"1 726.80 DH","TP-Link EAP653 point d'accès réseaux locaux sans fil 2976 Mbit/s Blanc Connexion Ethernet, supportant l'alimentation via ce port (PoE) (EAP653)",tp-link-eap653-point-d-acces-reseaux-locaux-sans-fil-2976-mbit-s-blanc-connexion-ethernet-supportant-l-alimentation-via-ce-port-po-e-eap653,"Iris.ma Maroc",has_dot
135132,1733.33,"1 733.33 DH","TP-Link Desktop switch, 8 ports 10/100 Mb/s PoE+, 3 ports gigabit (TL-SG2210MP)",tp-link-desktop-switch-8-ports-10-100-mb-s-po-e-3-ports-gigabit-tl-sg2210mp,Technoplace,has_dot
111546,1738.8,"1 738.80 DH","Lexmark Toner Cartridge for E120n Cartouche de toner Original Noir",lexmark-toner-cartridge-for-e120n-cartouche-de-toner-original-noir,"NGT Maroc",has_dot
111904,1746.35,"1 746.35 DH","HP 32A Original",hp-32a-original,Technoplace,has_dot
112870,1750.8,"1 750.80 DH","Lexmark 0010S0150 Cartouche de toner Original Noir",lexmark-0010s0150-cartouche-de-toner-original-noir,"NGT Maroc",has_dot
128613,1750.8,"1 750.80 DH","Lexmark 12L0250 Cartouche de tonerOriginal Noir",lexmark-12l0250-cartouche-de-toner-original-noir,"NGT Maroc",has_dot
130028,1750.8,"1 750.80 DH","HP 772 cartouche d'encre DesignJet noir mat, 300 ml",hp-772-cartouche-d-encre-design-jet-noir-mat-300-ml,"NGT Maroc",has_dot
130032,1750.8,"1 750.80 DH","HP 772 cartouche d'encre DesignJet jaune, 300 ml (CN630A)",hp-772-cartouche-d-encre-design-jet-jaune-300-ml-cn630a,"NGT Maroc",has_dot
130035,1750.8,"1 750.80 DH","HP 772 cartouche d'encre DesignJet magenta clair, 300 ml",hp-772-cartouche-d-encre-design-jet-magenta-clair-300-ml,"NGT Maroc",has_dot
130038,1750.8,"1 750.80 DH","HP 772 cartouche d'encre DesignJet noir photo, 300 ml",hp-772-cartouche-d-encre-design-jet-noir-photo-300-ml,"NGT Maroc",has_dot
130041,1750.8,"1 750.80 DH","HP 772 cartouche d'encre DesignJet gris clair, 300 ml",hp-772-cartouche-d-encre-design-jet-gris-clair-300-ml,"NGT Maroc",has_dot
130044,1750.8,"1 750.80 DH","HP 772 cartouche d'encre DesignJet cyan clair, 300 ml",hp-772-cartouche-d-encre-design-jet-cyan-clair-300-ml,"NGT Maroc",has_dot
131229,1750.8,"1 750.80 DH","HP 772 cartouche d'encre DesignJet magenta, 300 ml",hp-772-cartouche-d-encre-design-jet-magenta-300-ml,"NGT Maroc",has_dot
141843,1756.8,"1 756.80 DH","Scanner mobile Canon ImageFORMULA P-208II (9704B003AD)",scanner-mobile-canon-image-formula-p-208ii-9704b003ad,Technoplace,has_dot
112486,1759.07,"1 759.07 DH","Toner Original Samsung CLT-C504S / Cyan",toner-original-samsung-clt-c504s-cyan,Technoplace,has_dot
112489,1759.07,"1 759.07 DH","Toner Original Samsung CLT-M504S / Magenta",toner-original-samsung-clt-m504s-magenta,Technoplace,has_dot
112564,1759.07,"1 759.07 DH","Toner Original Samsung CLT-Y504S / Yellow",toner-original-samsung-clt-y504s-yellow,Technoplace,has_dot
132707,1762.8,"1 762.80 DH","HP 125A toner LaserJet jaune authentique",hp-125a-toner-laser-jet-jaune-authentique,"Ink Solutions Maroc",has_dot
133080,1762.8,"1 762.80 DH","HP 125A toner LaserJet cyan authentique",hp-125a-toner-laser-jet-cyan-authentique,"Ink Solutions Maroc",has_dot
112099,1772.4,"1 772.40 DH","Lexmark 0012A7400 Cartouche de toner Original Noir",lexmark-0012a7400-cartouche-de-toner-original-noir,"NGT Maroc",has_dot
128403,1772.4,"1 772.40 DH","HP 309A Cartouche de tonerOriginal Cyan (Q2671A)",hp-309a-cartouche-de-toner-original-cyan-q2671a,"NGT Maroc",has_dot
128755,1772.4,"1 772.40 DH","HP 11A Cartouche de tonerOriginal Noir (Q6511A)",hp-11a-cartouche-de-toner-original-noir-q6511a,"NGT Maroc",has_dot
130292,1772.4,"1 772.40 DH","Lexmark 08A0476 Cartouche de tonerOriginal Noir",lexmark-08a0476-cartouche-de-toner-original-noir,"NGT Maroc",has_dot
143026,1774.8,"1 774.80 DH","TP-Link EAP245 point d'accès réseaux locaux sans fil 1300 Mbit/s Blanc Connexion Ethernet, supportant l'alimentation via ce port (PoE) (EAP245)",tp-link-eap245-point-d-acces-reseaux-locaux-sans-fil-1300-mbit-s-blanc-connexion-ethernet-supportant-l-alimentation-via-ce-port-po-e-eap245,"Iris.ma Maroc",has_dot
122811,1780.22,"1 780.22 DH","Samsung Galaxy A12 128Go Blanc",samsung-galaxy-a12-128go-blanc,Technoplace,has_dot
122815,1780.22,"1 780.22 DH","Samsung Galaxy A12 128Go Noir",samsung-galaxy-a12-128go-noir,Technoplace,has_dot
129715,1784.4,"1 784.40 DH","HP 981X cartouche PageWide Jaune grande capacité authentique",hp-981x-cartouche-page-wide-jaune-grande-capacite-authentique,"NGT Maroc",has_dot
129718,1784.4,"1 784.40 DH","HP 981X cartouche PageWide Magenta grande capacité authentique",hp-981x-cartouche-page-wide-magenta-grande-capacite-authentique,"NGT Maroc",has_dot
129722,1784.4,"1 784.40 DH","HP 981X cartouche PageWide Cyan grande capacité authentique",hp-981x-cartouche-page-wide-cyan-grande-capacite-authentique,"NGT Maroc",has_dot
135220,1798.8,"1 798.80 DH","TP-LINK TL-SG1008MP commutateur réseau Non-géré Gigabit Ethernet (10/100/1000) Connexion Ethernet, supportant l'alimentation via",tp-link-tl-sg1008mp-commutateur-reseau-non-gere-gigabit-ethernet-10-100-1000-connexion-ethernet-supportant-l-alimentation-via,"Iris.ma Maroc",has_dot
135775,1802.4,"1 802.40 DH","Imprimante multifonction Pixma G2411 Jet D’encre à réservoir rechargeable",imprimante-multifonction-pixma-g2411-jet-d-encre-a-reservoir-rechargeable,Technoplace,has_dot
129823,1803.6,"1 803.60 DH","HP Tête d’impression 731 DesignJet",hp-tete-d-impression-731-design-jet,Technoplace,has_dot
112608,1813.33,"1 813.33 DH","Toner Laser Canon C-EXV54 - Jaune",toner-laser-canon-c-exv54-jaune,Technoplace,has_dot
137066,1816.62,"1 816.62 DH","Epson EcoTank M1120 imprimante jets d'encres 1440 x 720 DPI A4 Wifi (C11CG96404)",epson-eco-tank-m1120-imprimante-jets-d-encres-1440-x-720-dpi-a4-wifi-c11cg96404,Technoplace,has_dot
134759,1820.4,"1 820.40 DH","Western Digital 4 TB Purple 3.5"" SATA III (WD40PURZ)",western-digital-4-tb-purple-3-5-sata-iii-wd40purz,Technoplace,has_dot
108714,1821.97,"1 821.97 DH","Logitech G G733 wireless gaming",logitech-g-g733-wireless-gaming,Technoplace,has_dot
113465,1823.35,"1 823.35 DH","Imprimante CANON Laser SFP",imprimante-canon-laser-sfp,Technoplace,has_dot
123063,1824.67,"1 824.67 DH","Canon Toner EP-27 Black Cartouche de toner Original",canon-toner-ep-27-black-cartouche-de-toner-original,Technoplace,has_dot
131669,1824.67,"1 824.67 DH","Canon TONER T08 BLACK Cartouche de tonerOriginal Noir",canon-toner-t08-black-cartouche-de-toner-original-noir,Technoplace,has_dot
112266,1825.87,"1 825.87 DH","Samsung Black Toner Cartridge Cartouche de toner Original Noir",samsung-black-toner-cartridge-cartouche-de-toner-original-noir,Technoplace,has_dot
132578,1836.11,"1 836.11 DH","HP 305A toner LaserJet noir authentique",hp-305a-toner-laser-jet-noir-authentique,Technoplace,has_dot
129806,1836.98,"1 836.98 DH","HP Cartouche d’encre 730 DesignJet noir photo, 130 ml",hp-cartouche-d-encre-730-design-jet-noir-photo-130-ml,Technoplace,has_dot
129809,1836.98,"1 836.98 DH","HP Cartouche d’encre 730 DesignJet gris, 130 ml",hp-cartouche-d-encre-730-design-jet-gris-130-ml,Technoplace,has_dot
129813,1836.98,"1 836.98 DH","HP Cartouche d’encre 730 DesignJet noir mat, 130 ml",hp-cartouche-d-encre-730-design-jet-noir-mat-130-ml,Technoplace,has_dot
129817,1836.98,"1 836.98 DH","HP Cartouche d’encre 730 DesignJet magenta, 130 ml",hp-cartouche-d-encre-730-design-jet-magenta-130-ml,Technoplace,has_dot
131117,1836.98,"1 836.98 DH","HP Cartouche d’encre 730 DesignJet jaune, 130 ml",hp-cartouche-d-encre-730-design-jet-jaune-130-ml,Technoplace,has_dot
112179,1839.6,"1 839.60 DH","Toner Adaptable Epson M2000",toner-adaptable-epson-m2000,"NGT Maroc",has_dot
137160,1849.06,"1 849.06 DH","Epson EcoTank L1110 imprimante jets d'encres Couleur 5760 x 1440 DPI A4 (C11CG89402)",epson-eco-tank-l1110-imprimante-jets-d-encres-couleur-5760-x-1440-dpi-a4-c11cg89402,Technoplace,has_dot
142177,1850.4,"1 850.40 DH","QNAP TS-128A serveur de stockage NAS Mini Tower Ethernet/LAN Blanc RTD1295 (TS-128A)",qnap-ts-128a-serveur-de-stockage-nas-mini-tower-ethernet-lan-blanc-rtd1295-ts-128a,Technoplace,has_dot
111954,1851.6,"1 851.60 DH","Epson Toner Noir (6 000 p)",epson-toner-noir-6-000-p,"NGT Maroc",has_dot
114483,1852.8,"1 852.80 DH","Lenovo C27-40 27"" Full HD LED Noir",lenovo-c27-40-27-full-hd-led-noir,Technoplace,has_dot
135981,1852.8,"1 852.80 DH","Imprimante multifonction à réservoirs rechargeables Canon PIXMA G2420 (4465C009AA)",imprimante-multifonction-a-reservoirs-rechargeables-canon-pixma-g2420-4465c009aa,Technoplace,has_dot
136778,1852.8,"1 852.80 DH","HP Laser 107w, Noir et blanc, Imprimante pour Petites/moyennes entreprises, Imprimer",hp-laser-107w-noir-et-blanc-imprimante-pour-petites-moyennes-entreprises-imprimer,Technoplace,has_dot
137713,1853.33,"1 853.33 DH","Lenovo ThinkVision S27i-30 LED display 27"" Full HD Gris",lenovo-think-vision-s27i-30-led-display-27-full-hd-gris,Technoplace,has_dot
132771,1857.33,"1 857.33 DH","HP 410A toner LaserJet jaune authentique",hp-410a-toner-laser-jet-jaune-authentique,Technoplace,has_dot
132777,1857.33,"1 857.33 DH","HP 410A toner LaserJet magenta authentique",hp-410a-toner-laser-jet-magenta-authentique,Technoplace,has_dot
135231,1858.21,"1 858.21 DH","Hikvision Digital Technology DS-3E0318P-E/M(B) commutateur réseau Non-géré Fast Ethernet (10/100) Connexion Ethernet, supportant l'alimentation via ce port (PoE) Bleu",hikvision-digital-technology-ds-3e0318p-e-m-b-commutateur-reseau-non-gere-fast-ethernet-10-100-connexion-ethernet-supportant-l-alimentation-via-ce-port-po-e-bleu,Technoplace,has_dot
134722,1860.92,"1 860.92 DH","Seagate SkyHawk 6 TB ST6000VX001 3.5"" HDD SATA III (ST6000VX001)",seagate-sky-hawk-6-tb-st6000vx001-3-5-hdd-sata-iii-st6000vx001,Technoplace,has_dot
128230,1862.4,"1 862.40 DH","Lexmark 80C0H10 Cartouche de tonerOriginal Noir",lexmark-80c0h10-cartouche-de-toner-original-noir,"NGT Maroc",has_dot
121302,1863.6,"1 863.60 DH","Clarins Multi-Intensive Supra Sérum Lift-Remodelant 50 ml",clarins-multi-intensive-supra-serum-lift-remodelant-50-ml,"UNIVERS PARADISCOUNT Maroc",has_dot
126577,1866.67,"1 866.67 DH","Hewlett Packard Enterprise 879505-B21 Barrette Mémoire 8 Go 1 x 8 Go DDR4 2666 MHz",hewlett-packard-enterprise-879505-b21-barrette-memoire-8-go-1-x-8-go-ddr4-2666-m-hz,Technoplace,has_dot
132131,1870.43,"1 870.43 DH","HP 131A toner LaserJet magenta authentique",hp-131a-toner-laser-jet-magenta-authentique,Technoplace,has_dot
111565,1873.2,"1 873.20 DH","Toner Noir 24036SE pour E340",toner-noir-24036se-pour-e340,"NGT Maroc",has_dot
111836,1873.2,"1 873.20 DH","Epson Photoconducteur Cyan (30 000 p)",epson-photoconducteur-cyan-30-000-p,"NGT Maroc",has_dot
111956,1873.2,"1 873.20 DH","Epson Photoconducteur Jaune (30 000 p)",epson-photoconducteur-jaune-30-000-p,"NGT Maroc",has_dot
111957,1873.2,"1 873.20 DH","Epson Photoconducteur Magenta (30 000 p)",epson-photoconducteur-magenta-30-000-p,"NGT Maroc",has_dot
111958,1873.2,"1 873.20 DH","Epson Photoconducteur Noir (30 000 p)",epson-photoconducteur-noir-30-000-p,"NGT Maroc",has_dot
129386,1873.2,"1 873.20 DH","Lexmark C500 Yellow Toner Cartridge (1.5K) Cartouche de toner Original Jaune",lexmark-c500-yellow-toner-cartridge-1-5k-cartouche-de-toner-original-jaune,"NGT Maroc",has_dot
129418,1873.2,"1 873.20 DH","Lexmark C500S2CG Cartouche de tonerOriginal Cyan",lexmark-c500s2cg-cartouche-de-toner-original-cyan,"NGT Maroc",has_dot
130747,1873.2,"1 873.20 DH","Lexmark 80C8XK0 Cartouche de tonerOriginal Noir",lexmark-80c8xk0-cartouche-de-toner-original-noir,"NGT Maroc",has_dot
133584,1885.2,"1 885.20 DH","Lexmark 20K0503 Cartouche de tonerOriginal Noir",lexmark-20k0503-cartouche-de-toner-original-noir,"NGT Maroc",has_dot
142988,1885.33,"1 885.33 DH","Logitech BRIO webcam 4096 x 2160 pixels USB 3.2 Gen 1 (3.1 Gen 1) Noir (960-001106)",logitech-brio-webcam-4096-x-2160-pixels-usb-3-2-gen-1-3-1-gen-1-noir-960-001106,Technoplace,has_dot
113256,1886.8,"1 886.80 DH","HPE Aruba Instant On 1830 Smart 8G (JL810A)",hpe-aruba-instant-on-1830-smart-8g-jl810a,Technoplace,has_dot
130808,1892.66,"1 892.66 DH","HP 131X Cartouche de tonerOriginal Noir (CF210X)",hp-131x-cartouche-de-toner-original-noir-cf210x,Technoplace,has_dot
143110,1894.8,"1 894.80 DH","TP-Link EAP610 point d'accès réseaux locaux sans fil 1775 Mbit/s Blanc Connexion Ethernet, supportant l'alimentation via ce port (PoE) (EAP610)",tp-link-eap610-point-d-acces-reseaux-locaux-sans-fil-1775-mbit-s-blanc-connexion-ethernet-supportant-l-alimentation-via-ce-port-po-e-eap610,"Iris.ma Maroc",has_dot
112267,1899.6,"1 899.60 DH","Samsung Black Toner Cartridge Cartouche de toner Original Noir",samsung-black-toner-cartridge-cartouche-de-toner-original-noir,"NGT Maroc",has_dot
114852,1903.2,"1 903.20 DH","DELL SE2417HG écran plat de PC 24"" Full HD LCD Noir",dell-se2417hg-ecran-plat-de-pc-24-full-hd-lcd-noir,Technoplace,has_dot
143847,1914.53,"1 914.53 DH","Objectif Canon EF 50mm f/1.8 STM (0570C005AA)",objectif-canon-ef-50mm-f-1-8-stm-0570c005aa,Technoplace,has_dot
132721,1917.5,"1 917.50 DH","HP 125A toner LaserJet noir authentique",hp-125a-toner-laser-jet-noir-authentique,"Ink Solutions Maroc",has_dot
113505,1926.67,"1 926.67 DH","Imprimante Canon PIXMA G3430 multifonction à réservoirs rechargeables (5989C009AA)",imprimante-canon-pixma-g3430-multifonction-a-reservoirs-rechargeables-5989c009aa,Technoplace,has_dot
131408,1929.6,"1 929.60 DH","HP 13A toner LaserJet noir authentique",hp-13a-toner-laser-jet-noir-authentique,"NGT Maroc",has_dot
137356,1933.33,"1 933.33 DH","Écran 23,8"" HP Full HD V24v G5 (65P62AS)",ecran-23-8-hp-full-hd-v24v-g5-65p62as,Technoplace,has_dot
114722,1934.4,"1 934.40 DH","Ecran SAMSUNG 24"" FULL HD IPS - Noir (LF24T350FHMXZN)",ecran-samsung-24-full-hd-ips-noir-lf24t350fhmxzn,Technoplace,has_dot
114857,1934.4,"1 934.40 DH","Samsung LC24F390FHMXZN écran plat de PC 24"" Full HD Noir",samsung-lc24f390fhmxzn-ecran-plat-de-pc-24-full-hd-noir,Technoplace,has_dot
130993,1937.2,"1 937.20 DH","HP Toner magenta LaserJet 207X authentique grande capacité (W2213X)",hp-toner-magenta-laser-jet-207x-authentique-grande-capacite-w2213x,Technoplace,has_dot
130996,1937.2,"1 937.20 DH","HP Toner jaune LaserJet 207X authentique grande capacité (W2212X)",hp-toner-jaune-laser-jet-207x-authentique-grande-capacite-w2212x,Technoplace,has_dot
135983,1939.99,"1 939.99 DH","Imprimante multifonction à réservoirs rechargeables Canon PIXMA G2420 (4465C009AA)",imprimante-multifonction-a-reservoirs-rechargeables-canon-pixma-g2420-4465c009aa,"NGT Maroc",has_dot
128644,1941.6,"1 941.60 DH","Lexmark 12A7410 Cartouche de tonerOriginal Noir",lexmark-12a7410-cartouche-de-toner-original-noir,"NGT Maroc",has_dot
131351,1941.6,"1 941.60 DH","Lexmark C5220KS Cartouche de tonerOriginal Noir",lexmark-c5220ks-cartouche-de-toner-original-noir,"NGT Maroc",has_dot
143077,1946.66,"1 946.66 DH","TP-Link EAP670 point d'accès réseaux locaux sans fil 5400 Mbit/s Blanc Connexion Ethernet, supportant l'alimentation via ce port (PoE) (EAP670)",tp-link-eap670-point-d-acces-reseaux-locaux-sans-fil-5400-mbit-s-blanc-connexion-ethernet-supportant-l-alimentation-via-ce-port-po-e-eap670,Technoplace,has_dot
129583,1948.34,"1 948.34 DH","HP 746 DesignJet tête d’impression",hp-746-design-jet-tete-d-impression,Technoplace,has_dot
111949,1952.4,"1 952.40 DH","Epson Unité de fusion (100 000 p)",epson-unite-de-fusion-100-000-p,"NGT Maroc",has_dot
111960,1952.4,"1 952.40 DH","Epson Return Toner Haute Capacité (8 000 p)",epson-return-toner-haute-capacite-8-000-p,"NGT Maroc",has_dot
133543,1952.4,"1 952.40 DH","Lexmark E220 Cartouche de tonerOriginal Noir",lexmark-e220-cartouche-de-toner-original-noir,"NGT Maroc",has_dot
128639,1963.2,"1 963.20 DH","Lexmark 510HA Cartouche de tonerOriginal Noir",lexmark-510ha-cartouche-de-toner-original-noir,"NGT Maroc",has_dot
130761,1963.2,"1 963.20 DH","Lexmark 62D5000 Cartouche de tonerOriginal Noir",lexmark-62d5000-cartouche-de-toner-original-noir,"NGT Maroc",has_dot
133365,1963.2,"1 963.20 DH","Lexmark 70C0H10 Cartouche de tonerOriginal Noir",lexmark-70c0h10-cartouche-de-toner-original-noir,"NGT Maroc",has_dot
123078,1965.33,"1 965.33 DH","OKI 9002386 Cartouche de toner Original Noir",oki-9002386-cartouche-de-toner-original-noir,Technoplace,has_dot
132968,1965.33,"1 965.33 DH","HP 26A Cartouche de tonerOriginal Noir",hp-26a-cartouche-de-toner-original-noir,Technoplace,has_dot
113993,1966.8,"1 966.80 DH","Lexmark CS310dn Couleur 2400 x 600 DPI A4",lexmark-cs310dn-couleur-2400-x-600-dpi-a4,Technoplace,has_dot
136682,1972.3,"1 972.30 DH","Epson WorkForce AL-M320DN",epson-work-force-al-m320dn,Micromad,has_dot
130769,1975.2,"1 975.20 DH","Lexmark 52D5000 Cartouche de tonerOriginal Noir",lexmark-52d5000-cartouche-de-toner-original-noir,"NGT Maroc",has_dot
122907,1980.31,"1 980.31 DH","Logitech G Pro X Superlight Wireless Gaming",logitech-g-pro-x-superlight-wireless-gaming,Dix.ma,has_dot
124409,1980.31,"1 980.31 DH","Logitech G Pro X Lightspeed wireless gaming",logitech-g-pro-x-lightspeed-wireless-gaming,Dix.ma,has_dot
123182,1981.2,"1 981.20 DH","Ecran HP 27"" Full HD P27v G4 (9TT20AS)",ecran-hp-27-full-hd-p27v-g4-9tt20as,Technoplace,has_dot
137901,1981.2,"1 981.20 DH","Ecran HP 21,5"" Full HD P22v G4 (9TT53AS)",ecran-hp-21-5-full-hd-p22v-g4-9tt53as,Technoplace,has_dot
130685,1982.5,"1 982.50 DH","HP 83X toner LaserJet noir authentique grande capacité",hp-83x-toner-laser-jet-noir-authentique-grande-capacite,"Ink Solutions Maroc",has_dot
130543,1987.2,"1 987.20 DH","HP 761 cartouche d'encre DesignJet noir mat, 400 ml",hp-761-cartouche-d-encre-design-jet-noir-mat-400-ml,"NGT Maroc",has_dot
136891,1991.66,"1 991.66 DH","Epson EcoTank L3150 Jet d'encre A4 5760 x 1440 DPI 10,5 ppm Wifi (C11CG86407)",epson-eco-tank-l3150-jet-d-encre-a4-5760-x-1440-dpi-10-5-ppm-wifi-c11cg86407,"Bestmark Maroc",has_dot
131000,1993.2,"1 993.20 DH","HP Toner noire LaserJet 207X authentique grande capacité (W2210X)",hp-toner-noire-laser-jet-207x-authentique-grande-capacite-w2210x,Technoplace,has_dot
122688,1994.66,"1 994.66 DH","Samsung Galaxy A04s 4Go 128Go Noir",samsung-galaxy-a04s-4go-128go-noir,Technoplace,has_dot
130802,1995.6,"1 995.60 DH","HP 651A toner LaserJet noir authentique",hp-651a-toner-laser-jet-noir-authentique,"NGT Maroc",has_dot
130776,1996.8,"1 996.80 DH","Lexmark 70C8XK0 Cartouche de tonerOriginal Noir",lexmark-70c8xk0-cartouche-de-toner-original-noir,"NGT Maroc",has_dot
138297,2005.7,"2 005.70 DH","DELL E Series E2417H LED display 23.8"" Full HD Noir",dell-e-series-e2417h-led-display-23-8-full-hd-noir,Technoplace,has_dot
128272,2018.4,"2 018.40 DH","Lexmark X340, X342 Cartouche de tonerOriginal Noir",lexmark-x340-x342-cartouche-de-toner-original-noir,"NGT Maroc",has_dot
130423,2019.6,"2 019.60 DH","Toner Original Lexmark 505H MS310,MS410,MS510 (5K) - 50F5H00",toner-original-lexmark-505h-ms310-ms410-ms510-5k-50f5h00,"NGT Maroc",has_dot
130513,2019.6,"2 019.60 DH","Lexmark 70C8XY0 Cartouche de tonerOriginal Jaune",lexmark-70c8xy0-cartouche-de-toner-original-jaune,"NGT Maroc",has_dot
130515,2019.6,"2 019.60 DH","Lexmark 70C8XM0 Cartouche de tonerOriginal Magenta",lexmark-70c8xm0-cartouche-de-toner-original-magenta,"NGT Maroc",has_dot
130517,2019.6,"2 019.60 DH","Lexmark 70C8XC0 Cartouche de tonerOriginal Cyan",lexmark-70c8xc0-cartouche-de-toner-original-cyan,"NGT Maroc",has_dot
114859,2019.98,"2 019.98 DH","Samsung LC24F390FHMXZN écran plat de PC 24"" Full HD Noir",samsung-lc24f390fhmxzn-ecran-plat-de-pc-24-full-hd-noir,"NGT Maroc",has_dot
111744,2028.67,"2 028.67 DH","Canon C-EXV 36 Original Noir",canon-c-exv-36-original-noir,Technoplace,has_dot
128211,2030.4,"2 030.40 DH","Lexmark 80C0H20 Cartouche de tonerOriginal Cyan",lexmark-80c0h20-cartouche-de-toner-original-cyan,"NGT Maroc",has_dot
128218,2030.4,"2 030.40 DH","Lexmark 80C0H30 Cartouche de tonerOriginal Magenta",lexmark-80c0h30-cartouche-de-toner-original-magenta,"NGT Maroc",has_dot
128222,2030.4,"2 030.40 DH","Lexmark 80C0H40 Cartouche de tonerOriginal Jaune",lexmark-80c0h40-cartouche-de-toner-original-jaune,"NGT Maroc",has_dot
131253,2030.4,"2 030.40 DH","Lexmark E450 Cartouche de tonerOriginal Noir",lexmark-e450-cartouche-de-toner-original-noir,"NGT Maroc",has_dot
129843,2031.6,"2 031.60 DH","HP 727 cartouche d'encre DesignJet cyan, 300 ml",hp-727-cartouche-d-encre-design-jet-cyan-300-ml,"NGT Maroc",has_dot
129847,2031.6,"2 031.60 DH","HP 727 cartouche d'encre DesignJet grise, 300 ml",hp-727-cartouche-d-encre-design-jet-grise-300-ml,"NGT Maroc",has_dot
129851,2031.6,"2 031.60 DH","HP 727 cartouche d'encre DesignJet magenta, 300 ml",hp-727-cartouche-d-encre-design-jet-magenta-300-ml,"NGT Maroc",has_dot
129855,2031.6,"2 031.60 DH","HP 727 cartouche d'encre DesignJet jaune, 300 ml",hp-727-cartouche-d-encre-design-jet-jaune-300-ml,"NGT Maroc",has_dot
129858,2031.6,"2 031.60 DH","HP 727 cartouche d'encre DesignJet noire photo, 300 ml",hp-727-cartouche-d-encre-design-jet-noire-photo-300-ml,"NGT Maroc",has_dot
134727,2038.15,"2 038.15 DH","Western Digital Purple 3.5"" 6 To Série ATA III",western-digital-purple-3-5-6-to-serie-ata-iii,Technoplace,has_dot
122452,2048.4,"2 048.40 DH","Samsung Galaxy A14 Silver - 128 Go (Dual Sim)",samsung-galaxy-a14-silver-128-go-dual-sim,Technoplace,has_dot
122584,2048.4,"2 048.40 DH","Samsung Galaxy A14 4G Noir Dual SIM | 128 GB (SM-A145FZKGMWD)",samsung-galaxy-a14-4g-noir-dual-sim-128-gb-sm-a145fzkgmwd,Technoplace,has_dot
145004,2048.4,"2 048.40 DH","Samsung Galaxy A14 - 4Go | 128Go",samsung-galaxy-a14-4go-128go,Technoplace,has_dot
132063,2052.59,"2 052.59 DH","HP 59A Toner noir LaserJet authentique (CF259A)",hp-59a-toner-noir-laser-jet-authentique-cf259a,Technoplace,has_dot
137125,2054.51,"2 054.51 DH","Epson EcoTank M1100 imprimante jets d'encres 1440 x 720 DPI A4 (C11CG95404)",epson-eco-tank-m1100-imprimante-jets-d-encres-1440-x-720-dpi-a4-c11cg95404,Technoplace,has_dot
143016,2062.8,"2 062.80 DH","TP-Link EAP650 point d'accès réseaux locaux sans fil 2976 Mbit/s Blanc Connexion Ethernet, supportant l'alimentation via ce port (PoE) (EAP650)",tp-link-eap650-point-d-acces-reseaux-locaux-sans-fil-2976-mbit-s-blanc-connexion-ethernet-supportant-l-alimentation-via-ce-port-po-e-eap650,"Iris.ma Maroc",has_dot
124233,2065.2,"2 065.20 DH","Samsung Galaxy Buds2 Pro Casque True Wireless Stereo (TWS) Ecouteurs Appels/Musique Bluetooth Blanc",samsung-galaxy-buds2-pro-casque-true-wireless-stereo-tws-ecouteurs-appels-musique-bluetooth-blanc,Technoplace,has_dot
124244,2065.2,"2 065.20 DH","Samsung Galaxy Buds2 Pro Casque True Wireless Stereo (TWS) Ecouteurs Appels/Musique Bluetooth Violet",samsung-galaxy-buds2-pro-casque-true-wireless-stereo-tws-ecouteurs-appels-musique-bluetooth-violet,Technoplace,has_dot
136919,2065.33,"2 065.33 DH","Imprimante Multifonction Jet d'encre 3 en 1 à réservoir intégré HP Ink Tank 415 / Wifi",imprimante-multifonction-jet-d-encre-3-en-1-a-reservoir-integre-hp-ink-tank-415-wifi,Technoplace,has_dot
137827,2066.4,"2 066.40 DH","HP N246v LED display 23.8"" Full HD Noir",hp-n246v-led-display-23-8-full-hd-noir,Technoplace,has_dot
124238,2066.66,"2 066.66 DH","Samsung Galaxy Buds2 Pro Casque True Wireless Stereo (TWS) Ecouteurs Appels/Musique Bluetooth Graphite",samsung-galaxy-buds2-pro-casque-true-wireless-stereo-tws-ecouteurs-appels-musique-bluetooth-graphite,Technoplace,has_dot
130050,2084.4,"2 084.40 DH","HP 726 cartouche d'encre DesignJet noir mat, 300 ml",hp-726-cartouche-d-encre-design-jet-noir-mat-300-ml,"NGT Maroc",has_dot
136786,2091.6,"2 091.60 DH","Epson EcoTank L3110 Jet d'encre A4 5760 x 1440 DPI 33 ppm",epson-eco-tank-l3110-jet-d-encre-a4-5760-x-1440-dpi-33-ppm,Technoplace,has_dot
111895,2098.8,"2 098.80 DH","HP 120A Original",hp-120a-original,Technoplace,has_dot
131003,2098.8,"2 098.80 DH","HP Toner cyan LaserJet 207X authentique grande capacité (W2211X)",hp-toner-cyan-laser-jet-207x-authentique-grande-capacite-w2211x,Technoplace,has_dot
131246,2108.4,"2 108.40 DH","Lexmark X850H21G Cartouche de tonerOriginal Noir",lexmark-x850h21g-cartouche-de-toner-original-noir,"NGT Maroc",has_dot
125238,2109.34,"2 109.34 DH","HyperX QuadCast S Noir",hyper-x-quad-cast-s-noir,Technoplace,has_dot
128192,2109.6,"2 109.60 DH","Lexmark C540H2KG Cartouche de tonerOriginal Noir",lexmark-c540h2kg-cartouche-de-toner-original-noir,"NGT Maroc",has_dot
130866,2109.6,"2 109.60 DH","Lexmark C546U1KG Cartouche de tonerOriginal Noir",lexmark-c546u1kg-cartouche-de-toner-original-noir,"NGT Maroc",has_dot
131207,2110.8,"2 110.80 DH","HP 761 cartouche d'encre DesignJet gris foncé, 400 ml",hp-761-cartouche-d-encre-design-jet-gris-fonce-400-ml,"NGT Maroc",has_dot
131211,2110.8,"2 110.80 DH","HP 761 cartouche d'encre DesignJet grise, 400 ml",hp-761-cartouche-d-encre-design-jet-grise-400-ml,"NGT Maroc",has_dot
131215,2110.8,"2 110.80 DH","HP 761 cartouche d'encre DesignJet cyan, 400 ml",hp-761-cartouche-d-encre-design-jet-cyan-400-ml,"NGT Maroc",has_dot
131219,2110.8,"2 110.80 DH","HP 761 cartouche d'encre DesignJet magenta, 400 ml",hp-761-cartouche-d-encre-design-jet-magenta-400-ml,"NGT Maroc",has_dot
131222,2110.8,"2 110.80 DH","HP 761 cartouche d'encre DesignJet jaune, 400 ml",hp-761-cartouche-d-encre-design-jet-jaune-400-ml,"NGT Maroc",has_dot
131188,2112.48,"2 112.48 DH","Lexmark X950X2KG Cartouche de tonerOriginal Noir (X950X2KG)",lexmark-x950x2kg-cartouche-de-toner-original-noir-x950x2kg,"NGT Maroc",has_dot
112331,2115.33,"2 115.33 DH","Samsung CLT-M609S Cartouche de toner Original Magenta",samsung-clt-m609s-cartouche-de-toner-original-magenta,Technoplace,has_dot
123070,2115.33,"2 115.33 DH","Samsung CLT-M409S Cartouche de toner Original Magenta",samsung-clt-m409s-cartouche-de-toner-original-magenta,Technoplace,has_dot
131777,2115.33,"2 115.33 DH","Samsung CLT-Y609S Cartouche de toner Original Jaune",samsung-clt-y609s-cartouche-de-toner-original-jaune,Technoplace,has_dot
132039,2115.33,"2 115.33 DH","Samsung CLT-C609S Cartouche de toner Original Cyan",samsung-clt-c609s-cartouche-de-toner-original-cyan,Technoplace,has_dot
112371,2115.34,"2 115.34 DH","Samsung Toner Noir MLT-D203L",samsung-toner-noir-mlt-d203l,Technoplace,has_dot
131982,2117.33,"2 117.33 DH","HP 304A toner LaserJet noir authentique",hp-304a-toner-laser-jet-noir-authentique,Technoplace,has_dot
114686,2120.4,"2 120.40 DH","Ecran gaming incurvé Samsung 24"" Full HD / 144Hz",ecran-gaming-incurve-samsung-24-full-hd-144hz,Technoplace,has_dot
130390,2125.33,"2 125.33 DH","HP Cartouche 312A toner Magenta LaserJet",hp-cartouche-312a-toner-magenta-laser-jet,Technoplace,has_dot
132539,2127.6,"2 127.60 DH","HP 42A toner LaserJet noir authentique",hp-42a-toner-laser-jet-noir-authentique,"NGT Maroc",has_dot
114195,2130.67,"2 130.67 DH","Epson TM-T20III (012): Ethernet, PS, Blk, EU",epson-tm-t20iii-012-ethernet-ps-blk-eu,Technoplace,has_dot
136003,2130.67,"2 130.67 DH","Epson EcoTank L121 Imprimante à réservoirs rechargeables (C11CD76413)",epson-eco-tank-l121-imprimante-a-reservoirs-rechargeables-c11cd76413,Technoplace,has_dot
128663,2132.4,"2 132.40 DH","Lexmark 80C0X30 Cartouche de tonerOriginal Magenta",lexmark-80c0x30-cartouche-de-toner-original-magenta,"NGT Maroc",has_dot
128665,2132.4,"2 132.40 DH","Lexmark 80C0X20 Cartouche de tonerOriginal Cyan",lexmark-80c0x20-cartouche-de-toner-original-cyan,"NGT Maroc",has_dot
129958,2138.4,"2 138.40 DH","HP 727 cartouche d'encre DesignJet noire mate, 300 ml (C1Q12A)",hp-727-cartouche-d-encre-design-jet-noire-mate-300-ml-c1q12a,"NGT Maroc",has_dot
131001,2138.5,"2 138.50 DH","HP Toner noire LaserJet 207X authentique grande capacité (W2210X)",hp-toner-noire-laser-jet-207x-authentique-grande-capacite-w2210x,"Ink Solutions Maroc",has_dot
134004,2142.67,"2 142.67 DH","Hewlett Packard Enterprise P18422-B21 disque SSD 2.5&quot; 480 Go Série ATA III MLC",hewlett-packard-enterprise-p18422-b21-disque-ssd-2-5-quot-480-go-serie-ata-iii-mlc,Technoplace,has_dot
129714,2148.74,"2 148.74 DH","HP 981X cartouche PageWide Noir grande capacité authentique",hp-981x-cartouche-page-wide-noir-grande-capacite-authentique,Technoplace,has_dot
125033,2165.9,"2 165.90 DH","Jabra Evolve 65 MS Stereo Casque Avec fil &sans fil Arceau Bureau/Centre d'appels Micro-USB Bluetooth Noir (6599-823-309)",jabra-evolve-65-ms-stereo-casque-avec-fil-sans-fil-arceau-bureau-centre-d-appels-micro-usb-bluetooth-noir-6599-823-309,Micromad,has_dot
131356,2166.11,"2 166.11 DH","HP 70 cartouche d'encre DesignJet magenta, 130 ml",hp-70-cartouche-d-encre-design-jet-magenta-130-ml,Technoplace,has_dot
131552,2171.02,"2 171.02 DH","HP 971XL cartouche d'encre jaune grande capacité authentique",hp-971xl-cartouche-d-encre-jaune-grande-capacite-authentique,Technoplace,has_dot
132090,2171.02,"2 171.02 DH","HP 971XL cartouche d'encre cyan grande capacité authentique",hp-971xl-cartouche-d-encre-cyan-grande-capacite-authentique,Technoplace,has_dot
125385,2173.33,"2 173.33 DH","Écran intelligent 27"" Samsung M5 avec télécommande (LS27CM500EMXZN)",ecran-intelligent-27-samsung-m5-avec-telecommande-ls27cm500emxzn,Technoplace,has_dot
112053,2176.8,"2 176.80 DH","Lexmark X860H21G Cartouche de toner Original Noir",lexmark-x860h21g-cartouche-de-toner-original-noir,"NGT Maroc",has_dot
128139,2176.8,"2 176.80 DH","Lexmark Toner Cartridge for E33/E34 series Cartouche de toner Original Noir",lexmark-toner-cartridge-for-e33-e34-series-cartouche-de-toner-original-noir,"NGT Maroc",has_dot
125326,2184.64,"2 184.64 DH","Téléviseur ITEL TV 32″ SMART LED HD 60Hz (G322)",televiseur-itel-tv-32-smart-led-hd-60hz-g322,Technoplace,has_dot
137186,2186.66,"2 186.66 DH","HP Laser 107a, Noir et blanc, Imprimante pour Petites/moyennes entreprises, Imprimer (4ZB77A#B19)",hp-laser-107a-noir-et-blanc-imprimante-pour-petites-moyennes-entreprises-imprimer-4zb77a-b19,Technoplace,has_dot
138232,2187.34,"2 187.34 DH","DELL E Series E1920H LED display 47 cm (18.5"") 1366 x 768 pixels HD LCD Noir",dell-e-series-e1920h-led-display-47-cm-18-5-1366-x-768-pixels-hd-lcd-noir,Technoplace,has_dot
141781,2187.34,"2 187.34 DH","TP-Link Archer AX73 routeur sans fil Gigabit Ethernet Bi-bande (2,4 GHz / 5 GHz) Noir (ARCHER AX73)",tp-link-archer-ax73-routeur-sans-fil-gigabit-ethernet-bi-bande-2-4-g-hz-5-g-hz-noir-archer-ax73,Technoplace,has_dot
111868,2187.6,"2 187.60 DH","Lexmark Cartouche LRP Cyan C544, X544 4000 pages (C544X1CG)",lexmark-cartouche-lrp-cyan-c544-x544-4000-pages-c544x1cg,"NGT Maroc",has_dot
112138,2187.6,"2 187.60 DH","Lexmark C544X1MG Cartouche de toner Original Magenta (C544X1MG)",lexmark-c544x1mg-cartouche-de-toner-original-magenta-c544x1mg,"NGT Maroc",has_dot
112141,2187.6,"2 187.60 DH","Lexmark C544, X544 Yellow Extra High Yield Return Programme Toner Cartridge (4K) Cartouche de toner Original Jaune (C544X1YG)",lexmark-c544-x544-yellow-extra-high-yield-return-programme-toner-cartridge-4k-cartouche-de-toner-original-jaune-c544x1yg,"NGT Maroc",has_dot
113778,2187.6,"2 187.60 DH","Imprimante multifonction à réservoirs rechargeables Canon PIXMA G3420 (4467C009AA)",imprimante-multifonction-a-reservoirs-rechargeables-canon-pixma-g3420-4467c009aa,Technoplace,has_dot
130089,2187.6,"2 187.60 DH","Lexmark C5220YS Cartouche de tonerOriginal Jaune",lexmark-c5220ys-cartouche-de-toner-original-jaune,"NGT Maroc",has_dot
130851,2187.6,"2 187.60 DH","Lexmark C925H2KG Cartouche de tonerOriginal Noir",lexmark-c925h2kg-cartouche-de-toner-original-noir,"NGT Maroc",has_dot
131330,2187.6,"2 187.60 DH","Lexmark C5220CS Cartouche de tonerOriginal Cyan",lexmark-c5220cs-cartouche-de-toner-original-cyan,"NGT Maroc",has_dot
131342,2187.6,"2 187.60 DH","Lexmark C5220MS Cartouche de tonerOriginal Magenta",lexmark-c5220ms-cartouche-de-toner-original-magenta,"NGT Maroc",has_dot
113766,2202.26,"2 202.26 DH","Imprimante multifonctions à réservoirs rechargeables HP Smart Tank 519 (3YW73A)",imprimante-multifonctions-a-reservoirs-rechargeables-hp-smart-tank-519-3yw73a,Technoplace,has_dot
130810,2203.5,"2 203.50 DH","HP 131X Cartouche de tonerOriginal Noir (CF210X)",hp-131x-cartouche-de-toner-original-noir-cf210x,"Ink Solutions Maroc",has_dot
132167,2204.4,"2 204.40 DH","HP 203X cartouche de toner LaserJet grande capacité noir authentique (CF541X)",hp-203x-cartouche-de-toner-laser-jet-grande-capacite-noir-authentique-cf541x,Technoplace,has_dot
132466,2204.4,"2 204.40 DH","HP Cartouche de toner grande capacité magenta authentique 203X pour LaserJet",hp-cartouche-de-toner-grande-capacite-magenta-authentique-203x-pour-laser-jet,Technoplace,has_dot
132604,2208.35,"2 208.35 DH","HP 49A toner LaserJet noir authentique",hp-49a-toner-laser-jet-noir-authentique,Technoplace,has_dot
112332,2210.4,"2 210.40 DH","Samsung CLT-M609S Cartouche de toner Original Magenta",samsung-clt-m609s-cartouche-de-toner-original-magenta,"NGT Maroc",has_dot
132040,2210.4,"2 210.40 DH","Samsung CLT-C609S Cartouche de toner Original Cyan",samsung-clt-c609s-cartouche-de-toner-original-cyan,"NGT Maroc",has_dot
132052,2216.27,"2 216.27 DH","HP Cartouche de toner 30X LaserJet noir grande capacité originale",hp-cartouche-de-toner-30x-laser-jet-noir-grande-capacite-originale,Technoplace,has_dot
135371,2218.8,"2 218.80 DH","TP-LINK TL-SG2210P commutateur réseau Géré L2/L4 Gigabit Ethernet (10/100/1000) Connexion Ethernet, supportant l'alimentation via ce port (PoE) Noir (TL-SG2210P)",tp-link-tl-sg2210p-commutateur-reseau-gere-l2-l4-gigabit-ethernet-10-100-1000-connexion-ethernet-supportant-l-alimentation-via-ce-port-po-e-noir-tl-sg2210p,"Iris.ma Maroc",has_dot
112135,2221.2,"2 221.20 DH","Lexmark C544X1KG Cartouche de toner Original Noir (C544X1KG)",lexmark-c544x1kg-cartouche-de-toner-original-noir-c544x1kg,"NGT Maroc",has_dot
114864,2227.2,"2 227.20 DH","Ecran HP Elite Display E202 20"" LED IPS (M1F41AS)",ecran-hp-elite-display-e202-20-led-ips-m1f41as,Technoplace,has_dot
130892,2233.2,"2 233.20 DH","Lexmark C734A1KG Cartouche de tonerOriginal Noir",lexmark-c734a1kg-cartouche-de-toner-original-noir,"NGT Maroc",has_dot
138216,2249.15,"2 249.15 DH","Lenovo C22-20 21.5"" Full HD Noir (62A7KAT1EU)",lenovo-c22-20-21-5-full-hd-noir-62a7kat1eu,Technoplace,has_dot
132782,2250.59,"2 250.59 DH","HP 80A toner LaserJet noir authentique",hp-80a-toner-laser-jet-noir-authentique,Technoplace,has_dot
113781,2250.6,"2 250.60 DH","Imprimante multifonction à réservoirs rechargeables Canon PIXMA G3420 (4467C009AA)",imprimante-multifonction-a-reservoirs-rechargeables-canon-pixma-g3420-4467c009aa,Micromad,has_dot
113664,2253.34,"2 253.34 DH","HP Smart Tank Imprimante Tout-en-un 580, Home and home office, Print, copy, scan, Wireless; High-volume printer tank; Print from phone or tablet; Scan to PDF",hp-smart-tank-imprimante-tout-en-un-580-home-and-home-office-print-copy-scan-wireless-high-volume-printer-tank-print-from-phone-or-tablet-scan-to-pdf,Technoplace,has_dot
130994,2254.2,"2 254.20 DH","HP Toner magenta LaserJet 207X authentique grande capacité (W2213X)",hp-toner-magenta-laser-jet-207x-authentique-grande-capacite-w2213x,"Ink Solutions Maroc",has_dot
130997,2254.2,"2 254.20 DH","HP Toner jaune LaserJet 207X authentique grande capacité (W2212X)",hp-toner-jaune-laser-jet-207x-authentique-grande-capacite-w2212x,"Ink Solutions Maroc",has_dot
131004,2254.2,"2 254.20 DH","HP Toner cyan LaserJet 207X authentique grande capacité (W2211X)",hp-toner-cyan-laser-jet-207x-authentique-grande-capacite-w2211x,"Ink Solutions Maroc",has_dot
132168,2254.2,"2 254.20 DH","HP 203X cartouche de toner LaserJet grande capacité noir authentique (CF541X)",hp-203x-cartouche-de-toner-laser-jet-grande-capacite-noir-authentique-cf541x,"Ink Solutions Maroc",has_dot
132497,2254.2,"2 254.20 DH","HP LaserJet Cartouche de toner grande capacité jaune authentique 203X pour (CF542X)",hp-laser-jet-cartouche-de-toner-grande-capacite-jaune-authentique-203x-pour-cf542x,"Ink Solutions Maroc",has_dot
111648,2254.8,"2 254.80 DH","Lexmark C500H2CG Cartouche de toner Original Cyan",lexmark-c500h2cg-cartouche-de-toner-original-cyan,"NGT Maroc",has_dot
128695,2254.8,"2 254.80 DH","Lexmark C500H2YG Cartouche de tonerOriginal Jaune",lexmark-c500h2yg-cartouche-de-toner-original-jaune,"NGT Maroc",has_dot
129370,2254.8,"2 254.80 DH","Lexmark C500H2MG Cartouche de tonerOriginal Magenta",lexmark-c500h2mg-cartouche-de-toner-original-magenta,"NGT Maroc",has_dot
111748,2255.33,"2 255.33 DH","Canon C-EXV 51Original Noir",canon-c-exv-51original-noir,Technoplace,has_dot
137291,2255.33,"2 255.33 DH","Écran 23,8"" Full HD HP P24 G5 (64X66AS)",ecran-23-8-full-hd-hp-p24-g5-64x66as,Technoplace,has_dot
134398,2266.8,"2 266.80 DH","Hewlett Packard Enterprise P04556-B21 disque SSD 2.5"" 240 Go Série ATA III MLC",hewlett-packard-enterprise-p04556-b21-disque-ssd-2-5-240-go-serie-ata-iii-mlc,Technoplace,has_dot
128228,2277.6,"2 277.60 DH","Lexmark E250, E35x Cartouche de tonerOriginal Noir",lexmark-e250-e35x-cartouche-de-toner-original-noir,"NGT Maroc",has_dot
143086,2278.4,"2 278.40 DH","Aruba Instant On AP12 1300 Mbit/s Blanc Connexion Ethernet, supportant l'alimentation via ce port (PoE)",aruba-instant-on-ap12-1300-mbit-s-blanc-connexion-ethernet-supportant-l-alimentation-via-ce-port-po-e,Technoplace,has_dot
138163,2286.9,"2 286.90 DH","Lenovo ThinkVision S24e-20 23.8"" Full HD Noir (62AEKAT2EU)",lenovo-think-vision-s24e-20-23-8-full-hd-noir-62aekat2eu,Micromad,has_dot
130007,2287.2,"2 287.20 DH","HP 771 tête d’impression Jet d'encre",hp-771-tete-d-impression-jet-d-encre,"NGT Maroc",has_dot
133568,2288.4,"2 288.40 DH","Lexmark C5202MS Cartouche de tonerOriginal Magenta",lexmark-c5202ms-cartouche-de-toner-original-magenta,"NGT Maroc",has_dot
133576,2288.4,"2 288.40 DH","Lexmark C5202CS Cartouche de tonerOriginal Cyan",lexmark-c5202cs-cartouche-de-toner-original-cyan,"NGT Maroc",has_dot
133590,2288.4,"2 288.40 DH","Lexmark C5202YS Cartouche de tonerOriginal Jaune",lexmark-c5202ys-cartouche-de-toner-original-jaune,"NGT Maroc",has_dot
122316,2289.34,"2 289.34 DH","Samsung Galaxy Watch 4 40 MM - Rose Gold (",samsung-galaxy-watch-4-40-mm-rose-gold,Technoplace,has_dot
136185,2289.34,"2 289.34 DH","HP OfficeJet Pro Imprimante tout-en-un 8023, Impression, copie, scan, fax, Chargeur automatique de documents de 35 feuilles; Numérisation vers e-mail; Impression recto-verso (1KR64B)",hp-office-jet-pro-imprimante-tout-en-un-8023-impression-copie-scan-fax-chargeur-automatique-de-documents-de-35-feuilles-numerisation-vers-e-mail-impression-recto-verso-1kr64b,Technoplace,has_dot
117305,2293.33,"2 293.33 DH","Serveur Synology DS124 Mini-Hub (DS124)",serveur-synology-ds124-mini-hub-ds124,Technoplace,has_dot
131271,2300.4,"2 300.40 DH","Lexmark C780A1KG Cartouche de tonerOriginal Noir",lexmark-c780a1kg-cartouche-de-toner-original-noir,"NGT Maroc",has_dot
131298,2300.4,"2 300.40 DH","Lexmark 15G041K Cartouche de tonerOriginal Noir",lexmark-15g041k-cartouche-de-toner-original-noir,"NGT Maroc",has_dot
133625,2300.4,"2 300.40 DH","Lexmark Black Return Program Print Cartridge for C770/C772 Cartouche de toner Original Noir",lexmark-black-return-program-print-cartridge-for-c770-c772-cartouche-de-toner-original-noir,"NGT Maroc",has_dot
131119,2306.2,"2 306.20 DH","HP 15X Cartouche de tonerOriginal Noir (C7115X)",hp-15x-cartouche-de-toner-original-noir-c7115x,"Ink Solutions Maroc",has_dot
126277,2306.66,"2 306.66 DH","HP 8GB DDR4 2666MHz Barrette Mémoire 8 Go 1 x 8 Go ECC (1XD84AA)",hp-8gb-ddr4-2666m-hz-barrette-memoire-8-go-1-x-8-go-ecc-1xd84aa,Technoplace,has_dot
134946,2306.67,"2 306.67 DH","TP-Link TL-SG2218P commutateur réseau L2/L2+ Gigabit Ethernet (10/100/1000) Connexion Ethernet, supportant l'alimentation via ce port (PoE) 1U Noir",tp-link-tl-sg2218p-commutateur-reseau-l2-l2-gigabit-ethernet-10-100-1000-connexion-ethernet-supportant-l-alimentation-via-ce-port-po-e-1u-noir,Technoplace,has_dot
128249,2311.2,"2 311.20 DH","Lexmark C540H2MG Cartouche de tonerOriginal Magenta",lexmark-c540h2mg-cartouche-de-toner-original-magenta,"NGT Maroc",has_dot
128255,2311.2,"2 311.20 DH","Lexmark C540H2CG Cartouche de tonerOriginal Cyan",lexmark-c540h2cg-cartouche-de-toner-original-cyan,"NGT Maroc",has_dot
145155,2314.67,"2 314.67 DH","SAMSUNG Smartphone A13Black 6.6"" Octa Core 4Go 128Go (",samsung-smartphone-a13black-6-6-octa-core-4go-128go,Technoplace,has_dot
138302,2314.8,"2 314.80 DH","Lenovo ThinkVision S27i 27"" Full HD LED Noir",lenovo-think-vision-s27i-27-full-hd-led-noir,Technoplace,has_dot
136283,2318.66,"2 318.66 DH","Epson C11CJ67408 imprimante jets d'encres",epson-c11cj67408-imprimante-jets-d-encres,Technoplace,has_dot
132176,2319.2,"2 319.20 DH","HP 201X Cartouche de tonerOriginal Noir (CF400X)",hp-201x-cartouche-de-toner-original-noir-cf400x,"Ink Solutions Maroc",has_dot
113710,2331.6,"2 331.60 DH","HP Laser Imprimante multifonction 135w, Impression, copie, numérisation",hp-laser-imprimante-multifonction-135w-impression-copie-numerisation,Technoplace,has_dot
109546,2333.33,"2 333.33 DH","Synology D4ES02-8G Barrette Mémoire 8 Go 1 x 8 Go DDR4 ECC",synology-d4es02-8g-barrette-memoire-8-go-1-x-8-go-ddr4-ecc,Technoplace,has_dot
114732,2333.33,"2 333.33 DH","Ecran Samsung 27"" T35F FLAT serie 3 Full HD / 75 Hz",ecran-samsung-27-t35f-flat-serie-3-full-hd-75-hz,Technoplace,has_dot
137654,2334.06,"2 334.06 DH","Écran Gaming incurvé 24"" Full HD Samsung (LC24RG50FQMXZN)",ecran-gaming-incurve-24-full-hd-samsung-lc24rg50fqmxzn,Technoplace,has_dot
130976,2336.4,"2 336.40 DH","HP 331A Cartouche de tonerOriginal Noir",hp-331a-cartouche-de-toner-original-noir,Technoplace,has_dot
112110,2356.8,"2 356.80 DH","Lexmark T430 Return Program Print Cartridge Cartouche de toner Original Noir",lexmark-t430-return-program-print-cartridge-cartouche-de-toner-original-noir,"NGT Maroc",has_dot
130946,2360.4,"2 360.40 DH","HP 16A toner LaserJet noir authentique",hp-16a-toner-laser-jet-noir-authentique,"NGT Maroc",has_dot
135165,2361.47,"2 361.47 DH","Hewlett Packard Enterprise Aruba Instant On 1930 Géré L2+ Gigabit Ethernet (10/100/1000) 1U Blanc",hewlett-packard-enterprise-aruba-instant-on-1930-gere-l2-gigabit-ethernet-10-100-1000-1u-blanc,Technoplace,has_dot
137882,2367.6,"2 367.60 DH","HP P22 G4 21.5"" Full HD Noir",hp-p22-g4-21-5-full-hd-noir,Technoplace,has_dot
131974,2371.42,"2 371.42 DH","HP 973X cartouche PageWide Noir grande capacité authentique (L0S07AE)",hp-973x-cartouche-page-wide-noir-grande-capacite-authentique-l0s07ae,Technoplace,has_dot
143798,2373.34,"2 373.34 DH","Objectif Canon RF 50mm F1.8 STM (4515C005AA)",objectif-canon-rf-50mm-f1-8-stm-4515c005aa,Technoplace,has_dot
125724,2373.62,"2 373.62 DH","TV Samsung 32’’ Flat HD - Serie 5 - N5000 (UA32N5000ASXMV)",tv-samsung-32-flat-hd-serie-5-n5000-ua32n5000asxmv,Technoplace,has_dot
114867,2385.6,"2 385.60 DH","Samsung LC27F390FHMXZN écran plat de PC 27"" Full HD Noir",samsung-lc27f390fhmxzn-ecran-plat-de-pc-27-full-hd-noir,Technoplace,has_dot
109533,2386.67,"2 386.67 DH","HP 4GB DDR4-2666 SODIMM",hp-4gb-ddr4-2666-sodimm,Technoplace,has_dot
137385,2386.67,"2 386.67 DH","Lenovo ThinkVision T24i-30 LED display 23.8"" Full HD Noir",lenovo-think-vision-t24i-30-led-display-23-8-full-hd-noir,Technoplace,has_dot
133654,2403.6,"2 403.60 DH","Lexmark Optra E310/E312 Print Cartridge Cartouche de toner Original Noir",lexmark-optra-e310-e312-print-cartridge-cartouche-de-toner-original-noir,"NGT Maroc",has_dot
128746,2409.6,"2 409.60 DH","HP 642A Noir (CB400A) - Toner HP LaserJet d'origine",hp-642a-noir-cb400a-toner-hp-laser-jet-d-origine,"NGT Maroc",has_dot
132640,2420.6,"2 420.60 DH","HP 124A toner LaserJet magenta authentique",hp-124a-toner-laser-jet-magenta-authentique,"Ink Solutions Maroc",has_dot
131765,2428.8,"2 428.80 DH","HP 973X cartouche PageWide Jaune grande capacité authentique (F6T83AE)",hp-973x-cartouche-page-wide-jaune-grande-capacite-authentique-f6t83ae,Technoplace,has_dot
131843,2428.8,"2 428.80 DH","HP 973X cartouche PageWide Cyan grande capacité authentique (F6T81AE)",hp-973x-cartouche-page-wide-cyan-grande-capacite-authentique-f6t81ae,Technoplace,has_dot
132008,2428.8,"2 428.80 DH","HP 973X cartouche PageWide Magenta grande capacité authentique (F6T82AE)",hp-973x-cartouche-page-wide-magenta-grande-capacite-authentique-f6t82ae,Technoplace,has_dot
135869,2432.96,"2 432.96 DH","HP OfficeJet Pro 9010 A jet d'encre thermique A4 4800 x 1200 DPI 22 ppm Wifi (3UK83B)",hp-office-jet-pro-9010-a-jet-d-encre-thermique-a4-4800-x-1200-dpi-22-ppm-wifi-3uk83b,Technoplace,has_dot
123159,2433.34,"2 433.34 DH","Samsung LS24C314EAU écran plat de PC 61 cm (24"") 1920 x 1080 pixels Full HD LED Noir (LS24C314EAUXEN)",samsung-ls24c314eau-ecran-plat-de-pc-61-cm-24-1920-x-1080-pixels-full-hd-led-noir-ls24c314eauxen,Technoplace,has_dot
137476,2433.34,"2 433.34 DH","Samsung S27C390EAU écran plat de PC 68,6 cm (27"") 1920 x 1080 pixels Full HD LED Noir (LS27C390EAUXEN)",samsung-s27c390eau-ecran-plat-de-pc-68-6-cm-27-1920-x-1080-pixels-full-hd-led-noir-ls27c390eauxen,Technoplace,has_dot
130095,2438.4,"2 438.40 DH","HP 91 DesignJet tête d'impression magenta clair et cyan clair",hp-91-design-jet-tete-d-impression-magenta-clair-et-cyan-clair,"NGT Maroc",has_dot
130098,2438.4,"2 438.40 DH","HP 91 DesignJet tête d'impression magenta et jaune",hp-91-design-jet-tete-d-impression-magenta-et-jaune,"NGT Maroc",has_dot
130101,2438.4,"2 438.40 DH","HP 91 tête d'impression DesignJet noir mat et cyan",hp-91-tete-d-impression-design-jet-noir-mat-et-cyan,"NGT Maroc",has_dot
130115,2438.4,"2 438.40 DH","HP 91 DesignJet tête d'impression noire photo et gris clair",hp-91-design-jet-tete-d-impression-noire-photo-et-gris-clair,"NGT Maroc",has_dot
118523,2456.4,"2 456.40 DH","HPE Aruba Instant On AP22 Access Point RW 2x2 Wi-Fi 6 Indoor (R4W02A)",hpe-aruba-instant-on-ap22-access-point-rw-2x2-wi-fi-6-indoor-r4w02a,Technoplace,has_dot
112429,2457.6,"2 457.60 DH","Epson Return Toner Noir Haute Capacité (10 000 p)",epson-return-toner-noir-haute-capacite-10-000-p,"NGT Maroc",has_dot
128434,2458.19,"2 458.19 DH","Epson C13T08G400 cartouche d'encreOriginal Jaune",epson-c13t08g400-cartouche-d-encre-original-jaune,Technoplace,has_dot
128435,2458.19,"2 458.19 DH","Epson C13T08G200 cartouche d'encreOriginal Cyan",epson-c13t08g200-cartouche-d-encre-original-cyan,Technoplace,has_dot
128436,2458.19,"2 458.19 DH","Epson C13T08G300 cartouche d'encreOriginal Magenta",epson-c13t08g300-cartouche-d-encre-original-magenta,Technoplace,has_dot
130939,2458.8,"2 458.80 DH","HP 70A toner LaserJet noir authentique",hp-70a-toner-laser-jet-noir-authentique,"NGT Maroc",has_dot
135203,2466.67,"2 466.67 DH","TP-Link JetStream 24-Port Gigabit L2+ Managed Switch with 4 SFP SlotsPORT: 24× Gigabit RJ45 Ports, 4× Gigabit SFP Slots, RJ45/Micro-USB Console PortSPEC: 1U 19-inch Rack-mountable Steel CaseFEATURE: I",tp-link-jet-stream-24-port-gigabit-l2-managed-switch-with-4-sfp-slots-port-24x-gigabit-rj45-ports-4x-gigabit-sfp-slots-rj45-micro-usb-console-port-spec-1u-19-inch-rack-mountable-steel-case-feature-i-tl-sg3428,Technoplace,has_dot
111526,2479.2,"2 479.20 DH","Lexmark Optra M410, M412 Print Cartridge Cartouche de toner Original Noir",lexmark-optra-m410-m412-print-cartridge-cartouche-de-toner-original-noir,"NGT Maroc",has_dot
128098,2479.2,"2 479.20 DH","Lexmark 70C0X30 Cartouche de tonerOriginal Magenta",lexmark-70c0x30-cartouche-de-toner-original-magenta,"NGT Maroc",has_dot
133357,2479.2,"2 479.20 DH","Lexmark 70C0X20 Cartouche de tonerOriginal Cyan",lexmark-70c0x20-cartouche-de-toner-original-cyan,"NGT Maroc",has_dot
133359,2479.2,"2 479.20 DH","Lexmark 70C0X40 Cartouche de tonerOriginal Jaune",lexmark-70c0x40-cartouche-de-toner-original-jaune,"NGT Maroc",has_dot
112282,2482.8,"2 482.80 DH","Samsung ML-D4550A Toner Noir (10000 pages)",samsung-ml-d4550a-toner-noir-10000-pages,"NGT Maroc",has_dot
129927,2491.2,"2 491.20 DH","HP 773C cartouche d'encre DesignJet rouge chromatique, 775 ml",hp-773c-cartouche-d-encre-design-jet-rouge-chromatique-775-ml,"NGT Maroc",has_dot
129933,2491.2,"2 491.20 DH","HP Cartouche d'encre DesignJet 773C noir mat de 775 ml",hp-cartouche-d-encre-design-jet-773c-noir-mat-de-775-ml,"NGT Maroc",has_dot
129936,2491.2,"2 491.20 DH","HP Cartouche d'encre DesignJet 773C magenta de 775 ml",hp-cartouche-d-encre-design-jet-773c-magenta-de-775-ml,"NGT Maroc",has_dot
129939,2491.2,"2 491.20 DH","HP Cartouche d'encre DesignJet 773C magenta clair de 775 ml",hp-cartouche-d-encre-design-jet-773c-magenta-clair-de-775-ml,"NGT Maroc",has_dot
129942,2491.2,"2 491.20 DH","HP Cartouche d'encre DesignJet 773C jaune de 775 ml",hp-cartouche-d-encre-design-jet-773c-jaune-de-775-ml,"NGT Maroc",has_dot
129945,2491.2,"2 491.20 DH","HP Cartouche d'encre DesignJet 773C gris clair de 775 ml",hp-cartouche-d-encre-design-jet-773c-gris-clair-de-775-ml,"NGT Maroc",has_dot
129948,2491.2,"2 491.20 DH","HP Cartouche d'encre DesignJet 773C noir photo de 775 ml",hp-cartouche-d-encre-design-jet-773c-noir-photo-de-775-ml,"NGT Maroc",has_dot
129950,2491.2,"2 491.20 DH","HP Cartouche d'encre DesignJet 773C cyan de 775 ml",hp-cartouche-d-encre-design-jet-773c-cyan-de-775-ml,"NGT Maroc",has_dot
113645,2494.8,"2 494.80 DH","Lexmark CS410dn Couleur 1200 x 1200 DPI A4",lexmark-cs410dn-couleur-1200-x-1200-dpi-a4,Technoplace,has_dot
131948,2504.4,"2 504.40 DH","Samsung MLT-D203E Cartouche de tonerOriginal Noir",samsung-mlt-d203e-cartouche-de-toner-original-noir,"NGT Maroc",has_dot
111711,2504.66,"2 504.66 DH","Canon C-EXV 51L Original Cyan",canon-c-exv-51l-original-cyan,Technoplace,has_dot
111725,2504.66,"2 504.66 DH","Canon C-EXV51 Original Jaune",canon-c-exv51-original-jaune,Technoplace,has_dot
111737,2504.66,"2 504.66 DH","Canon C-EXV51 Original Magenta",canon-c-exv51-original-magenta,Technoplace,has_dot
142242,2506.8,"2 506.80 DH","QNAP TS-228A serveur de stockage NAS Mini Tower Ethernet/LAN Blanc RTD1295",qnap-ts-228a-serveur-de-stockage-nas-mini-tower-ethernet-lan-blanc-rtd1295,Technoplace,has_dot
130714,2509.2,"2 509.20 DH","HP 652A toner noir LaserJet authentique",hp-652a-toner-noir-laser-jet-authentique,"NGT Maroc",has_dot
129527,2511.95,"2 511.95 DH","Pack de 2 Toners Original LaserJet HP 83A Noir (CF283AF)",pack-de-2-toners-original-laser-jet-hp-83a-noir-cf283af,Technoplace,has_dot
113042,2518.8,"2 518.80 DH","ADATA HD330 disque dur externe 4 To Noir",adata-hd330-disque-dur-externe-4-to-noir,"NGT Maroc",has_dot
112077,2524.8,"2 524.80 DH","Lexmark T650A11E Cartouche de toner Original Noir",lexmark-t650a11e-cartouche-de-toner-original-noir,"NGT Maroc",has_dot
128202,2524.8,"2 524.80 DH","Lexmark 50F0HA0 Cartouche de tonerOriginal Noir",lexmark-50f0ha0-cartouche-de-toner-original-noir,"NGT Maroc",has_dot
131280,2524.8,"2 524.80 DH","Lexmark X651A11E Cartouche de tonerOriginal Noir",lexmark-x651a11e-cartouche-de-toner-original-noir,"NGT Maroc",has_dot
133367,2524.8,"2 524.80 DH","Lexmark 70C0X10 Cartouche de tonerOriginal Noir",lexmark-70c0x10-cartouche-de-toner-original-noir,"NGT Maroc",has_dot
131378,2533.2,"2 533.20 DH","HP 643A Cartouche de tonerOriginal Noir (Q5950A)",hp-643a-cartouche-de-toner-original-noir-q5950a,"NGT Maroc",has_dot
135990,2533.2,"2 533.20 DH","Imprimante à réservoirs rechargeables Canon PIXMA G540 (4621C009AA)",imprimante-a-reservoirs-rechargeables-canon-pixma-g540-4621c009aa,Technoplace,has_dot
142136,2533.33,"2 533.33 DH","Synology DiskStation DS223J serveur de stockage NAS Bureau Ethernet/LAN Blanc RTD1619B (DS223J)",synology-disk-station-ds223j-serveur-de-stockage-nas-bureau-ethernet-lan-blanc-rtd1619b-ds223j,Technoplace,has_dot
137895,2534.27,"2 534.27 DH","Ecran HP 23,8"" Full HD P24v G4 (9TT78AS)",ecran-hp-23-8-full-hd-p24v-g4-9tt78as,Technoplace,has_dot
122751,2534.51,"2 534.51 DH","Samsung Galaxy A22 6Go 128Go Blanc",samsung-galaxy-a22-6go-128go-blanc,Technoplace,has_dot
145178,2534.51,"2 534.51 DH","SmartphoneSAMSUNGGalaxy A22 6.4'' 6G 128G BLACK (",smartphone-samsung-galaxy-a22-6-4-6g-128g-black,Technoplace,has_dot
145179,2534.51,"2 534.51 DH","SmartphoneSAMSUNGGalaxy A22  6.4'' 6G 128G VIOLET (",smartphone-samsung-galaxy-a22-6-4-6g-128g-violet,Technoplace,has_dot
129529,2540.2,"2 540.20 DH","Pack de 2 Toners Original LaserJet HP 83A Noir (CF283AF)",pack-de-2-toners-original-laser-jet-hp-83a-noir-cf283af,"Ink Solutions Maroc",has_dot
129739,2541.6,"2 541.60 DH","HP 503A toner LaserJet jaune authentique",hp-503a-toner-laser-jet-jaune-authentique,"NGT Maroc",has_dot
131370,2541.6,"2 541.60 DH","HP 503A toner LaserJet cyan authentique",hp-503a-toner-laser-jet-cyan-authentique,"NGT Maroc",has_dot
129701,2542.8,"2 542.80 DH","HP 981Y cartouche PageWide Jaune extra grande capacité authentique",hp-981y-cartouche-page-wide-jaune-extra-grande-capacite-authentique,"NGT Maroc",has_dot
129705,2542.8,"2 542.80 DH","HP 981Y cartouche PageWide Cyan extra grande capacité authentique",hp-981y-cartouche-page-wide-cyan-extra-grande-capacite-authentique,"NGT Maroc",has_dot
129709,2542.8,"2 542.80 DH","HP 981Y cartouche PageWide Magenta extra grande capacité authentique",hp-981y-cartouche-page-wide-magenta-extra-grande-capacite-authentique,"NGT Maroc",has_dot
111540,2546.4,"2 546.40 DH","Lexmark Black Toner Cartridge for C52x Cartouche de toner Original Noir",lexmark-black-toner-cartridge-for-c52x-cartouche-de-toner-original-noir,"NGT Maroc",has_dot
128195,2558.4,"2 558.40 DH","Lexmark E260A21E Cartouche de tonerOriginal Noir",lexmark-e260a21e-cartouche-de-toner-original-noir,"NGT Maroc",has_dot
144898,2562.67,"2 562.67 DH","Galaxy A15 6.5” 8 Go + 256 Go – Jaune",galaxy-a15-6-5-8-go-256-go-jaune,Technoplace,has_dot
144902,2562.67,"2 562.67 DH","Galaxy A15 6.5” 8 Go + 256 Go – Bleu clair",galaxy-a15-6-5-8-go-256-go-bleu-clair,Technoplace,has_dot
144920,2562.67,"2 562.67 DH","Galaxy A15 6.5” 8 Go + 256 Go – Bleu",galaxy-a15-6-5-8-go-256-go-bleu,Technoplace,has_dot
130678,2566.2,"2 566.20 DH","HP 201X toner LaserJet Cyan grande capacité authentique",hp-201x-toner-laser-jet-cyan-grande-capacite-authentique,"Ink Solutions Maroc",has_dot
130679,2566.2,"2 566.20 DH","HP 201X toner LaserJet Jaune grande capacité authentique",hp-201x-toner-laser-jet-jaune-grande-capacite-authentique,"Ink Solutions Maroc",has_dot
129401,2569.2,"2 569.20 DH","Lexmark 0C500H2KG Cartouche de tonerOriginal Noir",lexmark-0c500h2kg-cartouche-de-toner-original-noir,"NGT Maroc",has_dot
130243,2569.2,"2 569.20 DH","HP 90 cartouche d'encre magenta 400 ml",hp-90-cartouche-d-encre-magenta-400-ml,"NGT Maroc",has_dot
130248,2569.2,"2 569.20 DH","HP DesignJet 90 cartouche d'encre jaune, 400 ml",hp-design-jet-90-cartouche-d-encre-jaune-400-ml,"NGT Maroc",has_dot
113546,2576.4,"2 576.40 DH","Imprimante Canon i-SENSYS LBP631Cw laser couleur (5159C004AA)",imprimante-canon-i-sensys-lbp631cw-laser-couleur-5159c004aa,Technoplace,has_dot
110962,2577.12,"2 577.12 DH","Logitech Craft clavier RF sans fil + Bluetooth AZERTY Français Noir, Gris (920-008497)",logitech-craft-clavier-rf-sans-fil-bluetooth-azerty-francais-noir-gris-920-008497,Technoplace,has_dot
131020,2581.33,"2 581.33 DH","HP LaserJet Toner noir 659A authentique",hp-laser-jet-toner-noir-659a-authentique,Technoplace,has_dot
131848,2581.33,"2 581.33 DH","HP 307A toner LaserJet noir authentique",hp-307a-toner-laser-jet-noir-authentique,Technoplace,has_dot
115835,2583.33,"2 583.33 DH","Ordinateur portable HP 15-fd0030nk (886L5EA)",ordinateur-portable-hp-15-fd0030nk-886l5ea,"Bestmark Maroc",has_dot
125439,2600.4,"2 600.40 DH","Téléviseur ITEL G4350 43"" SMART FHD + récepteur intégré (G4350)",televiseur-itel-g4350-43-smart-fhd-recepteur-integre-g4350,Technoplace,has_dot
116665,2600.64,"2 600.64 DH","PC Portable Asus X543 (90NB0IR7-M19070)",pc-portable-asus-x543-90nb0ir7-m19070,Technoplace,has_dot
128241,2602.8,"2 602.80 DH","Lexmark E450A21E Cartouche de tonerOriginal Noir",lexmark-e450a21e-cartouche-de-toner-original-noir,"NGT Maroc",has_dot
112439,2604.35,"2 604.35 DH","HP 57A",hp-57a,Technoplace,has_dot
136935,2607.6,"2 607.60 DH","Epson EcoTank L3060 Jet d'encre A4 5760 x 1440 DPI 33 ppm Wifi (C11CG50402)",epson-eco-tank-l3060-jet-d-encre-a4-5760-x-1440-dpi-33-ppm-wifi-c11cg50402,"NGT Maroc",has_dot
128088,2612.4,"2 612.40 DH","PrintAbout TK-560K Cartouche de toner Compatible Noir",print-about-tk-560k-cartouche-de-toner-compatible-noir,Technoplace,has_dot
131202,2614.8,"2 614.80 DH","Lexmark C792A1KG Cartouche de tonerOriginal Noir",lexmark-c792a1kg-cartouche-de-toner-original-noir,"NGT Maroc",has_dot
131883,2614.91,"2 614.91 DH","HP 305A toner LaserJet cyan authentique",hp-305a-toner-laser-jet-cyan-authentique,Technoplace,has_dot
131891,2614.91,"2 614.91 DH","HP 305A toner LaserJet magenta authentique",hp-305a-toner-laser-jet-magenta-authentique,Technoplace,has_dot
132104,2614.91,"2 614.91 DH","HP 305A toner LaserJet jaune authentique",hp-305a-toner-laser-jet-jaune-authentique,Technoplace,has_dot
130830,2618.2,"2 618.20 DH","HP 305X toner LaserJet noir grande capacité authentique",hp-305x-toner-laser-jet-noir-grande-capacite-authentique,"Ink Solutions Maroc",has_dot
143029,2620.8,"2 620.80 DH","D-Link DBA-1210P point d'accès réseaux locaux sans fil 1200 Mbit/s Blanc Connexion Ethernet, supportant l'alimentation via ce port (PoE) (DBA-1210P)",d-link-dba-1210p-point-d-acces-reseaux-locaux-sans-fil-1200-mbit-s-blanc-connexion-ethernet-supportant-l-alimentation-via-ce-port-po-e-dba-1210p,"NGT Maroc",has_dot
113625,2626.8,"2 626.80 DH","Lexmark MX310dn Laser A4 1200 x 1200 DPI 33 ppm",lexmark-mx310dn-laser-a4-1200-x-1200-dpi-33-ppm,Technoplace,has_dot
113841,2629.33,"2 629.33 DH","Imprimante HP SMART Tank 500 Multifonction 3en1 Couleur (4SR29A)",imprimante-hp-smart-tank-500-multifonction-3en1-couleur-4sr29a,Technoplace,has_dot
114390,2629.33,"2 629.33 DH","Epson LX-350 (C11CC24031)",epson-lx-350-c11cc24031,Technoplace,has_dot
130735,2631.2,"2 631.20 DH","HP 827A toner LaserJet noir authentique",hp-827a-toner-laser-jet-noir-authentique,"Ink Solutions Maroc",has_dot
114663,2653.2,"2 653.20 DH","Lenovo G27c-30 écran plat de PC 27"" Full HD LED Noir",lenovo-g27c-30-ecran-plat-de-pc-27-full-hd-led-noir,Technoplace,has_dot
122321,2653.2,"2 653.20 DH","Samsung Galaxy Watch5 40 mm Rose doré GPS (satellite)",samsung-galaxy-watch5-40-mm-rose-dore-gps-satellite,Technoplace,has_dot
122332,2653.2,"2 653.20 DH","Montre Connectée SAMSUNG Galaxy Watch 5 40 MM - Silver",montre-connectee-samsung-galaxy-watch-5-40-mm-silver,Technoplace,has_dot
122337,2653.2,"2 653.20 DH","Montre Connectée SAMSUNG Galaxy Watch 5 40 MM - Graphite",montre-connectee-samsung-galaxy-watch-5-40-mm-graphite,Technoplace,has_dot
136913,2653.2,"2 653.20 DH","Epson EcoTank L3050 Jet d'encre A4 5760 x 1440 DPI 33 ppm Wifi",epson-eco-tank-l3050-jet-d-encre-a4-5760-x-1440-dpi-33-ppm-wifi,Technoplace,has_dot
140674,2653.2,"2 653.20 DH","PC Portable LENOVO IdeaPad 3 15IGL05 N4020 4Go 256Go SSD - Bleu",pc-portable-lenovo-idea-pad-3-15igl05-n4020-4go-256go-ssd-bleu,Technoplace,has_dot
114206,2653.33,"2 653.33 DH","Epson TM-U220D série noire (avec alim - sans cordon secteur)",epson-tm-u220d-serie-noire-avec-alim-sans-cordon-secteur,Technoplace,has_dot
136052,2653.33,"2 653.33 DH","Imprimante Multifonction Laser Monochrome HP M236dw LaserJet (9YF95A)",imprimante-multifonction-laser-monochrome-hp-m236dw-laser-jet-9yf95a,Technoplace,has_dot
138173,2653.33,"2 653.33 DH","ASUS TUF Gaming VG24VQE 23.6&quot; LED Full HD 1 ms Noir",asus-tuf-gaming-vg24vqe-23-6-quot-led-full-hd-1-ms-noir,Technoplace,has_dot
143602,2653.33,"2 653.33 DH","Lenovo ThinkVision T24v-30 LED display 60,5 cm (23.8"") 1920 x 1080 pixels Full HD Noir",lenovo-think-vision-t24v-30-led-display-60-5-cm-23-8-1920-x-1080-pixels-full-hd-noir,Technoplace,has_dot
143628,2653.33,"2 653.33 DH","Lenovo ThinkVision T27i-30 LED display 68,6 cm (27"") 1920 x 1080 pixels Full HD Noir",lenovo-think-vision-t27i-30-led-display-68-6-cm-27-1920-x-1080-pixels-full-hd-noir,Technoplace,has_dot
137018,2660.04,"2 660.04 DH","Epson EcoTank M1140 imprimante jets d'encres 1200 x 2400 DPI A4 (C11CG26404)",epson-eco-tank-m1140-imprimante-jets-d-encres-1200-x-2400-dpi-a4-c11cg26404,Technoplace,has_dot
132189,2662.43,"2 662.43 DH","HP 304A Cartouche de tonerOriginal Cyan (CC531A)",hp-304a-cartouche-de-toner-original-cyan-cc531a,Technoplace,has_dot
137875,2666.4,"2 666.40 DH","DELL E Series E2220H LED display 21.5"" Full HD LCD Noir",dell-e-series-e2220h-led-display-21-5-full-hd-lcd-noir,Technoplace,has_dot
124394,2674.8,"2 674.80 DH","Jabra Evolve2 65 MS Stereo - Headset (26599-999-999) (26599-999-999)",jabra-evolve2-65-ms-stereo-headset-26599-999-999-26599-999-999,"Iris.ma Maroc",has_dot
137284,2689.2,"2 689.20 DH","Écran 21,5"" Full HD Dell (E2220H-3Y)",ecran-21-5-full-hd-dell-e2220h-3y,Technoplace,has_dot
130972,2690.16,"2 690.16 DH","HP 332A Cartouche de tonerOriginal Noir",hp-332a-cartouche-de-toner-original-noir,Technoplace,has_dot
137871,2692.49,"2 692.49 DH","Ecran HP 23.8"" Full HD P24 G4 (1A7E5AS)",ecran-hp-23-8-full-hd-p24-g4-1a7e5as,Technoplace,has_dot
130536,2692.8,"2 692.80 DH","Lexmark X925H2MG Cartouche de tonerOriginal Magenta",lexmark-x925h2mg-cartouche-de-toner-original-magenta,"NGT Maroc",has_dot
130539,2692.8,"2 692.80 DH","Lexmark X925H2CG Cartouche de tonerOriginal Cyan",lexmark-x925h2cg-cartouche-de-toner-original-cyan,"NGT Maroc",has_dot
130837,2692.8,"2 692.80 DH","Lexmark X925H2YG Cartouche de tonerOriginal Jaune",lexmark-x925h2yg-cartouche-de-toner-original-jaune,"NGT Maroc",has_dot
130921,2692.8,"2 692.80 DH","HP 823A Cartouche de tonerOriginal Noir (CB380A)",hp-823a-cartouche-de-toner-original-noir-cb380a,"NGT Maroc",has_dot
113386,2697.6,"2 697.60 DH","IMPRIMANTE CANON i-SENSYS LBP230DW MONOCROM A4 Laser (5162C008BA)",imprimante-canon-i-sensys-lbp230dw-monocrom-a4-laser-5162c008ba,Technoplace,has_dot
114655,2697.6,"2 697.60 DH","DELL S Series S2721HN LED display 27"" Full HD LCD Gris",dell-s-series-s2721hn-led-display-27-full-hd-lcd-gris,Technoplace,has_dot
111988,2698.8,"2 698.80 DH","HP 824A",hp-824a,"NGT Maroc",has_dot
135761,2709.05,"2 709.05 DH","Epson Unité de Fusion AL-2600N/C2600N (80 000 p)",epson-unite-de-fusion-al-2600n-c2600n-80-000-p,"NGT Maroc",has_dot
114611,2711.33,"2 711.33 DH","HP M27f FHD Monitor",hp-m27f-fhd-monitor,Technoplace,has_dot
135488,2718.67,"2 718.67 DH","HP LaserJet Pro 3003dn Imprimante Laser Monochrome (3G653A)",hp-laser-jet-pro-3003dn-imprimante-laser-monochrome-3g653a,Technoplace,has_dot
130425,2726.4,"2 726.40 DH","Lexmark X746H1KG Cartouche de tonerOriginal Noir",lexmark-x746h1kg-cartouche-de-toner-original-noir,"NGT Maroc",has_dot
131179,2726.4,"2 726.40 DH","Lexmark C746H1KG Cartouche de tonerOriginal Noir",lexmark-c746h1kg-cartouche-de-toner-original-noir,"NGT Maroc",has_dot
131249,2726.4,"2 726.40 DH","Lexmark X945X2KG Cartouche de tonerOriginal Noir",lexmark-x945x2kg-cartouche-de-toner-original-noir,"NGT Maroc",has_dot
134154,2729.33,"2 729.33 DH","Hewlett Packard Enterprise P18420-B21 disque SSD 2.5&quot; 240 Go SATA MLC",hewlett-packard-enterprise-p18420-b21-disque-ssd-2-5-quot-240-go-sata-mlc,Technoplace,has_dot
111951,2737.2,"2 737.20 DH","Epson Toner Jaune (6 000 p)",epson-toner-jaune-6-000-p,"NGT Maroc",has_dot
111952,2737.2,"2 737.20 DH","Epson Toner Magenta (6 000 p)",epson-toner-magenta-6-000-p,"NGT Maroc",has_dot
111953,2737.2,"2 737.20 DH","Epson Toner Cyan (6 000 p)",epson-toner-cyan-6-000-p,"NGT Maroc",has_dot
122284,2738.4,"2 738.40 DH","Samsung Galaxy Watch (46mm)",samsung-galaxy-watch-46mm,Technoplace,has_dot
114141,2745.34,"2 745.34 DH","HP Laser Imprimante multifonction 137fnw, Impression, copie, scan, fax",hp-laser-imprimante-multifonction-137fnw-impression-copie-scan-fax,Technoplace,has_dot
111622,2749.2,"2 749.20 DH","Lexmark E321, E323 Print Cartridge Cartouche de toner Original Noir",lexmark-e321-e323-print-cartridge-cartouche-de-toner-original-noir,"NGT Maroc",has_dot
112946,2749.2,"2 749.20 DH","Lexmark 08A0475 Cartouche de toner Original Noir",lexmark-08a0475-cartouche-de-toner-original-noir,"NGT Maroc",has_dot
137584,2763.9,"2 763.90 DH","Lenovo ThinkVision T24M-29 23.8&quot; IPS Full HD 4 ms Noir",lenovo-think-vision-t24m-29-23-8-quot-ips-full-hd-4-ms-noir,Technoplace,has_dot
131624,2765.33,"2 765.33 DH","Canon C-EXV 58 Cartouche de tonerOriginal Noir",canon-c-exv-58-cartouche-de-toner-original-noir,Technoplace,has_dot
136377,2776.67,"2 776.67 DH","Epson C11CJ68403 imprimante jets d'encres",epson-c11cj68403-imprimante-jets-d-encres,Technoplace,has_dot
113723,2780.04,"2 780.04 DH","Imprimante laser couleur Canon i-SENSYS LBP621Cw (3104C007AA)",imprimante-laser-couleur-canon-i-sensys-lbp621cw-3104c007aa,Technoplace,has_dot
112902,2782.8,"2 782.80 DH","Lexmark Magenta Toner Cartridge for C52x Cartouche de toner Original",lexmark-magenta-toner-cartridge-for-c52x-cartouche-de-toner-original,"NGT Maroc",has_dot
112905,2782.8,"2 782.80 DH","Lexmark Yellow Toner Cartridge for C52x Cartouche de toner Original Jaune",lexmark-yellow-toner-cartridge-for-c52x-cartouche-de-toner-original-jaune,"NGT Maroc",has_dot
112916,2782.8,"2 782.80 DH","Lexmark Cyan Toner Cartridge for C52x Cartouche de toner Original",lexmark-cyan-toner-cartridge-for-c52x-cartouche-de-toner-original,"NGT Maroc",has_dot
133477,2782.8,"2 782.80 DH","Lexmark C734A2KG Cartouche de tonerOriginal Noir",lexmark-c734a2kg-cartouche-de-toner-original-noir,"NGT Maroc",has_dot
122304,2786.4,"2 786.40 DH","Samsung Galaxy Watch5 44 mm Graphite Wifi GPS",samsung-galaxy-watch5-44-mm-graphite-wifi-gps,Technoplace,has_dot
125378,2786.66,"2 786.66 DH","Écran Samsung 32"" Plat Smart Monitor S5 (LS32CM500EMXZN)",ecran-samsung-32-plat-smart-monitor-s5-ls32cm500emxzn,Technoplace,has_dot
122802,2798.24,"2 798.24 DH","Samsung Galaxy A32 128Go Violet",samsung-galaxy-a32-128go-violet,Technoplace,has_dot
122812,2798.24,"2 798.24 DH","Samsung Galaxy A32 128Go Noir",samsung-galaxy-a32-128go-noir,Technoplace,has_dot
111821,2803.2,"2 803.20 DH","HP 771C Original Cyan clair",hp-771c-original-cyan-clair,"NGT Maroc",has_dot
111826,2803.2,"2 803.20 DH","HP 771C Original Magenta clair",hp-771c-original-magenta-clair,"NGT Maroc",has_dot
111916,2803.2,"2 803.20 DH","HP 771C Original Jaune",hp-771c-original-jaune,"NGT Maroc",has_dot
129599,2803.2,"2 803.20 DH","HP 771C cartouche d'encre DesignJet gris clair, 775 ml",hp-771c-cartouche-d-encre-design-jet-gris-clair-775-ml,"NGT Maroc",has_dot
129603,2803.2,"2 803.20 DH","HP 771C cartouche d'encre DesignJet magenta, 775 ml",hp-771c-cartouche-d-encre-design-jet-magenta-775-ml,"NGT Maroc",has_dot
129969,2803.2,"2 803.20 DH","HP 771C cartouche d'encre DesignJet noir mat, 775 ml",hp-771c-cartouche-d-encre-design-jet-noir-mat-775-ml,"NGT Maroc",has_dot
129974,2803.2,"2 803.20 DH","HP 771C cartouche d'encre DesignJet rouge chromatique, 775 ml",hp-771c-cartouche-d-encre-design-jet-rouge-chromatique-775-ml,"NGT Maroc",has_dot
134754,2809.2,"2 809.20 DH","Seagate SkyHawk ST6000VX0023 disque dur 3.5"" 6000 Go Série ATA III",seagate-sky-hawk-st6000vx0023-disque-dur-3-5-6000-go-serie-ata-iii,Technoplace,has_dot
130701,2811.9,"2 811.90 DH","HP 312X Cartouche de tonerOriginal Noir (CF380X)",hp-312x-cartouche-de-toner-original-noir-cf380x,"Ink Solutions Maroc",has_dot
131402,2822.4,"2 822.40 DH","HP 45A toner LaserJet noir authentique",hp-45a-toner-laser-jet-noir-authentique,"NGT Maroc",has_dot
122635,2829.6,"2 829.60 DH","Samsung Galaxy A24 - 6Go / 128Go (Dual Sim)",samsung-galaxy-a24-6go-128go-dual-sim,Technoplace,has_dot
142084,2833.33,"2 833.33 DH","Canon imageFORMULA P-208II Alimentation papier de scanner 600 x 600 DPI A4 Noir (9704B003)",canon-image-formula-p-208ii-alimentation-papier-de-scanner-600-x-600-dpi-a4-noir-9704b003,Technoplace,has_dot
113728,2833.6,"2 833.60 DH","Imprimante Laser Monochrome Canon i-SENSYS LBP6030B SFP + 2 Cartouches de toner 725 (8468B042AA)",imprimante-laser-monochrome-canon-i-sensys-lbp6030b-sfp-2-cartouches-de-toner-725-8468b042aa,Technoplace,has_dot
136064,2866.67,"2 866.67 DH","Imprimante Multifonction Laser Monochrome HP LaserJet M236sdn (9YG08A)",imprimante-multifonction-laser-monochrome-hp-laser-jet-m236sdn-9yg08a,Technoplace,has_dot
122592,2866.8,"2 866.80 DH","Samsung Galaxy A24 - 128 Go (Dual Sim) (SM-A245FZSVMWD)",samsung-galaxy-a24-128-go-dual-sim-sm-a245fzsvmwd,Technoplace,has_dot
136971,2867.33,"2 867.33 DH","Imprimante Jet d'encre HP Smart Tank 530 3en1 Couleur WiFi ( 4SB24A)",imprimante-jet-d-encre-hp-smart-tank-530-3en1-couleur-wi-fi-4sb24a,Technoplace,has_dot
113547,2874.17,"2 874.17 DH","Imprimante Canon i-SENSYS LBP633Cdw laser couleur (5159C001AA)",imprimante-canon-i-sensys-lbp633cdw-laser-couleur-5159c001aa,"Bestmark Maroc",has_dot
136591,2876.3,"2 876.30 DH","Epson ECOTANK M1170 imprimante jets d'encres 1200 x 2400 DPI A4 Wifi (C11CH44403)",epson-ecotank-m1170-imprimante-jets-d-encres-1200-x-2400-dpi-a4-wifi-c11ch44403,Technoplace,has_dot
137892,2878.44,"2 878.44 DH","Ecran HP 23,8"" Full HD E24 G4 (9VF99AS)",ecran-hp-23-8-full-hd-e24-g4-9vf99as,Technoplace,has_dot
111520,2883.6,"2 883.60 DH","Lexmark 08A0477 Cartouche de toner Original Noir",lexmark-08a0477-cartouche-de-toner-original-noir,"NGT Maroc",has_dot
137171,2885.33,"2 885.33 DH","Honeywell MPD31D imprimante pour étiquettes Thermique directe 203 x 203 DPI 90 mm/sec Sans fil Bluetooth",honeywell-mpd31d-imprimante-pour-etiquettes-thermique-directe-203-x-203-dpi-90-mm-sec-sans-fil-bluetooth,Technoplace,has_dot
128198,2894.4,"2 894.40 DH","Lexmark X340H21G Cartouche de tonerOriginal Noir",lexmark-x340h21g-cartouche-de-toner-original-noir,"NGT Maroc",has_dot
128616,2894.4,"2 894.40 DH","Hyperion 12A7305 Cartouche de tonerNoir",hyperion-12a7305-cartouche-de-toner-noir,"NGT Maroc",has_dot
129717,2894.66,"2 894.66 DH","HP 981X cartouche PageWide Jaune grande capacité authentique",hp-981x-cartouche-page-wide-jaune-grande-capacite-authentique,Technoplace,has_dot
129721,2894.66,"2 894.66 DH","HP 981X cartouche PageWide Magenta grande capacité authentique",hp-981x-cartouche-page-wide-magenta-grande-capacite-authentique,Technoplace,has_dot
129725,2894.66,"2 894.66 DH","HP 981X cartouche PageWide Cyan grande capacité authentique",hp-981x-cartouche-page-wide-cyan-grande-capacite-authentique,Technoplace,has_dot
125792,2901.1,"2 901.10 DH","TV Samsung 32""HD SMART - Serie 5"" (UA32T5300AUXMV)",tv-samsung-32-hd-smart-serie-5-ua32t5300auxmv,Technoplace,has_dot
123113,2908.75,"2 908.75 DH","Brother QL-700 imprimante pour étiquettes Thermique directe 300 x 300 DPI DK",brother-ql-700-imprimante-pour-etiquettes-thermique-directe-300-x-300-dpi-dk,Technoplace,has_dot
137206,2908.75,"2 908.75 DH","Brother QL-1100 imprimante pour étiquettes Thermique directe 300 x 300 DPI 110 mm/sec Avec fil DK",brother-ql-1100-imprimante-pour-etiquettes-thermique-directe-300-x-300-dpi-110-mm-sec-avec-fil-dk,Technoplace,has_dot
130399,2909.33,"2 909.33 DH","HP 304A pack de 2 toners LaserJet noir authentiques",hp-304a-pack-de-2-toners-laser-jet-noir-authentiques,Technoplace,has_dot
122343,2919.6,"2 919.60 DH","Montre Connectée SAMSUNG Galaxy Watch 5 44 MM - Saphir",montre-connectee-samsung-galaxy-watch-5-44-mm-saphir,Technoplace,has_dot
122277,2920.4,"2 920.40 DH","Samsung Galaxy Watch6 Bluetooth (44mm)",samsung-galaxy-watch6-bluetooth-44mm,"Shared Store",has_dot
132561,2921.33,"2 921.33 DH","HP 81A toner LaserJet noir authentique",hp-81a-toner-laser-jet-noir-authentique,Technoplace,has_dot
130654,2926.8,"2 926.80 DH","HP 655A Toner LaserJet cyan authentique",hp-655a-toner-laser-jet-cyan-authentique,"NGT Maroc",has_dot
132509,2928.9,"2 928.90 DH","HP Pack de 2 toners LaserJet 83A noir authentiques",hp-pack-de-2-toners-laser-jet-83a-noir-authentiques,"Ink Solutions Maroc",has_dot
134085,2933.33,"2 933.33 DH","Hewlett Packard Enterprise 832514-B21 disque dur 2.5"" 1000 Go SAS",hewlett-packard-enterprise-832514-b21-disque-dur-2-5-1000-go-sas,Technoplace,has_dot
116668,2950.8,"2 950.80 DH","PC Portable Asus X543 (90NB0IR7-M19070)",pc-portable-asus-x543-90nb0ir7-m19070,"NGT Maroc",has_dot
140351,2950.8,"2 950.80 DH","Pc portable Asus VivoBook X543 (90NB0IR7-M25560)",pc-portable-asus-vivo-book-x543-90nb0ir7-m25560,"NGT Maroc",has_dot
141582,2950.8,"2 950.80 DH","TP-Link TL-ER7206 Routeur connecté Gigabit Ethernet Noir (TL-ER7206)",tp-link-tl-er7206-routeur-connecte-gigabit-ethernet-noir-tl-er7206,"Iris.ma Maroc",has_dot
143081,2950.8,"2 950.80 DH","TP-Link EAP670 point d'accès réseaux locaux sans fil 5400 Mbit/s Blanc Connexion Ethernet, supportant l'alimentation via ce port (PoE) (EAP670)",tp-link-eap670-point-d-acces-reseaux-locaux-sans-fil-5400-mbit-s-blanc-connexion-ethernet-supportant-l-alimentation-via-ce-port-po-e-eap670,"Iris.ma Maroc",has_dot
113687,2956.8,"2 956.80 DH","Imprimante multifonction à réservoirs rechargeables Canon PIXMA G640 (4620C009AA)",imprimante-multifonction-a-reservoirs-rechargeables-canon-pixma-g640-4620c009aa,Technoplace,has_dot
111534,3007.2,"3 007.20 DH","Epson Toner Noir Haute Capacité (10 000 p)",epson-toner-noir-haute-capacite-10-000-p,"NGT Maroc",has_dot
129743,3008.4,"3 008.40 DH","HP 501A Black Original LaserJet Toner Cartridge with ColorSphere Toner Cartouche de tonerNoir",hp-501a-black-original-laser-jet-toner-cartridge-with-color-sphere-toner-cartouche-de-toner-noir,"NGT Maroc",has_dot
130852,3008.4,"3 008.40 DH","HP 646A toner LaserJet magenta authentique",hp-646a-toner-laser-jet-magenta-authentique,"NGT Maroc",has_dot
130855,3008.4,"3 008.40 DH","HP 646A toner LaserJet jaune authentique",hp-646a-toner-laser-jet-jaune-authentique,"NGT Maroc",has_dot
130857,3008.4,"3 008.40 DH","HP 646A toner LaserJet cyan authentique",hp-646a-toner-laser-jet-cyan-authentique,"NGT Maroc",has_dot
132190,3019.9,"3 019.90 DH","HP 304A Cartouche de tonerOriginal Cyan (CC531A)",hp-304a-cartouche-de-toner-original-cyan-cc531a,"Ink Solutions Maroc",has_dot
136068,3023.9,"3 023.90 DH","Imprimante Multifonction Laser Monochrome HP LaserJet M236sdn (9YG08A)",imprimante-multifonction-laser-monochrome-hp-laser-jet-m236sdn-9yg08a,Micromad,has_dot
122370,3032.96,"3 032.96 DH","Samsung Galaxy Watch3 Argent GPS (satellite)",samsung-galaxy-watch3-argent-gps-satellite,Technoplace,has_dot
130521,3040.8,"3 040.80 DH","Lexmark 60F5H00 Cartouche de tonerOriginal Noir",lexmark-60f5h00-cartouche-de-toner-original-noir,"NGT Maroc",has_dot
130772,3040.8,"3 040.80 DH","Lexmark 50F5X00 Cartouche de tonerOriginal Noir",lexmark-50f5x00-cartouche-de-toner-original-noir,"NGT Maroc",has_dot
113555,3041.33,"3 041.33 DH",HP,hp,Technoplace,has_dot
114593,3052.8,"3 052.80 DH","DELL P2319H LED display 23"" Full HD Noir",dell-p2319h-led-display-23-full-hd-noir,Technoplace,has_dot
115636,3053.33,"3 053.33 DH","Ordinateur Portable Lenovo V15 G2 IJL (82QY00PHFE)",ordinateur-portable-lenovo-v15-g2-ijl-82qy00phfe,Technoplace,has_dot
130737,3053.75,"3 053.75 DH","HP 93A toner LaserJet noir authentique",hp-93a-toner-laser-jet-noir-authentique,"NGT Maroc",has_dot
130375,3070.6,"3 070.60 DH","HP Cartouche 312A toner Jaune LaserJet",hp-cartouche-312a-toner-jaune-laser-jet,"Ink Solutions Maroc",has_dot
130393,3070.6,"3 070.60 DH","HP Cartouche 312A toner Magenta LaserJet",hp-cartouche-312a-toner-magenta-laser-jet,"Ink Solutions Maroc",has_dot
130954,3070.6,"3 070.60 DH","HP 13X toner noir haute capacité LaserJet authentique",hp-13x-toner-noir-haute-capacite-laser-jet-authentique,"Ink Solutions Maroc",has_dot
112124,3085.2,"3 085.20 DH","Lexmark E450H11E Cartouche de toner Original Noir",lexmark-e450h11e-cartouche-de-toner-original-noir,"NGT Maroc",has_dot
122329,3086.66,"3 086.66 DH","Montre connecté Samsung Galaxy Watch5 BT / 44mm / Silver",montre-connecte-samsung-galaxy-watch5-bt-44mm-silver,Technoplace,has_dot
135885,3087.6,"3 087.60 DH","Epson EcoTank L3160 Jet d'encre A4 5760 x 1440 DPI 33 ppm Wifi",epson-eco-tank-l3160-jet-d-encre-a4-5760-x-1440-dpi-33-ppm-wifi,Technoplace,has_dot
136355,3093.6,"3 093.60 DH","HP OfficeJet Pro 7740 A jet d'encre thermique A3 4800 x 1200 DPI 22 ppm Wifi",hp-office-jet-pro-7740-a-jet-d-encre-thermique-a3-4800-x-1200-dpi-22-ppm-wifi,Technoplace,has_dot
114594,3099.98,"3 099.98 DH","DELL P2319H LED display 23"" Full HD Noir",dell-p2319h-led-display-23-full-hd-noir,"NGT Maroc",has_dot
132181,3113.87,"3 113.87 DH","HP 504A toner LaserJet noir authentique",hp-504a-toner-laser-jet-noir-authentique,Technoplace,has_dot
134394,3114.67,"3 114.67 DH","Hewlett Packard Enterprise 2TB 3.5"" SATA III 3.5"" 2000 Go Série ATA III (861681-B21)",hewlett-packard-enterprise-2tb-3-5-sata-iii-3-5-2000-go-serie-ata-iii-861681-b21,Technoplace,has_dot
129906,3115.2,"3 115.20 DH","HP Cartouche d'encre noir mat 765 Designjet, 775 ml",hp-cartouche-d-encre-noir-mat-765-designjet-775-ml,"NGT Maroc",has_dot
144940,3124.17,"3 124.17 DH","Smartphone Samsung Galaxy A34 8GB_128GB Noir (SM-A346EZKCMWD)",smartphone-samsung-galaxy-a34-8gb-128gb-noir-sm-a346ezkcmwd,"Bestmark Maroc",has_dot
139464,3133.2,"3 133.20 DH","Ordinateur portable Asus X515M (90NB0TH1-M00C00)",ordinateur-portable-asus-x515m-90nb0th1-m00c00,Technoplace,has_dot
132097,3134.3,"3 134.30 DH","HP 35A pack de 2 toners LaserJet noir authentiques",hp-35a-pack-de-2-toners-laser-jet-noir-authentiques,"Ink Solutions Maroc",has_dot
129961,3150.74,"3 150.74 DH","HP 727 cartouche d'encre DesignJet noire mate, 300 ml (C1Q12A)",hp-727-cartouche-d-encre-design-jet-noire-mate-300-ml-c1q12a,Technoplace,has_dot
129786,3152.16,"3 152.16 DH","HP Cartouche d’encre 730 DesignJet noir photo, 300 ml",hp-cartouche-d-encre-730-design-jet-noir-photo-300-ml,Technoplace,has_dot
129790,3152.16,"3 152.16 DH","HP Cartouche d’encre 730 DesignJet gris, 300 ml",hp-cartouche-d-encre-730-design-jet-gris-300-ml,Technoplace,has_dot
129793,3152.16,"3 152.16 DH","HP Cartouche d’encre 730 DesignJet noir mat, 300 ml",hp-cartouche-d-encre-730-design-jet-noir-mat-300-ml,Technoplace,has_dot
131114,3152.16,"3 152.16 DH","HP Cartouche d’encre 730 DesignJet jaune, 300 ml",hp-cartouche-d-encre-730-design-jet-jaune-300-ml,Technoplace,has_dot
111631,3152.4,"3 152.40 DH","Lexmark T420 Print Cartridge (5K) Cartouche de toner Original Noir",lexmark-t420-print-cartridge-5k-cartouche-de-toner-original-noir,"NGT Maroc",has_dot
118520,3156.53,"3 156.53 DH","HPE Aruba AP-303 (RW) Unified AP (JZ320A)",hpe-aruba-ap-303-rw-unified-ap-jz320a,Technoplace,has_dot
130880,3164.4,"3 164.40 DH","Lexmark C736H1KG Cartouche de tonerOriginal Noir",lexmark-c736h1kg-cartouche-de-toner-original-noir,"NGT Maroc",has_dot
133531,3164.4,"3 164.40 DH","Lexmark 12A6830 Cartouche de tonerOriginal Noir",lexmark-12a6830-cartouche-de-toner-original-noir,"NGT Maroc",has_dot
129558,3174.6,"3 174.60 DH","Pack de 2 Toners Original HP LaserJet Q2612AF pour HP 12A",pack-de-2-toners-original-hp-laser-jet-q2612af-pour-hp-12a,"Ink Solutions Maroc",has_dot
124041,3178.8,"3 178.80 DH","Jabra Evolve2 65, MS Stereo Casque Sans fil Arceau Bureau/Centre d'appels USB Type-A Bluetooth Noir (26599-999-989)",jabra-evolve2-65-ms-stereo-casque-sans-fil-arceau-bureau-centre-d-appels-usb-type-a-bluetooth-noir-26599-999-989,"Iris.ma Maroc",has_dot
129782,3181.2,"3 181.20 DH","HP Toner noir LaserJet 658A authentique",hp-toner-noir-laser-jet-658a-authentique,Technoplace,has_dot
114591,3186.67,"3 186.67 DH","Ecran intelligent 27"" Full HD Samsung avec connectivité mobile (LS27AM500NMXZN)",ecran-intelligent-27-full-hd-samsung-avec-connectivite-mobile-ls27am500nmxzn,Technoplace,has_dot
135508,3186.67,"3 186.67 DH","HP LaserJet Pro 3003dw Imprimante Laser Monochrome (3G654A)",hp-laser-jet-pro-3003dw-imprimante-laser-monochrome-3g654a,Technoplace,has_dot
134039,3190.15,"3 190.15 DH","Disque dur interne 3.5"" Western Digital Purple 8 To pour les systèmes de vidéosurveillance et de sécurité (WD84PUR-64)",disque-dur-interne-3-5-western-digital-purple-8-to-pour-les-systemes-de-videosurveillance-et-de-securite-wd84pur-64,Technoplace,has_dot
116797,3195.5,"3 195.50 DH","Portable Lenovo Ideapad S145-15API / AMD Dual Core / 4 Go / Noir",portable-lenovo-ideapad-s145-15api-amd-dual-core-4-go-noir,Technoplace,has_dot
109045,3196.8,"3 196.80 DH","Logitech Expansion Microphone Noir Microphone de table (989-000171)",logitech-expansion-microphone-noir-microphone-de-table-989-000171,Technoplace,has_dot
114835,3198.67,"3 198.67 DH","ASUS TUF Gaming VG27VQ 27"" Full HD 1 ms Noir (90LM0510-B01E70)",asus-tuf-gaming-vg27vq-27-full-hd-1-ms-noir-90lm0510-b01e70,Technoplace,has_dot
131918,3200.99,"3 200.99 DH","HP 55A toner LaserJet noir authentique",hp-55a-toner-laser-jet-noir-authentique,Technoplace,has_dot
129990,3202.8,"3 202.80 DH","HP 761 cartouche d'encre DesignJet noir mat, 775 ml",hp-761-cartouche-d-encre-design-jet-noir-mat-775-ml,"NGT Maroc",has_dot
128323,3208.8,"3 208.80 DH","Lexmark C782X1KG Cartouche de tonerOriginal Noir",lexmark-c782x1kg-cartouche-de-toner-original-noir,"NGT Maroc",has_dot
128647,3208.8,"3 208.80 DH","Lexmark C7720KX Cartouche de tonerOriginal Noir",lexmark-c7720kx-cartouche-de-toner-original-noir,"NGT Maroc",has_dot
133537,3208.8,"3 208.80 DH","Lexmark 15G042K Cartouche de tonerOriginal Noir",lexmark-15g042k-cartouche-de-toner-original-noir,"NGT Maroc",has_dot
132084,3213.34,"3 213.34 DH","HP 304A toner LaserJet magenta authentique",hp-304a-toner-laser-jet-magenta-authentique,Technoplace,has_dot
129866,3226.67,"3 226.67 DH","HP 728 cartouche d'encre DesignJet noire mate 300 ml",hp-728-cartouche-d-encre-design-jet-noire-mate-300-ml,Technoplace,has_dot
128233,3231.6,"3 231.60 DH","Lexmark C544X2KG Cartouche de tonerOriginal Noir",lexmark-c544x2kg-cartouche-de-toner-original-noir,"NGT Maroc",has_dot
135136,3238.8,"3 238.80 DH","TP-Link Desktop switch, 8 ports 10/100 Mb/s PoE+, 3 ports gigabit (TL-SG2210MP)",tp-link-desktop-switch-8-ports-10-100-mb-s-po-e-3-ports-gigabit-tl-sg2210mp,"Iris.ma Maroc",has_dot
137153,3254.77,"3 254.77 DH","Epson EcoTank L4160 Jet d'encre A4 5760 x 1440 DPI 33 ppm Wifi (C11CG23402)",epson-eco-tank-l4160-jet-d-encre-a4-5760-x-1440-dpi-33-ppm-wifi-c11cg23402,Technoplace,has_dot
131906,3261.6,"3 261.60 DH","Samsung MLT-D205E Cartouche de tonerOriginal Noir",samsung-mlt-d205e-cartouche-de-toner-original-noir,"NGT Maroc",has_dot
135121,3263.33,"3 263.33 DH","Aruba Instant On 1830 8G 4p Class4 PoE 65W Géré L2 Gigabit Ethernet (10/100/1000) Connexion Ethernet, supportant l'alimentation via ce port (PoE) 1U",aruba-instant-on-1830-8g-4p-class4-po-e-65w-gere-l2-gigabit-ethernet-10-100-1000-connexion-ethernet-supportant-l-alimentation-via-ce-port-po-e-1u,Technoplace,has_dot
114516,3266.4,"3 266.40 DH","Écran 32"" Full HD Samsung smart serie 5 (LS32BM500EMXZN)",ecran-32-full-hd-samsung-smart-serie-5-ls32bm500emxzn,Technoplace,has_dot
137792,3266.66,"3 266.66 DH","Samsung 27&quot; MONITEUR INCURVÉ CT55 27&quot; Full HD 4 ms Noir",samsung-27-quot-moniteur-incurve-ct55-27-quot-full-hd-4-ms-noir,Technoplace,has_dot
118991,3269.06,"3 269.06 DH","Reflex Canon EOS 4000D Boîtier Nu (3011C001AA)",reflex-canon-eos-4000d-boitier-nu-3011c001aa,Technoplace,has_dot
137820,3294.4,"3 294.40 DH","HP Z24nf G2 60,5 cm (23.8"") 1920 x 1080 pixels Full HD LED Noir (1JS07A4)",hp-z24nf-g2-60-5-cm-23-8-1920-x-1080-pixels-full-hd-led-noir-1js07a4,Technoplace,has_dot
129845,3306.61,"3 306.61 DH","HP 727 cartouche d'encre DesignJet cyan, 300 ml",hp-727-cartouche-d-encre-design-jet-cyan-300-ml,Technoplace,has_dot
129850,3306.61,"3 306.61 DH","HP 727 cartouche d'encre DesignJet grise, 300 ml",hp-727-cartouche-d-encre-design-jet-grise-300-ml,Technoplace,has_dot
129853,3306.61,"3 306.61 DH","HP 727 cartouche d'encre DesignJet magenta, 300 ml",hp-727-cartouche-d-encre-design-jet-magenta-300-ml,Technoplace,has_dot
129860,3306.61,"3 306.61 DH","HP 727 cartouche d'encre DesignJet noire photo, 300 ml",hp-727-cartouche-d-encre-design-jet-noire-photo-300-ml,Technoplace,has_dot
114822,3308.93,"3 308.93 DH","HP P27h G4 écran plat de PC 27"" Full HD LCD Noir",hp-p27h-g4-ecran-plat-de-pc-27-full-hd-lcd-noir,Technoplace,has_dot
112056,3321.6,"3 321.60 DH","Lexmark E360H11E Cartouche de toner Original Noir",lexmark-e360h11e-cartouche-de-toner-original-noir,"NGT Maroc",has_dot
112094,3321.6,"3 321.60 DH","Lexmark X463, X464, X466 High Yield Return Program Toner Cartridge Cartouche de toner Original Noir",lexmark-x463-x464-x466-high-yield-return-program-toner-cartridge-cartouche-de-toner-original-noir,"NGT Maroc",has_dot
112143,3321.6,"3 321.60 DH","Lexmark X264H11G Cartouche de toner Original Noir",lexmark-x264h11g-cartouche-de-toner-original-noir,"NGT Maroc",has_dot
134868,3326.66,"3 326.66 DH","HPE 833928-B21 disque dur 3.5"" 4 To SAS",hpe-833928-b21-disque-dur-3-5-4-to-sas,Technoplace,has_dot
130620,3328.85,"3 328.85 DH","HP Cartouche d’encre noir PageWide 982X grande capacité authentique (T0B30A)",hp-cartouche-d-encre-noir-page-wide-982x-grande-capacite-authentique-t0b30a,Technoplace,has_dot
141850,3332.5,"3 332.50 DH","Scanner Canon imageFORMULA DR-F120 (9017B003AD)",scanner-canon-image-formula-dr-f120-9017b003ad,"Bestmark Maroc",has_dot
135127,3334.53,"3 334.53 DH","Aruba JL681A commutateur réseau Géré Gigabit Ethernet (10/100/1000) 1U Blanc",aruba-jl681a-commutateur-reseau-gere-gigabit-ethernet-10-100-1000-1u-blanc,Technoplace,has_dot
141774,3349.33,"3 349.33 DH","TP-LINK ARCHER GX90 routeur sans fil Gigabit Ethernet Tri-bande (2,4 GHz / 5 GHz / 5 GHz) 4G Noir, Rouge",tp-link-archer-gx90-routeur-sans-fil-gigabit-ethernet-tri-bande-2-4-g-hz-5-g-hz-5-g-hz-4g-noir-rouge,Technoplace,has_dot
136747,3354.67,"3 354.67 DH","HP DeskJet Plus Imprimante Tout-en-un 4120 Plus, Couleur, Imprimante pour Domicile, Impression, copie, numérisation, sans fil, télécopie mobile, Numérisation vers PDF",hp-desk-jet-plus-imprimante-tout-en-un-4120-plus-couleur-imprimante-pour-domicile-impression-copie-numerisation-sans-fil-telecopie-mobile-numerisation-vers-pdf,Technoplace,has_dot
128284,3355.2,"3 355.20 DH","Lexmark E352H11E Cartouche de tonerOriginal Noir",lexmark-e352h11e-cartouche-de-toner-original-noir,"NGT Maroc",has_dot
130602,3362.27,"3 362.27 DH","HP 415X Toner noir LaserJet authentique grande capacité",hp-415x-toner-noir-laser-jet-authentique-grande-capacite,Technoplace,has_dot
114597,3373.33,"3 373.33 DH","Ecran intelligent Full HD Samsung 32"" avec connectivité mobile (LS32AM500NMXZN)",ecran-intelligent-full-hd-samsung-32-avec-connectivite-mobile-ls32am500nmxzn,Technoplace,has_dot
134993,3385.81,"3 385.81 DH","Switch Non Administrable HIKVISION 24 Ports 10/100/1000 POE (DS-3E0526P-E-M-B)",switch-non-administrable-hikvision-24-ports-10-100-1000-poe-ds-3e0526p-e-m-b,Technoplace,has_dot
131312,3388.8,"3 388.80 DH","Lexmark C5340YX Cartouche de tonerOriginal Jaune",lexmark-c5340yx-cartouche-de-toner-original-jaune,"NGT Maroc",has_dot
131314,3388.8,"3 388.80 DH","Lexmark C5340CX Cartouche de tonerOriginal Cyan",lexmark-c5340cx-cartouche-de-toner-original-cyan,"NGT Maroc",has_dot
131318,3388.8,"3 388.80 DH","Lexmark C5340MX Cartouche de tonerOriginal Magenta",lexmark-c5340mx-cartouche-de-toner-original-magenta,"NGT Maroc",has_dot
130670,3393.71,"3 393.71 DH","HP 410X Cartouche de tonerOriginal Noir (CF410X)",hp-410x-cartouche-de-toner-original-noir-cf410x,Technoplace,has_dot
112038,3399.6,"3 399.60 DH","Lexmark C746A1YG Cartouche de toner Original Jaune",lexmark-c746a1yg-cartouche-de-toner-original-jaune,"NGT Maroc",has_dot
112063,3399.6,"3 399.60 DH","Lexmark C746A1MG Cartouche de toner Original Magenta",lexmark-c746a1mg-cartouche-de-toner-original-magenta,"NGT Maroc",has_dot
130427,3399.6,"3 399.60 DH","Lexmark C746A1CG Cartouche de tonerOriginal Cyan",lexmark-c746a1cg-cartouche-de-toner-original-cyan,"NGT Maroc",has_dot
128686,3410.4,"3 410.40 DH","Lexmark C746H2KG Cartouche de tonerOriginal Noir",lexmark-c746h2kg-cartouche-de-toner-original-noir,"NGT Maroc",has_dot
128698,3410.4,"3 410.40 DH","Lexmark X746H2KG Cartouche de tonerOriginal Noir",lexmark-x746h2kg-cartouche-de-toner-original-noir,"NGT Maroc",has_dot
109515,3415.5,"3 415.50 DH","Barrette Mémoire DDR4 32GB 3200 MHZ RDIMM ECC",barrette-memoire-ddr4-32gb-3200-mhz-rdimm-ecc,Micromad,has_dot
113552,3422.4,"3 422.40 DH","Imprimante Canon i-SENSYS LBP633Cdw laser couleur (5159C001AA)",imprimante-canon-i-sensys-lbp633cdw-laser-couleur-5159c001aa,Technoplace,has_dot
133581,3422.4,"3 422.40 DH","Lexmark 12A7415 Cartouche de tonerOriginal Noir",lexmark-12a7415-cartouche-de-toner-original-noir,"NGT Maroc",has_dot
131410,3427.2,"3 427.20 DH","HP 645A Cartouche de tonerOriginal Noir (C9730A)",hp-645a-cartouche-de-toner-original-noir-c9730a,"NGT Maroc",has_dot
123039,3433.2,"3 433.20 DH","Lexmark 76C00Y0 Cartouche de toner Original Jaune",lexmark-76c00y0-cartouche-de-toner-original-jaune,"NGT Maroc",has_dot
130812,3433.2,"3 433.20 DH","Lexmark X748H1YG Cartouche de tonerOriginal Jaune",lexmark-x748h1yg-cartouche-de-toner-original-jaune,"NGT Maroc",has_dot
130815,3433.2,"3 433.20 DH","Lexmark X748H1MG Cartouche de tonerOriginal Magenta",lexmark-x748h1mg-cartouche-de-toner-original-magenta,"NGT Maroc",has_dot
130818,3433.2,"3 433.20 DH","Lexmark X748H1CG Cartouche de tonerOriginal Cyan",lexmark-x748h1cg-cartouche-de-toner-original-cyan,"NGT Maroc",has_dot
130821,3433.2,"3 433.20 DH","Lexmark C748H1YG Cartouche de tonerOriginal Jaune",lexmark-c748h1yg-cartouche-de-toner-original-jaune,"NGT Maroc",has_dot
130824,3433.2,"3 433.20 DH","Lexmark C748H1MG Cartouche de tonerOriginal Magenta",lexmark-c748h1mg-cartouche-de-toner-original-magenta,"NGT Maroc",has_dot
131178,3433.2,"3 433.20 DH","Lexmark C748H1CG Cartouche de tonerOriginal Cyan",lexmark-c748h1cg-cartouche-de-toner-original-cyan,"NGT Maroc",has_dot
129931,3435.95,"3 435.95 DH","HP 773 tête d'impression DesignJet noir mat/cyan",hp-773-tete-d-impression-design-jet-noir-mat-cyan,Technoplace,has_dot
133656,3441.6,"3 441.60 DH","Lexmark 1382920 Cartouche de tonerOriginal Noir",lexmark-1382920-cartouche-de-toner-original-noir,"NGT Maroc",has_dot
137642,3441.6,"3 441.60 DH","Samsung Odyssey G5 32&quot; LED Wide Quad HD 1 ms Noir",samsung-odyssey-g5-32-quot-led-wide-quad-hd-1-ms-noir,Technoplace,has_dot
130944,3447.6,"3 447.60 DH","HP 51A toner LaserJet noir authentique",hp-51a-toner-laser-jet-noir-authentique,"Ink Solutions Maroc",has_dot
137953,3449.41,"3 449.41 DH","Lenovo ThinkVision T24v-20 60,5 cm (23.8"") 1920 x 1080 pixels Full HD LED Noir (61FCMAT6EU)",lenovo-think-vision-t24v-20-60-5-cm-23-8-1920-x-1080-pixels-full-hd-led-noir-61fcmat6eu,Technoplace,has_dot
137492,3453.34,"3 453.34 DH","Samsung ViewFinity S5 S50GC 86,4 cm (34"") 3440 x 1440 pixels UltraWide Quad HD LED Noir (LS34C500GAUXEN)",samsung-view-finity-s5-s50gc-86-4-cm-34-3440-x-1440-pixels-ultra-wide-quad-hd-led-noir-ls34c500gauxen,Technoplace,has_dot
137211,3453.6,"3 453.60 DH","HP LaserJet Pro Imprimante multifonction M227fdn, Noir et blanc, Imprimante pour Entreprises, Impression, copie, scan, fax",hp-laser-jet-pro-imprimante-multifonction-m227fdn-noir-et-blanc-imprimante-pour-entreprises-impression-copie-scan-fax,Technoplace,has_dot
138086,3460.8,"3 460.80 DH","HP 32s 31.5"" Full HD LED Noir",hp-32s-31-5-full-hd-led-noir,Technoplace,has_dot
134551,3466.67,"3 466.67 DH","HPE P28586-B21 disque dur 2.5"" 1,2 To SAS",hpe-p28586-b21-disque-dur-2-5-1-2-to-sas,Technoplace,has_dot
130104,3471.6,"3 471.60 DH","HP 91 DesignJet cartouche d'encre pigmentée gris clair, 775 ml",hp-91-design-jet-cartouche-d-encre-pigmentee-gris-clair-775-ml,"NGT Maroc",has_dot
130108,3471.6,"3 471.60 DH","HP 91 DesignJet cartouche d'encre noire photo, 775 ml",hp-91-design-jet-cartouche-d-encre-noire-photo-775-ml,"NGT Maroc",has_dot
130111,3471.6,"3 471.60 DH","HP 91 DesignJet cartouche d'encre noir mat, 775 ml (C9464A)",hp-91-design-jet-cartouche-d-encre-noir-mat-775-ml-c9464a,"NGT Maroc",has_dot
130117,3471.6,"3 471.60 DH","HP 91 cartouche d'encre à pigments jaune 775 ml",hp-91-cartouche-d-encre-a-pigments-jaune-775-ml,"NGT Maroc",has_dot
130121,3471.6,"3 471.60 DH","HP 91 DesignJet cartouche d'encre pigmentée magenta, 775 ml",hp-91-design-jet-cartouche-d-encre-pigmentee-magenta-775-ml,"NGT Maroc",has_dot
130125,3471.6,"3 471.60 DH","HP 91 DesignJet cartouche d'encre pigmentée cyan, 775 ml",hp-91-design-jet-cartouche-d-encre-pigmentee-cyan-775-ml,"NGT Maroc",has_dot
130128,3471.6,"3 471.60 DH","HP 91 DesignJet cartouche d'encre pigmentée magenta clair, 775 ml",hp-91-design-jet-cartouche-d-encre-pigmentee-magenta-clair-775-ml,"NGT Maroc",has_dot
131346,3471.6,"3 471.60 DH","HP 91 DesignJet cartouche d'encre pigmentée cyan clair, 775 ml",hp-91-design-jet-cartouche-d-encre-pigmentee-cyan-clair-775-ml,"NGT Maroc",has_dot
130551,3486.11,"3 486.11 DH","HP 647A toner LaserJet noir authentique",hp-647a-toner-laser-jet-noir-authentique,Technoplace,has_dot
135355,3488.8,"3 488.80 DH","TP-LINK TL-SG1048 commutateur réseau Non-géré Gigabit Ethernet (10/100/1000) 1U Noir (TL-SG1048)",tp-link-tl-sg1048-commutateur-reseau-non-gere-gigabit-ethernet-10-100-1000-1u-noir-tl-sg1048,Technoplace,has_dot
143021,3495.6,"3 495.60 DH","D-Link AC2202 1000 Mbit/s Or, Blanc",d-link-ac2202-1000-mbit-s-or-blanc,Technoplace,has_dot
122282,3498.61,"3 498.61 DH","Samsung Galaxy Watch6 Bluetooth (44mm)",samsung-galaxy-watch6-bluetooth-44mm,Technoplace,has_dot
131907,3507.01,"3 507.01 DH","Samsung MLT-D205E Cartouche de tonerOriginal Noir",samsung-mlt-d205e-cartouche-de-toner-original-noir,Technoplace,has_dot
129506,3507.6,"3 507.60 DH","HP 641A Cartouche de tonerOriginal Cyan (C9721A)",hp-641a-cartouche-de-toner-original-cyan-c9721a,"NGT Maroc",has_dot
129508,3507.6,"3 507.60 DH","HP 641A Cartouche de tonerOriginal Magenta (C9723A)",hp-641a-cartouche-de-toner-original-magenta-c9723a,"NGT Maroc",has_dot
130294,3507.6,"3 507.60 DH","HP 641A Cartouche de tonerOriginal Jaune (C9722A)",hp-641a-cartouche-de-toner-original-jaune-c9722a,"NGT Maroc",has_dot
131382,3507.6,"3 507.60 DH","HP 643A toner LaserJet magenta authentique",hp-643a-toner-laser-jet-magenta-authentique,"NGT Maroc",has_dot
131387,3507.6,"3 507.60 DH","HP 643A toner LaserJet cyan authentique",hp-643a-toner-laser-jet-cyan-authentique,"NGT Maroc",has_dot
131392,3507.6,"3 507.60 DH","HP 643A toner LaserJet jaune authentique",hp-643a-toner-laser-jet-jaune-authentique,"NGT Maroc",has_dot
112049,3523.2,"3 523.20 DH","Lexmark C925H2CG Cartouche de toner Original Cyan",lexmark-c925h2cg-cartouche-de-toner-original-cyan,"NGT Maroc",has_dot
112073,3523.2,"3 523.20 DH","Lexmark C925H2MG Cartouche de toner Original Magenta",lexmark-c925h2mg-cartouche-de-toner-original-magenta,"NGT Maroc",has_dot
112896,3523.2,"3 523.20 DH","Lexmark Magenta High Yield Toner Cartridge for C524 Cartouche de toner Original",lexmark-magenta-high-yield-toner-cartridge-for-c524-cartouche-de-toner-original,"NGT Maroc",has_dot
112907,3523.2,"3 523.20 DH","Lexmark Yellow High Yield Toner Cartridge for C524 Cartouche de toner Original Jaune",lexmark-yellow-high-yield-toner-cartridge-for-c524-cartouche-de-toner-original-jaune,"NGT Maroc",has_dot
112910,3523.2,"3 523.20 DH","Lexmark Cyan High Yield Toner Cartridge for C524 Cartouche de toner Original",lexmark-cyan-high-yield-toner-cartridge-for-c524-cartouche-de-toner-original,"NGT Maroc",has_dot
133385,3523.2,"3 523.20 DH","Lexmark X746A2YG Cartouche de tonerOriginal Jaune",lexmark-x746a2yg-cartouche-de-toner-original-jaune,"NGT Maroc",has_dot
133391,3523.2,"3 523.20 DH","Lexmark X746A2CG Cartouche de tonerOriginal Cyan",lexmark-x746a2cg-cartouche-de-toner-original-cyan,"NGT Maroc",has_dot
133394,3523.2,"3 523.20 DH","Lexmark X746A2MG Cartouche de tonerOriginal Magenta",lexmark-x746a2mg-cartouche-de-toner-original-magenta,"NGT Maroc",has_dot
132382,3524.3,"3 524.30 DH","HP 125A pack de 2 toners LaserJet noir authentiques",hp-125a-pack-de-2-toners-laser-jet-noir-authentiques,"Ink Solutions Maroc",has_dot
135075,3536.27,"3 536.27 DH","Aruba Instant On 1430 24G Non-géré L2 Gigabit Ethernet (10/100/1000) 1U Blanc",aruba-instant-on-1430-24g-non-gere-l2-gigabit-ethernet-10-100-1000-1u-blanc,Technoplace,has_dot
122357,3553.33,"3 553.33 DH","Montre Connectée SAMSUNG Galaxy Watch 4 Classique Bluetooth 46 MM - Noir",montre-connectee-samsung-galaxy-watch-4-classique-bluetooth-46-mm-noir,Technoplace,has_dot
122701,3553.85,"3 553.85 DH","Samsung Galaxy A52 8Go 128Go Violet",samsung-galaxy-a52-8go-128go-violet,Technoplace,has_dot
122703,3553.85,"3 553.85 DH","Samsung Galaxy A52 8Go 128Go Bleu",samsung-galaxy-a52-8go-128go-bleu,Technoplace,has_dot
122807,3553.85,"3 553.85 DH","Samsung Galaxy A52 8Go 128Go Blanc",samsung-galaxy-a52-8go-128go-blanc,Technoplace,has_dot
144924,3553.85,"3 553.85 DH","Smartphone  SAMSUNG Galaxy A52 6.5”8 GB 128 GB Black (SM-A525FZKHMWD)",smartphone-samsung-galaxy-a52-6-5-8-gb-128-gb-black-sm-a525fzkhmwd,Technoplace,has_dot
137950,3555.72,"3 555.72 DH","Lenovo ThinkVision M14 14&quot; LED Full HD 6 ms Noir",lenovo-think-vision-m14-14-quot-led-full-hd-6-ms-noir,Technoplace,has_dot
136224,3558.67,"3 558.67 DH","Imprimante Multifonction Laser Monochrome HP LaserJet M236sdw (9YG09A)",imprimante-multifonction-laser-monochrome-hp-laser-jet-m236sdw-9yg09a,Technoplace,has_dot
129769,3569.28,"3 569.28 DH","HP Cartouche de toner noir 212A LaserJet authentique",hp-cartouche-de-toner-noir-212a-laser-jet-authentique,Technoplace,has_dot
113741,3581.33,"3 581.33 DH","Epson TM-T88VII (112): USB, Ethernet, Serial, PS, Black",epson-tm-t88vii-112-usb-ethernet-serial-ps-black,Technoplace,has_dot
137621,3586.8,"3 586.80 DH","Samsung Odyssey C27G55TQBU 27&quot; LED Wide Quad HD 1 ms Noir",samsung-odyssey-c27g55tqbu-27-quot-led-wide-quad-hd-1-ms-noir,Technoplace,has_dot
130920,3590.4,"3 590.40 DH","Lexmark 12A6860 Cartouche de tonerOriginal Noir",lexmark-12a6860-cartouche-de-toner-original-noir,"NGT Maroc",has_dot
122518,3592.67,"3 592.67 DH","Samsung Galaxy A25 5G - 6Go / 128Go (Dual SIM)",samsung-galaxy-a25-5g-6go-128go-dual-sim,Technoplace,has_dot
114155,3598.8,"3 598.80 DH","Imprimante 3en1 HP Neverstop 1200a Laser Multifonction (4QD21A) - Blanc",imprimante-3en1-hp-neverstop-1200a-laser-multifonction-4qd21a-blanc,Technoplace,has_dot
130671,3615.3,"3 615.30 DH","HP 410X Cartouche de tonerOriginal Noir (CF410X)",hp-410x-cartouche-de-toner-original-noir-cf410x,"Ink Solutions Maroc",has_dot
129798,3618.32,"3 618.32 DH","HP Cartouche d’encre 730 DesignJet magenta, 300 ml",hp-cartouche-d-encre-730-design-jet-magenta-300-ml,Technoplace,has_dot
129802,3618.32,"3 618.32 DH","HP Cartouche d’encre 730 DesignJet cyan, 300 ml",hp-cartouche-d-encre-730-design-jet-cyan-300-ml,Technoplace,has_dot
108896,3626.4,"3 626.40 DH","Logitech Rally Speaker Noir Avec fil (960-001230)",logitech-rally-speaker-noir-avec-fil-960-001230,Technoplace,has_dot
114173,3626.66,"3 626.66 DH","Epson TM-T88V série USB + PS-180 + câble AC",epson-tm-t88v-serie-usb-ps-180-cable-ac,Technoplace,has_dot
142093,3626.66,"3 626.66 DH","Canon imageFORMULA P-215II Alimentation papier de scanner 600 x 600 DPI A4 Noir, Gris (9705B003)",canon-image-formula-p-215ii-alimentation-papier-de-scanner-600-x-600-dpi-a4-noir-gris-9705b003,Technoplace,has_dot
130615,3640.58,"3 640.58 DH","HP Cartouche d’encre magenta PageWide 982X grande capacité authentique",hp-cartouche-d-encre-magenta-page-wide-982x-grande-capacite-authentique,Technoplace,has_dot
130623,3640.58,"3 640.58 DH","HP Cartouche d’encre jaune PageWide 982X grande capacité authentique",hp-cartouche-d-encre-jaune-page-wide-982x-grande-capacite-authentique,Technoplace,has_dot
112899,3646.8,"3 646.80 DH","Lexmark Black High Yield Toner Cartridge for C524 Cartouche de toner Original Noir",lexmark-black-high-yield-toner-cartridge-for-c524-cartouche-de-toner-original-noir,"NGT Maroc",has_dot
116500,3648.96,"3 648.96 DH","Pc portable Asus Vivobook E210M (90NB0R44-M003R0)",pc-portable-asus-vivobook-e210m-90nb0r44-m003r0,Technoplace,has_dot
116502,3648.96,"3 648.96 DH","Pc portable Asus Vivobook E210M (90NB0R42-M003P0)",pc-portable-asus-vivobook-e210m-90nb0r42-m003p0,Technoplace,has_dot
116684,3648.96,"3 648.96 DH","Asus Vivobook E210M (90NB0R41-M005M0)",asus-vivobook-e210m-90nb0r41-m005m0,Technoplace,has_dot
134697,3656.4,"3 656.40 DH","Seagate IronWolf ST8000VN0022 disque dur 3.5"" 8000 Go Série ATA III",seagate-iron-wolf-st8000vn0022-disque-dur-3-5-8000-go-serie-ata-iii,Technoplace,has_dot
128269,3657.6,"3 657.60 DH","Lexmark T650A21E Cartouche de tonerOriginal Noir",lexmark-t650a21e-cartouche-de-toner-original-noir,"NGT Maroc",has_dot
133445,3657.6,"3 657.60 DH","Lexmark X651A21E Cartouche de tonerOriginal Noir",lexmark-x651a21e-cartouche-de-toner-original-noir,"NGT Maroc",has_dot
133607,3657.6,"3 657.60 DH","Lexmark E450H21E Cartouche de tonerOriginal Noir",lexmark-e450h21e-cartouche-de-toner-original-noir,"NGT Maroc",has_dot
113989,3665.68,"3 665.68 DH","Epson TM-M30 203 x 203 DPI Avec fil Thermique directe Imprimantes POS",epson-tm-m30-203-x-203-dpi-avec-fil-thermique-directe-imprimantes-pos,Technoplace,has_dot
113700,3666.67,"3 666.67 DH","Imprimante A4 Multifonction Laser Monochrome Canon i-SENSYS MF3010 +2 Toner 725 (5252B034AA)",imprimante-a4-multifonction-laser-monochrome-canon-i-sensys-mf3010-2-toner-725-5252b034aa,Technoplace,has_dot
131022,3667.3,"3 667.30 DH","HP LaserJet Toner noir 659A authentique",hp-laser-jet-toner-noir-659a-authentique,"Ink Solutions Maroc",has_dot
137646,3679.12,"3 679.12 DH","Écran Gaming incurvé 27"" Full HD Samsung 240 Hz - Courbure 1500R (LC27RG50FQMXZN)",ecran-gaming-incurve-27-full-hd-samsung-240-hz-courbure-1500r-lc27rg50fqmxzn,Technoplace,has_dot
131892,3688.8,"3 688.80 DH","Samsung ML-D4550B Cartouche de tonerOriginal Noir",samsung-ml-d4550b-cartouche-de-toner-original-noir,"NGT Maroc",has_dot
112974,3691.2,"3 691.20 DH","Lexmark X422 Print Cartridge Cartouche de toner Original Noir",lexmark-x422-print-cartridge-cartouche-de-toner-original-noir,"NGT Maroc",has_dot
122375,3692.3,"3 692.30 DH","Samsung Galaxy Watch3 45 mm Argent GPS (satellite)",samsung-galaxy-watch3-45-mm-argent-gps-satellite,Technoplace,has_dot
143000,3702.4,"3 702.40 DH","HUAWEI AirEngine5762-12(11ax Indoor,2+2 Dual Bands,Smart Antenna,BLE) 12M.",huawei-air-engine5762-12-11ax-indoor-2-2-dual-bands-smart-antenna-ble-12m,Technoplace,has_dot
141901,3706.8,"3 706.80 DH","Scanner mobile Canon ImageFORMULA P-215II (9705B003AE)",scanner-mobile-canon-image-formula-p-215ii-9705b003ae,Technoplace,has_dot
130009,3707.39,"3 707.39 DH","HP 771 tête d’impression Jet d'encre",hp-771-tete-d-impression-jet-d-encre,Technoplace,has_dot
130256,3718.8,"3 718.80 DH","HP 90 tête d'impression et dispositif de nettoyage de tête d'impression DesignJet jaune",hp-90-tete-d-impression-et-dispositif-de-nettoyage-de-tete-d-impression-design-jet-jaune,Technoplace,has_dot
130804,3722.4,"3 722.40 DH","HP 651A toner LaserJet noir authentique",hp-651a-toner-laser-jet-noir-authentique,Technoplace,has_dot
133474,3724.8,"3 724.80 DH","Lexmark C736H2KG Cartouche de tonerOriginal Noir",lexmark-c736h2kg-cartouche-de-toner-original-noir,"NGT Maroc",has_dot
137000,3729.6,"3 729.60 DH","Imprimante Jet d'Encre EPSON à Réservoir Intégré ECOTANK ITS L4150 3En1 Couleur Wifi",imprimante-jet-d-encre-epson-a-reservoir-integre-ecotank-its-l4150-3en1-couleur-wifi,Technoplace,has_dot
125809,3733.33,"3 733.33 DH","TV Samsung 40"" Full HD Smart TV Série 5 - Wifi (UA40T5300AUXMV)",tv-samsung-40-full-hd-smart-tv-serie-5-wifi-ua40t5300auxmv,Technoplace,has_dot
126516,3733.33,"3 733.33 DH","Hewlett Packard Enterprise P00922-B21 Barrette Mémoire 16 Go 1 x 16 Go DDR4 2933 MHz (P00922-B21)",hewlett-packard-enterprise-p00922-b21-barrette-memoire-16-go-1-x-16-go-ddr4-2933-m-hz-p00922-b21,Technoplace,has_dot
137773,3733.33,"3 733.33 DH","Samsung 32"" UHD 3840x2160 60z 250cdm2 2500:1 80 cm (31.5"") 3840 x 2160 pixels 4K Ultra HD LED Gris (LU32R590CWPXEN)",samsung-32-uhd-3840x2160-60z-250cdm2-2500-1-80-cm-31-5-3840-x-2160-pixels-4k-ultra-hd-led-gris-lu32r590cwpxen,Technoplace,has_dot
142124,3733.33,"3 733.33 DH","Synology DiskStation DS223 serveur de stockage NAS Bureau Ethernet/LAN RTD1619B",synology-disk-station-ds223-serveur-de-stockage-nas-bureau-ethernet-lan-rtd1619b,Technoplace,has_dot
129580,3742.19,"3 742.19 DH","HP 713 tête d’impression A jet d'encre thermique",hp-713-tete-d-impression-a-jet-d-encre-thermique,Technoplace,has_dot
135738,3746.66,"3 746.66 DH","Epson EcoTank L8050 imprimante jets d'encres Couleur 5760 x 1440 DPI A4 Wifi",epson-eco-tank-l8050-imprimante-jets-d-encres-couleur-5760-x-1440-dpi-a4-wifi,Technoplace,has_dot
136332,3746.66,"3 746.66 DH","Epson C11CJ88404 imprimante jets d'encres",epson-c11cj88404-imprimante-jets-d-encres,Technoplace,has_dot
136548,3751.33,"3 751.33 DH","HP Smart Tank 720 All-in-One A jet d'encre thermique A4 4800 x 1200 DPI 15 ppm Wifi",hp-smart-tank-720-all-in-one-a-jet-d-encre-thermique-a4-4800-x-1200-dpi-15-ppm-wifi,Technoplace,has_dot
112113,3758.4,"3 758.40 DH","Lexmark T430 Cartouche de toner Original Noir",lexmark-t430-cartouche-de-toner-original-noir,"NGT Maroc",has_dot
128609,3758.4,"3 758.40 DH","Lexmark 60F0HA0 Cartouche de tonerOriginal Noir",lexmark-60f0ha0-cartouche-de-toner-original-noir,"NGT Maroc",has_dot
133371,3758.4,"3 758.40 DH","Lexmark 50F0XA0 Cartouche de tonerOriginal Noir",lexmark-50f0xa0-cartouche-de-toner-original-noir,"NGT Maroc",has_dot
116406,3759.84,"3 759.84 DH","Pc portable Asus X409MA (90NB0Q24-M02270)",pc-portable-asus-x409ma-90nb0q24-m02270,Technoplace,has_dot
132632,3771.23,"3 771.23 DH","HP 90A toner LaserJet noir authentique",hp-90a-toner-laser-jet-noir-authentique,Technoplace,has_dot
130687,3771.3,"3 771.30 DH","HP Lot de 2 toners authentiques noir haute capacité LaserJet 131X",hp-lot-de-2-toners-authentiques-noir-haute-capacite-laser-jet-131x,"Ink Solutions Maroc",has_dot
131100,3771.3,"3 771.30 DH","HP 981Y cartouche PageWide Noir extra grande capacité authentique",hp-981y-cartouche-page-wide-noir-extra-grande-capacite-authentique,"Ink Solutions Maroc",has_dot
131699,3776.51,"3 776.51 DH","HP Cartouche de toner noir authentique 37A LaserJet",hp-cartouche-de-toner-noir-authentique-37a-laser-jet,Technoplace,has_dot
128125,3781.2,"3 781.20 DH","Lexmark 15G041Y Cartouche de tonerOriginal Jaune",lexmark-15g041y-cartouche-de-toner-original-jaune,"NGT Maroc",has_dot
128134,3781.2,"3 781.20 DH","Lexmark Cyan Return Program Print Cartridge for C770/C772 Cartouche de toner Original",lexmark-cyan-return-program-print-cartridge-for-c770-c772-cartouche-de-toner-original,"NGT Maroc",has_dot
128151,3781.2,"3 781.20 DH","Lexmark Yellow Return Program Print Cartridge for C770/C772 Cartouche de toner Original Jaune",lexmark-yellow-return-program-print-cartridge-for-c770-c772-cartouche-de-toner-original-jaune,"NGT Maroc",has_dot
130055,3781.2,"3 781.20 DH","Lexmark C780A1CG Cartouche de tonerOriginal Cyan",lexmark-c780a1cg-cartouche-de-toner-original-cyan,"NGT Maroc",has_dot
131262,3781.2,"3 781.20 DH","Lexmark C780A1MG Cartouche de tonerOriginal Magenta",lexmark-c780a1mg-cartouche-de-toner-original-magenta,"NGT Maroc",has_dot
131265,3781.2,"3 781.20 DH","Lexmark C780A1YG Cartouche de tonerOriginal Jaune",lexmark-c780a1yg-cartouche-de-toner-original-jaune,"NGT Maroc",has_dot
131320,3781.2,"3 781.20 DH","Lexmark 15G041C Cartouche de tonerOriginal Cyan",lexmark-15g041c-cartouche-de-toner-original-cyan,"NGT Maroc",has_dot
131323,3781.2,"3 781.20 DH","Lexmark X560A2YG Cartouche de tonerOriginal Jaune",lexmark-x560a2yg-cartouche-de-toner-original-jaune,"NGT Maroc",has_dot
131325,3781.2,"3 781.20 DH","Lexmark X560A2MG Cartouche de tonerOriginal Magenta",lexmark-x560a2mg-cartouche-de-toner-original-magenta,"NGT Maroc",has_dot
131328,3781.2,"3 781.20 DH","Lexmark X560A2CG Cartouche de tonerOriginal Cyan",lexmark-x560a2cg-cartouche-de-toner-original-cyan,"NGT Maroc",has_dot
133559,3781.2,"3 781.20 DH","Lexmark 15G041M Cartouche de tonerOriginal Magenta",lexmark-15g041m-cartouche-de-toner-original-magenta,"NGT Maroc",has_dot
133619,3781.2,"3 781.20 DH","Lexmark Magenta Return Program Print Cartridge for C770/C772 Cartouche de toner Original",lexmark-magenta-return-program-print-cartridge-for-c770-c772-cartouche-de-toner-original,"NGT Maroc",has_dot
134713,3783.53,"3 783.53 DH","Seagate IronWolf 8 TB ST8000VN004 3.5"" HDD SATA III (ST8000VN004)",seagate-iron-wolf-8-tb-st8000vn004-3-5-hdd-sata-iii-st8000vn004,Technoplace,has_dot
134752,3796.8,"3 796.80 DH","Western Digital Purple 3.5"" 8000 Go Série ATA III",western-digital-purple-3-5-8000-go-serie-ata-iii,Technoplace,has_dot
124047,3802.8,"3 802.80 DH","Jabra Evolve 75 Casque Avec fil &sans fil Arceau Appels/Musique Bluetooth Noir",jabra-evolve-75-casque-avec-fil-sans-fil-arceau-appels-musique-bluetooth-noir,"Iris.ma Maroc",has_dot
114034,3819.34,"3 819.34 DH","HP CE247A unité de fixation (fusers) (CE247A)",hp-ce247a-unite-de-fixation-fusers-ce247a,Technoplace,has_dot
132563,3823.3,"3 823.30 DH","HP 126A pack de 3 toners LaserJet cyan/magenta/jaune authentiques",hp-126a-pack-de-3-toners-laser-jet-cyan-magenta-jaune-authentiques,"Ink Solutions Maroc",has_dot
139973,3828.44,"3 828.44 DH","Asus X409MA Intel Celeron N4020 14.0 HD 4G 1To HDD Win 10 Silver (90NB0Q21-M02260)",asus-x409ma-intel-celeron-n4020-14-0-hd-4g-1to-hdd-win-10-silver-90nb0q21-m02260,Technoplace,has_dot
129978,3829.87,"3 829.87 DH","HP H 711 kit de remplacement pour tête d'impression DesignJet",hp-h-711-kit-de-remplacement-pour-tete-d-impression-design-jet,Technoplace,has_dot
113277,3844.8,"3 844.80 DH","HPE Aruba Instant On 1830 Smart 24G 2SFP Switch (JL812A)",hpe-aruba-instant-on-1830-smart-24g-2sfp-switch-jl812a,Technoplace,has_dot
129776,3845.33,"3 845.33 DH","HP Toner magenta LaserJet 658A authentique",hp-toner-magenta-laser-jet-658a-authentique,Technoplace,has_dot
112966,3848.4,"3 848.40 DH","Lexmark C752, C762 Black High Yield Print Cartridge Cartouche de toner Original Noir",lexmark-c752-c762-black-high-yield-print-cartridge-cartouche-de-toner-original-noir,"NGT Maroc",has_dot
129404,3848.4,"3 848.40 DH","Lexmark C782X2KG Cartouche de tonerOriginal Noir",lexmark-c782x2kg-cartouche-de-toner-original-noir,"NGT Maroc",has_dot
133565,3848.4,"3 848.40 DH","Lexmark C7722KX Cartouche de tonerOriginal Noir",lexmark-c7722kx-cartouche-de-toner-original-noir,"NGT Maroc",has_dot
113831,3853.2,"3 853.20 DH","HP Color Laser Imprimante multifonction laser couleur 178nw, Impression, copie, numérisation, Numérisation vers PDF",hp-color-laser-imprimante-multifonction-laser-couleur-178nw-impression-copie-numerisation-numerisation-vers-pdf,Technoplace,has_dot
138790,3853.2,"3 853.20 DH","Pc de bureau Lenovo ThinkCentre neo 50s (11T0008DFM)",pc-de-bureau-lenovo-think-centre-neo-50s-11t0008dfm,Technoplace,has_dot
113801,3853.33,"3 853.33 DH","Epson TM-P20 203 x 203 DPI Avec fil &sans fil Thermique Imprimantes POS",epson-tm-p20-203-x-203-dpi-avec-fil-sans-fil-thermique-imprimantes-pos,Technoplace,has_dot
134017,3853.33,"3 853.33 DH","Hewlett Packard Enterprise 2TB 3.5"" 12G SAS 3.5"" 2000 Go (872485-B21)",hewlett-packard-enterprise-2tb-3-5-12g-sas-3-5-2000-go-872485-b21,Technoplace,has_dot
134387,3854.66,"3 854.66 DH","Hewlett Packard Enterprise 801888-B21 disque dur 3.5"" 4000 Go Série ATA III (801888-B21)",hewlett-packard-enterprise-801888-b21-disque-dur-3-5-4000-go-serie-ata-iii-801888-b21,Technoplace,has_dot
122509,3858.67,"3 858.67 DH","SAMSUNG Galaxy A25 5G (Dual Sim | 256 GB)",samsung-galaxy-a25-5g-dual-sim-256-gb,Technoplace,has_dot
122589,3866.4,"3 866.40 DH","Samsung Galaxy A34 5G (Dual Sim) - 128 Go (SM-A346EZSCMWD)",samsung-galaxy-a34-5g-dual-sim-128-go-sm-a346ezscmwd,Technoplace,has_dot
144934,3866.4,"3 866.40 DH","Smartphone Samsung Galaxy A34 8GB_128GB Awesome Lime (SM-A346ELGCMWD)",smartphone-samsung-galaxy-a34-8gb-128gb-awesome-lime-sm-a346elgcmwd,Technoplace,has_dot
144943,3866.4,"3 866.40 DH","Smartphone Samsung Galaxy A34 8GB_128GB Noir (SM-A346EZKCMWD)",smartphone-samsung-galaxy-a34-8gb-128gb-noir-sm-a346ezkcmwd,Technoplace,has_dot
140066,3885.49,"3 885.49 DH","PC Portable LENOVO IdeaPad 3 15IGL05 Intel Celeron N4020 15,6"" 4Go 1To HDD (81WQ00GXFE)",pc-portable-lenovo-idea-pad-3-15igl05-intel-celeron-n4020-15-6-4go-1to-hdd-81wq00gxfe,Technoplace,has_dot
114812,3889.2,"3 889.20 DH","Ecran Incurvé SAMSUNG 24"" FULL HD (LC24FG70FQMXZN)",ecran-incurve-samsung-24-full-hd-lc24fg70fqmxzn,Technoplace,has_dot
129902,3904.8,"3 904.80 DH","HP Cartouche d'encre gris foncé 765 Designjet, 775 ml",hp-cartouche-d-encre-gris-fonce-765-designjet-775-ml,"NGT Maroc",has_dot
117151,3933.34,"3 933.34 DH","HP Scanjet Pro 2600 f1 Numériseur à plat et adf 600 x 600 DPI A4 Blanc",hp-scanjet-pro-2600-f1-numeriseur-a-plat-et-adf-600-x-600-dpi-a4-blanc,Technoplace,has_dot
134119,3933.34,"3 933.34 DH","Hewlett Packard Enterprise 1TB 6G SFF 2.5"" 1024 Go SATA",hewlett-packard-enterprise-1tb-6g-sff-2-5-1024-go-sata,Technoplace,has_dot
133525,3949.2,"3 949.20 DH","Lexmark 12N0771 Cartouche de tonerOriginal Noir",lexmark-12n0771-cartouche-de-toner-original-noir,"NGT Maroc",has_dot
122624,3952.8,"3 952.80 DH","Smartphone Samsung Galaxy A7 (2017) Gold",smartphone-samsung-galaxy-a7-2017-gold,Technoplace,has_dot
113327,3958.67,"3 958.67 DH","IMPRIMANTE LASER COULEUR HP LASERJET PRO 3203DW (499N4A)",imprimante-laser-couleur-hp-laserjet-pro-3203dw-499n4a,Technoplace,has_dot
128220,3961.2,"3 961.20 DH","Lexmark E352H21E Cartouche de tonerOriginal Noir",lexmark-e352h21e-cartouche-de-toner-original-noir,"NGT Maroc",has_dot
131198,3961.2,"3 961.20 DH","Lexmark C792A1YG Cartouche de tonerOriginal Jaune",lexmark-c792a1yg-cartouche-de-toner-original-jaune,"NGT Maroc",has_dot
131200,3961.2,"3 961.20 DH","Lexmark C792A1MG Cartouche de tonerOriginal Magenta",lexmark-c792a1mg-cartouche-de-toner-original-magenta,"NGT Maroc",has_dot
131204,3961.2,"3 961.20 DH","Lexmark C792A1CG Cartouche de tonerOriginal Cyan",lexmark-c792a1cg-cartouche-de-toner-original-cyan,"NGT Maroc",has_dot
130690,3967.2,"3 967.20 DH","HP 653A toner magenta authentique LaserJet",hp-653a-toner-magenta-authentique-laser-jet,"NGT Maroc",has_dot
130693,3967.2,"3 967.20 DH","HP 653A toner jaune authentique LaserJet",hp-653a-toner-jaune-authentique-laser-jet,"NGT Maroc",has_dot
130698,3967.2,"3 967.20 DH","HP 653A toner cyan authentique LaserJet",hp-653a-toner-cyan-authentique-laser-jet,"NGT Maroc",has_dot
130626,3982.68,"3 982.68 DH","HP Cartouche de toner noir authentique 37Y LaserJet très grande capacité",hp-cartouche-de-toner-noir-authentique-37y-laser-jet-tres-grande-capacite,"NGT Maroc",has_dot
122997,3982.8,"3 982.80 DH","Lexmark 76C00M0 Cartouche de toner Original Magenta",lexmark-76c00m0-cartouche-de-toner-original-magenta,"NGT Maroc",has_dot
128652,3982.8,"3 982.80 DH","Lexmark C5342CX Cartouche de tonerOriginal Cyan",lexmark-c5342cx-cartouche-de-toner-original-cyan,"NGT Maroc",has_dot
131238,3982.8,"3 982.80 DH","Lexmark X560H2KG Cartouche de tonerOriginal Noir",lexmark-x560h2kg-cartouche-de-toner-original-noir,"NGT Maroc",has_dot
133596,3982.8,"3 982.80 DH","Lexmark C5342MX Cartouche de tonerOriginal Magenta",lexmark-c5342mx-cartouche-de-toner-original-magenta,"NGT Maroc",has_dot
133599,3982.8,"3 982.80 DH","Lexmark C5342YX Cartouche de tonerOriginal Jaune",lexmark-c5342yx-cartouche-de-toner-original-jaune,"NGT Maroc",has_dot
114576,3986.66,"3 986.66 DH","Ecran incurvé 32"" Samsung WQHD Odyssey G5 144 Hz - Courbure 1000R (LC32G55TQWMXZN)",ecran-incurve-32-samsung-wqhd-odyssey-g5-144-hz-courbure-1000r-lc32g55tqwmxzn,Technoplace,has_dot
135208,3986.67,"3 986.67 DH","TP-LINK TL-SG2428P commutateur réseau Gigabit Ethernet (10/100/1000) Noir Connexion Ethernet, supportant l'alimentation via ce p",tp-link-tl-sg2428p-commutateur-reseau-gigabit-ethernet-10-100-1000-noir-connexion-ethernet-supportant-l-alimentation-via-ce-p,Technoplace,has_dot
130906,3994.8,"3 994.80 DH","Lexmark 12A5840 Cartouche de tonerOriginal Noir",lexmark-12a5840-cartouche-de-toner-original-noir,"NGT Maroc",has_dot
111897,3996.88,"3 996.88 DH","HP 660A Original",hp-660a-original,Technoplace,has_dot
122627,4004.64,"4 004.64 DH","Smartphone Samsung Galaxy A6+ (2018) Double Sim Bleu",smartphone-samsung-galaxy-a6-2018-double-sim-bleu,Technoplace,has_dot
130987,4010.16,"4 010.16 DH","HP LaserJet Cartouche de toner noir 147A authentique",hp-laser-jet-cartouche-de-toner-noir-147a-authentique,Technoplace,has_dot
124035,4018.8,"4 018.80 DH","JABRA EVOLVE2 75 LINK380C MS/STEREO BLACK (27599-999-899)",jabra-evolve2-75-link380c-ms-stereo-black-27599-999-899,"Iris.ma Maroc",has_dot
130324,4018.8,"4 018.80 DH","HP 80 cartouche d'encre jaune 350 ml",hp-80-cartouche-d-encre-jaune-350-ml,Technoplace,has_dot
130333,4018.8,"4 018.80 DH","HP 80 cartouche d'encre DesignJet magenta, 350 ml",hp-80-cartouche-d-encre-design-jet-magenta-350-ml,Technoplace,has_dot
129869,4019.15,"4 019.15 DH","HP 728 DesignJet cartouche d'encre cyan, 300 ml",hp-728-design-jet-cartouche-d-encre-cyan-300-ml,Technoplace,has_dot
129871,4019.15,"4 019.15 DH","HP 728 DesignJet cartouche d'encre jaune, 300 ml",hp-728-design-jet-cartouche-d-encre-jaune-300-ml,Technoplace,has_dot
131134,4019.15,"4 019.15 DH","HP 728 DesignJet cartouche d'encre magenta, 300 ml",hp-728-design-jet-cartouche-d-encre-magenta-300-ml,Technoplace,has_dot
131244,4028.4,"4 028.40 DH","Lexmark X644A11E Cartouche de tonerOriginal Noir",lexmark-x644a11e-cartouche-de-toner-original-noir,"NGT Maroc",has_dot
133514,4028.4,"4 028.40 DH","Lexmark 12A7360 Cartouche de tonerOriginal Noir",lexmark-12a7360-cartouche-de-toner-original-noir,"NGT Maroc",has_dot
108673,4030.8,"4 030.80 DH","Evolve2 Buds MS, Cradle USB-A MS, Link 380 BT adapter USB-A MS, 30  cm USB-C to USB-A cable, Ear gels, warranty (20797-999-999)",evolve2-buds-ms-cradle-usb-a-ms-link-380-bt-adapter-usb-a-ms-30-cm-usb-c-to-usb-a-cable-ear-gels-warranty-20797-999-999,"Iris.ma Maroc",has_dot
134557,4042.67,"4 042.67 DH","HPE P28028-B21 disque dur 2.5"" 300 Go SAS",hpe-p28028-b21-disque-dur-2-5-300-go-sas,Technoplace,has_dot
135070,4046.53,"4 046.53 DH","Aruba Instant On 1430 26G 2SFP Non-géré L2 Gigabit Ethernet (10/100/1000) 1U Blanc",aruba-instant-on-1430-26g-2sfp-non-gere-l2-gigabit-ethernet-10-100-1000-1u-blanc,Technoplace,has_dot
113984,4054.94,"4 054.94 DH","Epson TM-T88VI (112): Serial, USB, Ethernet, Buzzer, PS, Black, EU",epson-tm-t88vi-112-serial-usb-ethernet-buzzer-ps-black-eu,Technoplace,has_dot
135145,4058.4,"4 058.40 DH","TP-Link Managed Switch L2+ JetStream, 24 porty gigabitowe, 4 sloty SFP+ 10 GE (TL-SG3428X)",tp-link-managed-switch-l2-jet-stream-24-porty-gigabitowe-4-sloty-sfp-10-ge-tl-sg3428x,Technoplace,has_dot
137879,4068.67,"4 068.67 DH","HP Z24f G3 23.8"" Full HD Argent",hp-z24f-g3-23-8-full-hd-argent,Technoplace,has_dot
111529,4072.8,"4 072.80 DH","Lexmark C734A2MG Cartouche de toner Original Magenta",lexmark-c734a2mg-cartouche-de-toner-original-magenta,"NGT Maroc",has_dot
111537,4072.8,"4 072.80 DH","Lexmark C734A2CG Cartouche de toner Original Cyan",lexmark-c734a2cg-cartouche-de-toner-original-cyan,"NGT Maroc",has_dot
112977,4072.8,"4 072.80 DH","Lexmark Optra S High Yield Return Program Print Cartridge for Label Applications Cartouche de toner Original Noir",lexmark-optra-s-high-yield-return-program-print-cartridge-for-label-applications-cartouche-de-toner-original-noir,"NGT Maroc",has_dot
128208,4072.8,"4 072.80 DH","Lexmark C734A2YG Cartouche de toner Original Jaune",lexmark-c734a2yg-cartouche-de-toner-original-jaune,"NGT Maroc",has_dot
133663,4072.8,"4 072.80 DH","Lexmark 1382925 Cartouche de tonerOriginal Noir",lexmark-1382925-cartouche-de-toner-original-noir,"NGT Maroc",has_dot
111619,4106.4,"4 106.40 DH","Lexmark X422 High Yield Return Program Print Cartridge Cartouche de toner Original Noir",lexmark-x422-high-yield-return-program-print-cartridge-cartouche-de-toner-original-noir,"NGT Maroc",has_dot
128637,4106.4,"4 106.40 DH","Hyperion 12A7315 Cartouche de tonerNoir",hyperion-12a7315-cartouche-de-toner-noir,"NGT Maroc",has_dot
111701,4117.2,"4 117.20 DH","Lexmark C792X1KG Cartouche de toner Original Noir",lexmark-c792x1kg-cartouche-de-toner-original-noir,"NGT Maroc",has_dot
116386,4119.6,"4 119.60 DH","Pc Portable Asus S509J (90NB0QE1-M09140)",pc-portable-asus-s509j-90nb0qe1-m09140,Technoplace,has_dot
115313,4120.8,"4 120.80 DH","PC de Bureau LENOVO V530S SFF i3 8è Gén 4Go 1To (10TX000AFM)",pc-de-bureau-lenovo-v530s-sff-i3-8e-gen-4go-1to-10tx000afm,Technoplace,has_dot
138919,4120.8,"4 120.80 DH","Pc de bureau Lenovo IdeaCentre AIO 330-20IGM / Quad Core / 4Go",pc-de-bureau-lenovo-idea-centre-aio-330-20igm-quad-core-4go,Technoplace,has_dot
137051,4125.34,"4 125.34 DH","Epson WorkForce WF-100W imprimante jets d'encres Couleur 5760 x 1440 DPI A4 Wifi (C11CE05403)",epson-work-force-wf-100w-imprimante-jets-d-encres-couleur-5760-x-1440-dpi-a4-wifi-c11ce05403,Technoplace,has_dot
112913,4129.2,"4 129.20 DH","Lexmark Black Toner Kit for C920 Cartouche de toner Original Noir",lexmark-black-toner-kit-for-c920-cartouche-de-toner-original-noir,"NGT Maroc",has_dot
136258,4133.33,"4 133.33 DH","Epson C11CJ65405 imprimante jets d'encres",epson-c11cj65405-imprimante-jets-d-encres,Technoplace,has_dot
109477,4158.34,"4 158.34 DH","Epson EB-X05",epson-eb-x05,"Bestmark Maroc",has_dot
134147,4161.6,"4 161.60 DH","Seagate NAS IronWolf 12 TB 3.5"" SATA III (ST12000VN0008)",seagate-nas-iron-wolf-12-tb-3-5-sata-iii-st12000vn0008,MSLAND,has_dot
137098,4165.84,"4 165.84 DH","Epson EcoTank L6190 Jet d'encre A4 4800 x 1200 DPI 33 ppm Wifi",epson-eco-tank-l6190-jet-d-encre-a4-4800-x-1200-dpi-33-ppm-wifi,"Bestmark Maroc",has_dot
136715,4173.89,"4 173.89 DH","Epson EcoTank M3140 Jet d'encre A4 1200 x 2400 DPI 20 ppm (C11CG91404)",epson-eco-tank-m3140-jet-d-encre-a4-1200-x-2400-dpi-20-ppm-c11cg91404,Technoplace,has_dot
129703,4186.13,"4 186.13 DH","HP 981Y cartouche PageWide Jaune extra grande capacité authentique",hp-981y-cartouche-page-wide-jaune-extra-grande-capacite-authentique,Technoplace,has_dot
129707,4186.13,"4 186.13 DH","HP 981Y cartouche PageWide Cyan extra grande capacité authentique",hp-981y-cartouche-page-wide-cyan-extra-grande-capacite-authentique,Technoplace,has_dot
136769,4195.51,"4 195.51 DH","Epson EcoTank L5190 Jet d'encre A4 5760 x 1440 DPI Wifi",epson-eco-tank-l5190-jet-d-encre-a4-5760-x-1440-dpi-wifi,Technoplace,has_dot
136929,4195.51,"4 195.51 DH","Epson EcoTank M2140 Jet d'encre A4 1200 x 2400 DPI 20 ppm (C11CG27404)",epson-eco-tank-m2140-jet-d-encre-a4-1200-x-2400-dpi-20-ppm-c11cg27404,Technoplace,has_dot
128214,4196.4,"4 196.40 DH","Lexmark X463H21G Cartouche de tonerOriginal Noir",lexmark-x463h21g-cartouche-de-toner-original-noir,"NGT Maroc",has_dot
133468,4196.4,"4 196.40 DH","Lexmark X264H21G Cartouche de tonerOriginal Noir",lexmark-x264h21g-cartouche-de-toner-original-noir,"NGT Maroc",has_dot
130662,4209.4,"4 209.40 DH","HP 201X LaserJet, lot de 2 cartouches de toner grande capacité authentiques, noir",hp-201x-laser-jet-lot-de-2-cartouches-de-toner-grande-capacite-authentiques-noir,"Ink Solutions Maroc",has_dot
130924,4209.6,"4 209.60 DH","HP 824A Cartouche de tonerOriginal Cyan (CB381A)",hp-824a-cartouche-de-toner-original-cyan-cb381a,"NGT Maroc",has_dot
130928,4209.6,"4 209.60 DH","HP 824A Cartouche de tonerOriginal Jaune (CB382A)",hp-824a-cartouche-de-toner-original-jaune-cb382a,"NGT Maroc",has_dot
130931,4209.6,"4 209.60 DH","HP 824A Cartouche de tonerOriginal Magenta (CB383A)",hp-824a-cartouche-de-toner-original-magenta-cb383a,"NGT Maroc",has_dot
142249,4220.4,"4 220.40 DH","QNAP TS-431P serveur de stockage NAS Tower Ethernet/LAN Blanc AL212",qnap-ts-431p-serveur-de-stockage-nas-tower-ethernet-lan-blanc-al212,Technoplace,has_dot
140346,4239.6,"4 239.60 DH","Pc portable Asus VivoBook E410 (90NB0Q15-M000A0)",pc-portable-asus-vivo-book-e410-90nb0q15-m000a0,Technoplace,has_dot
132540,4247.76,"4 247.76 DH","HP 42A toner LaserJet noir authentique",hp-42a-toner-laser-jet-noir-authentique,Technoplace,has_dot
128237,4252.8,"4 252.80 DH","Lexmark C746A2YG Cartouche de tonerOriginal Jaune",lexmark-c746a2yg-cartouche-de-toner-original-jaune,"NGT Maroc",has_dot
128688,4252.8,"4 252.80 DH","Lexmark C746A2MG Cartouche de tonerOriginal Magenta",lexmark-c746a2mg-cartouche-de-toner-original-magenta,"NGT Maroc",has_dot
128690,4252.8,"4 252.80 DH","Lexmark C746A2CG Cartouche de tonerOriginal Cyan",lexmark-c746a2cg-cartouche-de-toner-original-cyan,"NGT Maroc",has_dot
144978,4253.33,"4 253.33 DH","Smartphone Samsung Galaxy A54 5G 8GB_128GB Lime (SM-A546ELGCMWD)",smartphone-samsung-galaxy-a54-5g-8gb-128gb-lime-sm-a546elgcmwd,Technoplace,has_dot
136865,4267.2,"4 267.20 DH","HP Color LaserJet Pro M255dw, Imprimer, Impression recto-verso; Eco-énergétique; Sécurité renforcée; Wi-Fi double bande",hp-color-laser-jet-pro-m255dw-imprimer-impression-recto-verso-eco-energetique-securite-renforcee-wi-fi-double-bande,Technoplace,has_dot
112930,4274.4,"4 274.40 DH","Lexmark C510 Yellow High Yield Toner Cartridge Cartouche de toner Original Jaune",lexmark-c510-yellow-high-yield-toner-cartridge-cartouche-de-toner-original-jaune,"NGT Maroc",has_dot
133520,4274.4,"4 274.40 DH","Lexmark 20K1400 Cartouche de tonerOriginal Cyan",lexmark-20k1400-cartouche-de-toner-original-cyan,"NGT Maroc",has_dot
133593,4274.4,"4 274.40 DH","Lexmark 20K1401 Cartouche de tonerOriginal Magenta",lexmark-20k1401-cartouche-de-toner-original-magenta,"NGT Maroc",has_dot
143094,4283.87,"4 283.87 DH","Aruba Instant On AP15 4X4 1733 Mbit/s Blanc Connexion Ethernet, supportant l'alimentation via ce port (PoE)",aruba-instant-on-ap15-4x4-1733-mbit-s-blanc-connexion-ethernet-supportant-l-alimentation-via-ce-port-po-e,Technoplace,has_dot
128216,4286.4,"4 286.40 DH","Lexmark C748H2MG Cartouche de tonerOriginal Magenta",lexmark-c748h2mg-cartouche-de-toner-original-magenta,"NGT Maroc",has_dot
128700,4286.4,"4 286.40 DH","Lexmark C748H2CG Cartouche de tonerOriginal Cyan",lexmark-c748h2cg-cartouche-de-toner-original-cyan,"NGT Maroc",has_dot
133388,4286.4,"4 286.40 DH","Lexmark X748H2YG Cartouche de tonerOriginal Jaune",lexmark-x748h2yg-cartouche-de-toner-original-jaune,"NGT Maroc",has_dot
133397,4286.4,"4 286.40 DH","Lexmark X748H2MG Cartouche de tonerOriginal Magenta",lexmark-x748h2mg-cartouche-de-toner-original-magenta,"NGT Maroc",has_dot
133400,4286.4,"4 286.40 DH","Lexmark X748H2CG Cartouche de tonerOriginal Cyan",lexmark-x748h2cg-cartouche-de-toner-original-cyan,"NGT Maroc",has_dot
116503,4294.8,"4 294.80 DH","Pc portable Asus Vivobook E210M (90NB0R42-M003P0)",pc-portable-asus-vivobook-e210m-90nb0r42-m003p0,"NGT Maroc",has_dot
114262,4295.33,"4 295.33 DH","Epson TM-U295 série noire",epson-tm-u295-serie-noire,Technoplace,has_dot
130947,4319.73,"4 319.73 DH","HP 16A toner LaserJet noir authentique",hp-16a-toner-laser-jet-noir-authentique,Technoplace,has_dot
116288,4323.3,"4 323.30 DH","PC Portable ASUS E410M Intel Celeron N4020 14"" HD 4Go SSD 128Go (90NB0Q15-M33030)",pc-portable-asus-e410m-intel-celeron-n4020-14-hd-4go-ssd-128go-90nb0q15-m33030,Technoplace,has_dot
140347,4329.8,"4 329.80 DH","Pc portable Asus VivoBook E410 (90NB0Q15-M000A0)",pc-portable-asus-vivo-book-e410-90nb0q15-m000a0,"NGT Maroc",has_dot
112921,4330.8,"4 330.80 DH","Lexmark T64x Toner Cartridge Cartouche de toner Original Noir",lexmark-t64x-toner-cartridge-cartouche-de-toner-original-noir,"NGT Maroc",has_dot
126581,4335.6,"4 335.60 DH","Hewlett Packard Enterprise 815098-B21 Barrette Mémoire 16 Go 1 x 16 Go DDR4 2666 MHz ECC",hewlett-packard-enterprise-815098-b21-barrette-memoire-16-go-1-x-16-go-ddr4-2666-m-hz-ecc,Technoplace,has_dot
130828,4340.7,"4 340.70 DH","HP 80X toner LaserJet noir grande capacité authentique",hp-80x-toner-laser-jet-noir-grande-capacite-authentique,"Ink Solutions Maroc",has_dot
140734,4356.13,"4 356.13 DH","PC Portable LENOVO IdeaPad 3 15IGL05 N4020 4Go 1To - Gris (81WQ00GWFG)",pc-portable-lenovo-idea-pad-3-15igl05-n4020-4go-1to-gris-81wq00gwfg,Technoplace,has_dot
130230,4387.2,"4 387.20 DH","HP 644A Cartouche de tonerOriginal Jaune (Q6462A)",hp-644a-cartouche-de-toner-original-jaune-q6462a,"NGT Maroc",has_dot
130232,4387.2,"4 387.20 DH","HP 644A Magenta Original LaserJet Toner Cartridge Cartouche de toner",hp-644a-magenta-original-laser-jet-toner-cartridge-cartouche-de-toner,"NGT Maroc",has_dot
130659,4398.24,"4 398.24 DH","HP 655A Toner noir LaserJet authentique",hp-655a-toner-noir-laser-jet-authentique,Technoplace,has_dot
134476,4400.4,"4 400.40 DH","Hewlett Packard Enterprise 300GB 2.5"" 12G SAS 2.5"" 300 Go",hewlett-packard-enterprise-300gb-2-5-12g-sas-2-5-300-go,Technoplace,has_dot
116259,4417.58,"4 417.58 DH","Ordinateur Portable ASUS X541UA-GO1345D (90NB0CF1-M23380)",ordinateur-portable-asus-x541ua-go1345d-90nb0cf1-m23380,Technoplace,has_dot
136297,4431.34,"4 431.34 DH","Epson C11CJ63411 imprimante jets d'encres",epson-c11cj63411-imprimante-jets-d-encres,Technoplace,has_dot
109443,4436.08,"4 436.08 DH","Epson EB-S31 vidéo-projecteur Projecteur de bureau 3300 ANSI lumens 3LCD SVGA (800x600) Blanc",epson-eb-s31-video-projecteur-projecteur-de-bureau-3300-ansi-lumens-3lcd-svga-800x600-blanc,"EVO TRADING Store Maroc",has_dot
135201,4438.8,"4 438.80 DH","TP-LINK TL-SG1428PE commutateur réseau Géré Gigabit Ethernet (10/100/1000) Connexion Ethernet, supportant l'alimentation via ce port (PoE) 1U Noir (TL-SG1428PE)",tp-link-tl-sg1428pe-commutateur-reseau-gere-gigabit-ethernet-10-100-1000-connexion-ethernet-supportant-l-alimentation-via-ce-port-po-e-1u-noir-tl-sg1428pe,"Iris.ma Maroc",has_dot
130715,4442.21,"4 442.21 DH","HP 652A toner noir LaserJet authentique",hp-652a-toner-noir-laser-jet-authentique,Technoplace,has_dot
129756,4470.83,"4 470.83 DH","HP Cartouche de toner jaune 212A LaserJet authentique",hp-cartouche-de-toner-jaune-212a-laser-jet-authentique,Technoplace,has_dot
129764,4470.83,"4 470.83 DH","HP Cartouche de toner magenta 212A LaserJet authentique",hp-cartouche-de-toner-magenta-212a-laser-jet-authentique,Technoplace,has_dot
116375,4479.6,"4 479.60 DH","Pc portable Asus E510MA (90NB0Q64-M00BJ0)",pc-portable-asus-e510ma-90nb0q64-m00bj0,Technoplace,has_dot
136754,4492.8,"4 492.80 DH","Imprimante Multifonctions Monochrome 4 en 1 Jet D'encre EPSON EcoTank ET-M3170 (C11CG92404)",imprimante-multifonctions-monochrome-4-en-1-jet-d-encre-epson-eco-tank-et-m3170-c11cg92404,Technoplace,has_dot
122625,4497.12,"4 497.12 DH","Smartphone Samsung Galaxy A8 (2018) Gris",smartphone-samsung-galaxy-a8-2018-gris,Technoplace,has_dot
144970,4506.67,"4 506.67 DH","Smartphone Samsung Galaxy A54 5G 8GB_256GB Lime (SM-A546ELGDMWD)",smartphone-samsung-galaxy-a54-5g-8gb-256gb-lime-sm-a546elgdmwd,Technoplace,has_dot
140035,4524.68,"4 524.68 DH","Asus VivoBook E410",asus-vivo-book-e410,Technoplace,has_dot
113418,4533.34,"4 533.34 DH","Imprimante Multifonction Laser Couleur Canon i-SENSYS MF655Cdw (5158C004AA)",imprimante-multifonction-laser-couleur-canon-i-sensys-mf655cdw-5158c004aa,Technoplace,has_dot
132541,4535.7,"4 535.70 DH","HP 42A toner LaserJet noir authentique",hp-42a-toner-laser-jet-noir-authentique,"Ink Solutions Maroc",has_dot
130666,4543.44,"4 543.44 DH","HP 410X toner LaserJet cyan grande capacité authentique",hp-410x-toner-laser-jet-cyan-grande-capacite-authentique,Technoplace,has_dot
132068,4546.67,"4 546.67 DH","HP 307A toner LaserJet jaune authentique",hp-307a-toner-laser-jet-jaune-authentique,Technoplace,has_dot
132147,4546.67,"4 546.67 DH","HP 307A Cartouche de tonerOriginal Cyan (CE741A)",hp-307a-cartouche-de-toner-original-cyan-ce741a,Technoplace,has_dot
132151,4546.67,"4 546.67 DH","HP 307A toner LaserJet magenta authentique",hp-307a-toner-laser-jet-magenta-authentique,Technoplace,has_dot
137032,4552.36,"4 552.36 DH","Imprimante Multifonction Jet d'encre 4-en-1 Epson WorkForce Pro WF-C5710DWF",imprimante-multifonction-jet-d-encre-4-en-1-epson-work-force-pro-wf-c5710dwf,Technoplace,has_dot
125156,4554.66,"4 554.66 DH","Orange EARBUDS écouteur/casque Écouteurs Avec fil Ecouteurs Musique Noir",orange-earbuds-ecouteur-casque-ecouteurs-avec-fil-ecouteurs-musique-noir,Technoplace,has_dot
140591,4556.16,"4 556.16 DH","Ordinateur Portable ASUS X509 i3-10110U 15.6 4GO 1TO (90NB0MZ2-M17970)",ordinateur-portable-asus-x509-i3-10110u-15-6-4go-1to-90nb0mz2-m17970,Technoplace,has_dot
131098,4564.67,"4 564.67 DH","HP Toner noir LaserJet 89X authentique grande capacité",hp-toner-noir-laser-jet-89x-authentique-grande-capacite,Technoplace,has_dot
130593,4586.93,"4 586.93 DH","HP 415X Toner magenta LaserJet authentique grande capacité (W2033X)",hp-415x-toner-magenta-laser-jet-authentique-grande-capacite-w2033x,Technoplace,has_dot
130597,4586.93,"4 586.93 DH","HP 415X Toner jaune LaserJet authentique grande capacité (W2032X)",hp-415x-toner-jaune-laser-jet-authentique-grande-capacite-w2032x,Technoplace,has_dot
130600,4586.93,"4 586.93 DH","HP 415X Toner cyan LaserJet authentique grande capacité (W2031X)",hp-415x-toner-cyan-laser-jet-authentique-grande-capacite-w2031x,Technoplace,has_dot
142180,4587.6,"4 587.60 DH","QNAP TS-351 NAS Tower Ethernet/LAN Blanc J1800 (TS-351-2G)",qnap-ts-351-nas-tower-ethernet-lan-blanc-j1800-ts-351-2g,Technoplace,has_dot
131183,4593.6,"4 593.60 DH","Lexmark X950X2YG Cartouche de tonerOriginal Jaune (X950X2YG)",lexmark-x950x2yg-cartouche-de-toner-original-jaune-x950x2yg,"NGT Maroc",has_dot
131186,4593.6,"4 593.60 DH","Lexmark X950X2MG Cartouche de tonerOriginal Magenta (X950X2MG)",lexmark-x950x2mg-cartouche-de-toner-original-magenta-x950x2mg,"NGT Maroc",has_dot
131192,4593.6,"4 593.60 DH","Lexmark X950X2CG Cartouche de tonerOriginal Cyan (X950X2CG)",lexmark-x950x2cg-cartouche-de-toner-original-cyan-x950x2cg,"NGT Maroc",has_dot
130758,4611.6,"4 611.60 DH","Lexmark 62D5H00 Cartouche de tonerOriginal Noir",lexmark-62d5h00-cartouche-de-toner-original-noir,"NGT Maroc",has_dot
130396,4613.7,"4 613.70 DH","HP 128A pack de 3 toners LaserJet cyan/magenta/jaune authentiques",hp-128a-pack-de-3-toners-laser-jet-cyan-magenta-jaune-authentiques,"Ink Solutions Maroc",has_dot
131233,4622.4,"4 622.40 DH","Lexmark E462U11E Cartouche de tonerOriginal Noir",lexmark-e462u11e-cartouche-de-toner-original-noir,"NGT Maroc",has_dot
122760,4626.67,"4 626.67 DH","Samsung Galaxy A53 5G 8Go 128Go Orange",samsung-galaxy-a53-5g-8go-128go-orange,Technoplace,has_dot
122765,4626.67,"4 626.67 DH","Samsung Galaxy A53 5G 8Go 128Go Bleu",samsung-galaxy-a53-5g-8go-128go-bleu,Technoplace,has_dot
122768,4626.67,"4 626.67 DH","Samsung Galaxy A53 5G 8Go 128Go Blanc",samsung-galaxy-a53-5g-8go-128go-blanc,Technoplace,has_dot
122771,4626.67,"4 626.67 DH","Samsung Galaxy A53 5G 8Go 128Go Noir",samsung-galaxy-a53-5g-8go-128go-noir,Technoplace,has_dot
111909,4631.47,"4 631.47 DH","HP 765 Original Magenta",hp-765-original-magenta,Technoplace,has_dot
129898,4631.47,"4 631.47 DH","HP Cartouche d'encre cyan 765 Designjet, 400 ml",hp-cartouche-d-encre-cyan-765-designjet-400-ml,Technoplace,has_dot
115318,4652.4,"4 652.40 DH","PC de Bureau LENOVO V530T i3 9è Gén 4Go 1To Noir (11BH001WFM)",pc-de-bureau-lenovo-v530t-i3-9e-gen-4go-1to-noir-11bh001wfm,Technoplace,has_dot
122349,4653.34,"4 653.34 DH","Montre Connectée SAMSUNG Galaxy Watch 5 Pro 45 MM - Gris",montre-connectee-samsung-galaxy-watch-5-pro-45-mm-gris,Technoplace,has_dot
122353,4653.34,"4 653.34 DH","Montre Connectée SAMSUNG Galaxy Watch 5 Pro 45 MM - Noir",montre-connectee-samsung-galaxy-watch-5-pro-45-mm-noir,Technoplace,has_dot
115230,4653.6,"4 653.60 DH","PC de Bureau LENOVO V50t Gen 2-13IOB i5 10è Gén 4G 1To - Noir",pc-de-bureau-lenovo-v50t-gen-2-13iob-i5-10e-gen-4g-1to-noir,Technoplace,has_dot
116038,4653.6,"4 653.60 DH","Ordinateur portable Asus Vivobook 15 X1502Z (90NB0VX2-M01VB0)",ordinateur-portable-asus-vivobook-15-x1502z-90nb0vx2-m01vb0,Technoplace,has_dot
123366,4653.6,"4 653.60 DH","Pc Portable Lenovo Thinkbook 14 G3 ACL (21A20027FE)",pc-portable-lenovo-thinkbook-14-g3-acl-21a20027fe,Technoplace,has_dot
140451,4653.6,"4 653.60 DH","PC Portable Lenovo ThinkBook 15 G3 ACL (21A4001WFE)",pc-portable-lenovo-think-book-15-g3-acl-21a4001wfe,Technoplace,has_dot
140968,4666.67,"4 666.67 DH","HPE Intel Xeon Bronze 3106 processeur 1,7 GHz 11 Mo L3",hpe-intel-xeon-bronze-3106-processeur-1-7-g-hz-11-mo-l3,Technoplace,has_dot
136877,4671.24,"4 671.24 DH","Epson EcoTank L6170 Jet d'encre A4 4800 x 1200 DPI 33 ppm Wifi",epson-eco-tank-l6170-jet-d-encre-a4-4800-x-1200-dpi-33-ppm-wifi,Technoplace,has_dot
113433,4673.54,"4 673.54 DH","IMPRIMANTE CANON 3EN1 LASER + Toner 725",imprimante-canon-3en1-laser-toner-725,Technoplace,has_dot
132156,4675.44,"4 675.44 DH","HP 59X Toner noir LaserJet authentique grande capacité (CF259X)",hp-59x-toner-noir-laser-jet-authentique-grande-capacite-cf259x,Technoplace,has_dot
130675,4692.59,"4 692.59 DH","HP 26X toner LaserJet noir grande capacité authentique",hp-26x-toner-laser-jet-noir-grande-capacite-authentique,Technoplace,has_dot
136527,4693.33,"4 693.33 DH","HP LaserJet Enterprise M406dn 1200 x 1200 DPI A4",hp-laser-jet-enterprise-m406dn-1200-x-1200-dpi-a4,Technoplace,has_dot
125814,4733.33,"4 733.33 DH","TV Samsung 43""FHD SMART - Serie 5 (UA43T5300AUXMV)",tv-samsung-43-fhd-smart-serie-5-ua43t5300auxmv,Technoplace,has_dot
114544,4734.06,"4 734.06 DH","Écran intelligent Samsung 32 "" avec connectivité mobile et résolution UHD (LS32AM700UMXZN)",ecran-intelligent-samsung-32-avec-connectivite-mobile-et-resolution-uhd-ls32am700umxzn,Technoplace,has_dot
114376,4748.66,"4 748.66 DH","HP Smart Tank 615 (Y0F71A)",hp-smart-tank-615-y0f71a,Technoplace,has_dot
113631,4750.68,"4 750.68 DH","Lexmark MS610de 1200 x 1200 DPI A4",lexmark-ms610de-1200-x-1200-dpi-a4,Technoplace,has_dot
111989,4768.4,"4 768.40 DH","HP 824A",hp-824a,"Ink Solutions Maroc",has_dot
125561,4786.8,"4 786.80 DH","TV LG UHD Smart TV 4K 43"" (43UQ80006LD)",tv-lg-uhd-smart-tv-4k-43-43uq80006ld,Technoplace,has_dot
137588,4786.8,"4 786.80 DH","Lenovo ThinkVision T27hv-20 68,6 cm (27"") 2560 x 1440 pixels 2K Ultra HD LED Noir (62A9GAT1EU)",lenovo-think-vision-t27hv-20-68-6-cm-27-2560-x-1440-pixels-2k-ultra-hd-led-noir-62a9gat1eu,Technoplace,has_dot
133535,4790.4,"4 790.40 DH","Lexmark Optra M410 10K Printcartridge Cartouche de tonerOriginal Noir",lexmark-optra-m410-10k-printcartridge-cartouche-de-toner-original-noir,"NGT Maroc",has_dot
113351,4813.33,"4 813.33 DH","Imprimante Laser Monochrome Canon i-SENSYS LBP243dw (5952C013AA)",imprimante-laser-monochrome-canon-i-sensys-lbp243dw-5952c013aa,Technoplace,has_dot
130668,4833.4,"4 833.40 DH","HP 410X toner LaserJet cyan grande capacité authentique",hp-410x-toner-laser-jet-cyan-grande-capacite-authentique,"Ink Solutions Maroc",has_dot
131138,4833.4,"4 833.40 DH","HP 410X toner LaserJet magenta grande capacité authentique",hp-410x-toner-laser-jet-magenta-grande-capacite-authentique,"Ink Solutions Maroc",has_dot
131140,4833.4,"4 833.40 DH","HP 410X Cartouche de tonerOriginal Jaune (CF412X)",hp-410x-cartouche-de-toner-original-jaune-cf412x,"Ink Solutions Maroc",has_dot
116400,4838.4,"4 838.40 DH","Pc portable Asus X409FA (90NB0MS4-M08940)",pc-portable-asus-x409fa-90nb0ms4-m08940,Technoplace,has_dot
129608,4839.12,"4 839.12 DH","HP Toner cyan LaserJet 658A authentique",hp-toner-cyan-laser-jet-658a-authentique,Technoplace,has_dot
132571,4844.4,"4 844.40 DH","HP 507A toner LaserJet cyan authentique",hp-507a-toner-laser-jet-cyan-authentique,Technoplace,has_dot
132600,4844.4,"4 844.40 DH","HP 507A toner LaserJet jaune authentique",hp-507a-toner-laser-jet-jaune-authentique,Technoplace,has_dot
132893,4844.4,"4 844.40 DH","HP 507A toner LaserJet magenta authentique",hp-507a-toner-laser-jet-magenta-authentique,Technoplace,has_dot
136623,4850.66,"4 850.66 DH","HP Kit de transfert LaserJet CE516A (CE516A)",hp-kit-de-transfert-laser-jet-ce516a-ce516a,Technoplace,has_dot
144976,4867.2,"4 867.20 DH","Smartphone Samsung Galaxy A54 5G 8GB_256GB Graphite (SM-A546EZKDMWD)",smartphone-samsung-galaxy-a54-5g-8gb-256gb-graphite-sm-a546ezkdmwd,Technoplace,has_dot
130660,4872.4,"4 872.40 DH","HP 655A Toner noir LaserJet authentique",hp-655a-toner-noir-laser-jet-authentique,"Ink Solutions Maroc",has_dot
140382,4880.4,"4 880.40 DH","Pc portable Asus VivoBook X409FA (90NB0MS1-M08910)",pc-portable-asus-vivo-book-x409fa-90nb0ms1-m08910,Technoplace,has_dot
114264,4890.72,"4 890.72 DH","Epson TM-U295 série noire",epson-tm-u295-serie-noire,"Materiel Maroc Maroc",has_dot
130788,4894.8,"4 894.80 DH","HP 651A Cartouche de tonerOriginal Magenta (CE343A)",hp-651a-cartouche-de-toner-original-magenta-ce343a,"NGT Maroc",has_dot
130793,4894.8,"4 894.80 DH","HP 651A Cartouche de tonerOriginal Jaune (CE342A)",hp-651a-cartouche-de-toner-original-jaune-ce342a,"NGT Maroc",has_dot
130798,4894.8,"4 894.80 DH","HP 651A toner LaserJet cyan authentique (CE341A)",hp-651a-toner-laser-jet-cyan-authentique-ce341a,"NGT Maroc",has_dot
111829,4895.87,"4 895.87 DH","HP 771C Original Magenta clair",hp-771c-original-magenta-clair,Technoplace,has_dot
109487,4898.6,"4 898.60 DH","Optoma S340 vidéo-projecteur Projecteur à focale standard 3300 ANSI lumens DLP SVGA (800x600) Compatibilité 3D Noir",optoma-s340-video-projecteur-projecteur-a-focale-standard-3300-ansi-lumens-dlp-svga-800x600-compatibilite-3d-noir,Technoplace,has_dot
141938,4921.85,"4 921.85 DH","Epson WorkForce DS-530II",epson-work-force-ds-530ii,Technoplace,has_dot
136311,4930.2,"4 930.20 DH","Epson C11CJ61404 imprimante jets d'encres",epson-c11cj61404-imprimante-jets-d-encres,Technoplace,has_dot
112936,4936.8,"4 936.80 DH","Lexmark X422 High Yield Print Cartridge Cartouche de toner Original Noir",lexmark-x422-high-yield-print-cartridge-cartouche-de-toner-original-noir,"NGT Maroc",has_dot
133428,4936.8,"4 936.80 DH","Lexmark C792X2KG Cartouche de tonerOriginal Noir",lexmark-c792x2kg-cartouche-de-toner-original-noir,"NGT Maroc",has_dot
116680,4940.4,"4 940.40 DH","Ordinateur Portable Lenovo Ideapad 3 15ada05 (81W101L7FE)",ordinateur-portable-lenovo-ideapad-3-15ada05-81w101l7fe,Technoplace,has_dot
133651,4946.96,"4 946.96 DH","Epson Toner noir EPL-N2050/2050+ (15 000 p)",epson-toner-noir-epl-n2050-2050-15-000-p,"NGT Maroc",has_dot
132413,4963.4,"4 963.40 DH","HP 125A CYM Cartouche de toner 3 pièce(s) Original Cyan, Magenta, Jaune (CF373AM)",hp-125a-cym-cartouche-de-toner-3-piece-s-original-cyan-magenta-jaune-cf373am,"Ink Solutions Maroc",has_dot
113733,4975.33,"4 975.33 DH","HP Neverstop Laser 1000w (4RY23A)",hp-neverstop-laser-1000w-4ry23a,Technoplace,has_dot
131295,4976.4,"4 976.40 DH","HP 504X toner LaserJet noir grande capacité authentique",hp-504x-toner-laser-jet-noir-grande-capacite-authentique,"Ink Solutions Maroc",has_dot
130676,4989.4,"4 989.40 DH","HP 26X toner LaserJet noir grande capacité authentique",hp-26x-toner-laser-jet-noir-grande-capacite-authentique,"Ink Solutions Maroc",has_dot
136874,5000.4,"5 000.40 DH","HP Color LaserJet Pro Imprimante multifonction M183fw, Impression, copie, scan, fax, Chargeur automatique de documents de 35 feuilles; Eco-énergétique; Sécurité renforcée; Wi-Fi double bande",hp-color-laser-jet-pro-imprimante-multifonction-m183fw-impression-copie-scan-fax-chargeur-automatique-de-documents-de-35-feuilles-eco-energetique-securite-renforcee-wi-fi-double-bande,Technoplace,has_dot
122626,5002.56,"5 002.56 DH","Smartphone Samsung Galaxy A8+ (2018) Noir",smartphone-samsung-galaxy-a8-2018-noir,Technoplace,has_dot
128702,5008.8,"5 008.80 DH","Lexmark T654X04E Cartouche de tonerOriginal Noir",lexmark-t654x04e-cartouche-de-toner-original-noir,"NGT Maroc",has_dot
132157,5015.4,"5 015.40 DH","HP 59X Toner noir LaserJet authentique grande capacité (CF259X)",hp-59x-toner-noir-laser-jet-authentique-grande-capacite-cf259x,"Ink Solutions Maroc",has_dot
138656,5019.3,"5 019.30 DH","Ordinateur de bureau Dell Vostro 3910 (N3555_M2CVDT3910)",ordinateur-de-bureau-dell-vostro-3910-n3555-m2cvdt3910,"Bestmark Maroc",has_dot
143728,5020.67,"5 020.67 DH","Canon PowerShot V10 Advanced Vlogging-Kit 1"" Appareil-photo compact 20 MP CMOS 5472 x 3648 pixels Noir",canon-power-shot-v10-advanced-vlogging-kit-1-appareil-photo-compact-20-mp-cmos-5472-x-3648-pixels-noir,Technoplace,has_dot
130949,5028.4,"5 028.40 DH","HP 16A toner LaserJet noir authentique",hp-16a-toner-laser-jet-noir-authentique,"Ink Solutions Maroc",has_dot
133570,5037.6,"5 037.60 DH","Lexmark 12A6730 Cartouche de tonerOriginal Noir",lexmark-12a6730-cartouche-de-toner-original-noir,"NGT Maroc",has_dot
131372,5045.3,"5 045.30 DH","HP 503A toner LaserJet cyan authentique",hp-503a-toner-laser-jet-cyan-authentique,"Ink Solutions Maroc",has_dot
140297,5053.33,"5 053.33 DH","Pc Portable Lenovo IdeaPad 3 15ITL05 (81X800A7FE)",pc-portable-lenovo-idea-pad-3-15itl05-81x800a7fe,Technoplace,has_dot
130716,5054.4,"5 054.40 DH","HP 652A toner noir LaserJet authentique",hp-652a-toner-noir-laser-jet-authentique,"Ink Solutions Maroc",has_dot
116813,5075.6,"5 075.60 DH","Pc portable HP 250 G7 / i3 10è Gén / 4 Go",pc-portable-hp-250-g7-i3-10e-gen-4-go,Technoplace,has_dot
138976,5077.33,"5 077.33 DH","Dell Vostro 3520 Ordinateur Portable I3-1215U - 8Gb - FreeDos",dell-vostro-3520-ordinateur-portable-i3-1215u-8gb-free-dos,Technoplace,has_dot
117257,5088.67,"5 088.67 DH","HP Scanjet Pro 2000 s2 Sheet-feed Scanner Alimentation papier de scanner 600 x 600 DPI A4 Noir, Blanc",hp-scanjet-pro-2000-s2-sheet-feed-scanner-alimentation-papier-de-scanner-600-x-600-dpi-a4-noir-blanc,Technoplace,has_dot
133553,5092.8,"5 092.80 DH","Lexmark 12B0090 Cartouche de tonerOriginal Noir",lexmark-12b0090-cartouche-de-toner-original-noir,"NGT Maroc",has_dot
118527,5114.53,"5 114.53 DH","HPE Aruba Instant On AP17 Access Point (RW) (R2X11A)",hpe-aruba-instant-on-ap17-access-point-rw-r2x11a,Technoplace,has_dot
133465,5138.4,"5 138.40 DH","Lexmark E460X21E Cartouche de tonerOriginal Noir",lexmark-e460x21e-cartouche-de-toner-original-noir,"NGT Maroc",has_dot
129433,5145.34,"5 145.34 DH","Canon 0484C002 Cartouche de toner Original Jaune",canon-0484c002-cartouche-de-toner-original-jaune,Technoplace,has_dot
129439,5145.34,"5 145.34 DH","Canon 0483C002 Cartouche de tonerOriginal Magenta",canon-0483c002-cartouche-de-toner-original-magenta,Technoplace,has_dot
129464,5145.34,"5 145.34 DH","Canon 0482C002 Cartouche de tonerOriginal Cyan",canon-0482c002-cartouche-de-toner-original-cyan,Technoplace,has_dot
143764,5146.67,"5 146.67 DH","Reflex Canon EOS 2000D + objectif EF-S 18-55mm (2728C002AA)",reflex-canon-eos-2000d-objectif-ef-s-18-55mm-2728c002aa,Technoplace,has_dot
112954,5150.4,"5 150.40 DH","Lexmark Optra M410, M412 High Yield Print Cartridge Cartouche de toner Original Noir",lexmark-optra-m410-m412-high-yield-print-cartridge-cartouche-de-toner-original-noir,"NGT Maroc",has_dot
136983,5186.66,"5 186.66 DH","HP LaserJet Pro M428fdn Laser A4 1200 x 1200 DPI 38 ppm (W1A29A)",hp-laser-jet-pro-m428fdn-laser-a4-1200-x-1200-dpi-38-ppm-w1a29a,Technoplace,has_dot
112943,5194.8,"5 194.80 DH","Lexmark C752 Cyan Print Cartridge Cartouche de toner Original",lexmark-c752-cyan-print-cartridge-cartouche-de-toner-original,"NGT Maroc",has_dot
112971,5194.8,"5 194.80 DH","Lexmark C752, C760, C762 Magenta Print Cartridge Cartouche de toner Original",lexmark-c752-c760-c762-magenta-print-cartridge-cartouche-de-toner-original,"NGT Maroc",has_dot
128137,5194.8,"5 194.80 DH","Lexmark C780A2YG Cartouche de tonerOriginal Jaune",lexmark-c780a2yg-cartouche-de-toner-original-jaune,"NGT Maroc",has_dot
128160,5194.8,"5 194.80 DH","Lexmark C780A2CG Cartouche de tonerOriginal Cyan",lexmark-c780a2cg-cartouche-de-toner-original-cyan,"NGT Maroc",has_dot
129412,5194.8,"5 194.80 DH","Lexmark C780A2MG Cartouche de tonerOriginal Magenta",lexmark-c780a2mg-cartouche-de-toner-original-magenta,"NGT Maroc",has_dot
133578,5194.8,"5 194.80 DH","Lexmark 15G031Y Cartouche de tonerOriginal Jaune",lexmark-15g031y-cartouche-de-toner-original-jaune,"NGT Maroc",has_dot
128122,5205.6,"5 205.60 DH","Lexmark Yellow Print Cartridge for C770/C772 Cartouche de toner Original Jaune",lexmark-yellow-print-cartridge-for-c770-c772-cartouche-de-toner-original-jaune,"NGT Maroc",has_dot
128633,5205.6,"5 205.60 DH","Lexmark C7702CS Cartouche de tonerOriginal Cyan",lexmark-c7702cs-cartouche-de-toner-original-cyan,"NGT Maroc",has_dot
133622,5205.6,"5 205.60 DH","Lexmark Magenta Print Cartridge for C770/C772 Cartouche de toner Original",lexmark-magenta-print-cartridge-for-c770-c772-cartouche-de-toner-original,"NGT Maroc",has_dot
133453,5217.6,"5 217.60 DH","Lexmark X644A21E Cartouche de tonerOriginal Noir",lexmark-x644a21e-cartouche-de-toner-original-noir,"NGT Maroc",has_dot
113694,5223.47,"5 223.47 DH","Imprimante Multifonction Laser Canon I-SENSYS MF643CDW (3102C008AA)",imprimante-multifonction-laser-canon-i-sensys-mf643cdw-3102c008aa,Technoplace,has_dot
136628,5224.67,"5 224.67 DH","HP Color LaserJet 220V Fuser Kit unité de fixation (fusers) 150000 pages (CE978A)",hp-color-laser-jet-220v-fuser-kit-unite-de-fixation-fusers-150000-pages-ce978a,Technoplace,has_dot
116285,5251.68,"5 251.68 DH","Asus X415E (90NB0TT1-M00FV0)",asus-x415e-90nb0tt1-m00fv0,Technoplace,has_dot
137847,5261.54,"5 261.54 DH","Samsung LS34J550WQMXZN LED display 34"" 3440 x 1440 pixels UltraWide Quad HD Noir",samsung-ls34j550wqmxzn-led-display-34-3440-x-1440-pixels-ultra-wide-quad-hd-noir,Technoplace,has_dot
113629,5266.8,"5 266.80 DH","Lexmark MS811dn 1200 x 1200 DPI A4",lexmark-ms811dn-1200-x-1200-dpi-a4,Technoplace,has_dot
116786,5273.41,"5 273.41 DH","Pc Portable HP 250 G8 i3 10Gén 4Go 1To Noir (27K10EA)",pc-portable-hp-250-g8-i3-10gen-4go-1to-noir-27k10ea,Technoplace,has_dot
129602,5277.2,"5 277.20 DH","HP 771C cartouche d'encre DesignJet gris clair, 775 ml",hp-771c-cartouche-d-encre-design-jet-gris-clair-775-ml,Technoplace,has_dot
141940,5281.33,"5 281.33 DH","HP ScanJet Pro 3600 f1 Scanner (20G06A#B19)",hp-scan-jet-pro-3600-f1-scanner-20g06a-b19,Technoplace,has_dot
109152,5311.9,"5 311.90 DH","Epson CO-W01 3LCD WXGA 3000 ANSI lumens",epson-co-w01-3lcd-wxga-3000-ansi-lumens,Micromad,has_dot
118959,5326.67,"5 326.67 DH","Appareil Photo Reflex Canon EOS 4000D + Objectif EF-S 18-55mm III (3011C003AA)",appareil-photo-reflex-canon-eos-4000d-objectif-ef-s-18-55mm-iii-3011c003aa,Technoplace,has_dot
142115,5333.33,"5 333.33 DH","Synology DiskStation DS423 serveur de stockage NAS Ethernet/LAN Noir RTD1619B",synology-disk-station-ds423-serveur-de-stockage-nas-ethernet-lan-noir-rtd1619b,Technoplace,has_dot
130595,5339.1,"5 339.10 DH","HP 415X Toner magenta LaserJet authentique grande capacité (W2033X)",hp-415x-toner-magenta-laser-jet-authentique-grande-capacite-w2033x,"Ink Solutions Maroc",has_dot
130598,5339.1,"5 339.10 DH","HP 415X Toner jaune LaserJet authentique grande capacité (W2032X)",hp-415x-toner-jaune-laser-jet-authentique-grande-capacite-w2032x,"Ink Solutions Maroc",has_dot
130601,5339.1,"5 339.10 DH","HP 415X Toner cyan LaserJet authentique grande capacité (W2031X)",hp-415x-toner-cyan-laser-jet-authentique-grande-capacite-w2031x,"Ink Solutions Maroc",has_dot
125739,5373.34,"5 373.34 DH","TV Samsung 50"" AU7000 UHD 4k Smart TV Wifi - Gris (UA50AU7000UXMV)",tv-samsung-50-au7000-uhd-4k-smart-tv-wifi-gris-ua50au7000uxmv,Technoplace,has_dot
135766,5386.8,"5 386.80 DH","Imprimante CANON couleur Jet d encre MAXIFY SFP GX5040 15,5 ppm (5550C009AB)",imprimante-canon-couleur-jet-d-encre-maxify-sfp-gx5040-15-5-ppm-5550c009ab,Technoplace,has_dot
142191,5392.8,"5 392.80 DH","QNAP TS-251+ NAS Tower Ethernet/LAN Gris J1900 (TS-251+-2G)",qnap-ts-251-nas-tower-ethernet-lan-gris-j1900-ts-251-2g,Technoplace,has_dot
113471,5394.67,"5 394.67 DH","Imprimante Multifonction Laser Couleur Canon i-SENSYS MF657Cdw (5158C001AA)",imprimante-multifonction-laser-couleur-canon-i-sensys-mf657cdw-5158c001aa,Technoplace,has_dot
115320,5398.8,"5 398.80 DH","Pc de Bureau HP Pro G2 i34Go 500 Go",pc-de-bureau-hp-pro-g2-i34go-500-go,Technoplace,has_dot
130923,5430.1,"5 430.10 DH","HP 823A Cartouche de tonerOriginal Noir (CB380A)",hp-823a-cartouche-de-toner-original-noir-cb380a,"Ink Solutions Maroc",has_dot
134617,5434.8,"5 434.80 DH","Western Digital 10 TB Purple 3.5"" SATA III (WD101PURZ)",western-digital-10-tb-purple-3-5-sata-iii-wd101purz,Technoplace,has_dot
137167,5439.6,"5 439.60 DH","HP Color LaserJet Pro M283fdn Laser A4 600 x 600 DPI 22 ppm (7KW74A#B19)",hp-color-laser-jet-pro-m283fdn-laser-a4-600-x-600-dpi-22-ppm-7kw74a-b19,Technoplace,has_dot
130102,5451.6,"5 451.60 DH","HP 91 tête d'impression DesignJet noir mat et cyan",hp-91-tete-d-impression-design-jet-noir-mat-et-cyan,Technoplace,has_dot
116778,5453.33,"5 453.33 DH","Pc portable HP 250 G8 - i5 10è Gén - 4Go - 1To (2X7J6EA)",pc-portable-hp-250-g8-i5-10e-gen-4go-1to-2x7j6ea,Technoplace,has_dot
131153,5456.1,"5 456.10 DH","HP 508X toner LaserJet Noir grande capacité authentique",hp-508x-toner-laser-jet-noir-grande-capacite-authentique,"Ink Solutions Maroc",has_dot
130647,5463.47,"5 463.47 DH","HP 655A Toner LaserJet magenta authentique",hp-655a-toner-laser-jet-magenta-authentique,Technoplace,has_dot
130652,5463.47,"5 463.47 DH","HP 655A Toner LaserJet jaune authentique",hp-655a-toner-laser-jet-jaune-authentique,Technoplace,has_dot
112152,5463.6,"5 463.60 DH","Lexmark C780, C782 Magenta High Yield Return Program Print Cartridge Cartouche de toner Original",lexmark-c780-c782-magenta-high-yield-return-program-print-cartridge-cartouche-de-toner-original,"NGT Maroc",has_dot
112155,5463.6,"5 463.60 DH","Lexmark C780, C782 Cyan High Yield Return Program Print Cartridge Cartouche de toner Original",lexmark-c780-c782-cyan-high-yield-return-program-print-cartridge-cartouche-de-toner-original,"NGT Maroc",has_dot
128101,5463.6,"5 463.60 DH","Lexmark Cyan High Yield Return Program Print Cartridge for C770/772 Cartouche de toner Original",lexmark-cyan-high-yield-return-program-print-cartridge-for-c770-772-cartouche-de-toner-original,"NGT Maroc",has_dot
128107,5463.6,"5 463.60 DH","Lexmark Yellow High Yield Return Program Print Cartridge for C770/C772 Cartouche de toner Original Jaune",lexmark-yellow-high-yield-return-program-print-cartridge-for-c770-c772-cartouche-de-toner-original-jaune,"NGT Maroc",has_dot
128157,5463.6,"5 463.60 DH","Lexmark Magenta High Yield Return Program Print Cartridge for C770/C772 Cartouche de toner Original",lexmark-magenta-high-yield-return-program-print-cartridge-for-c770-c772-cartouche-de-toner-original,"NGT Maroc",has_dot
131268,5463.6,"5 463.60 DH","Lexmark C780H1YG Cartouche de tonerOriginal Jaune",lexmark-c780h1yg-cartouche-de-toner-original-jaune,"NGT Maroc",has_dot
134397,5466.67,"5 466.67 DH","Hewlett Packard Enterprise 872479-B21 disque dur 2.5"" 1200 Go SAS",hewlett-packard-enterprise-872479-b21-disque-dur-2-5-1200-go-sas,Technoplace,has_dot
134033,5467.2,"5 467.20 DH","Hewlett Packard Enterprise 765466-B21 disque dur 2.5"" 2000 Go SAS (765466-B21)",hewlett-packard-enterprise-765466-b21-disque-dur-2-5-2000-go-sas-765466-b21,Technoplace,has_dot
122766,5493.4,"5 493.40 DH","Samsung Galaxy A53 5G 8Go 128Go Bleu",samsung-galaxy-a53-5g-8go-128go-bleu,Micromad,has_dot
135647,5505.34,"5 505.34 DH","Imprimante HP LaserJet Pro 4103fdw Multifonction (2Z629A)",imprimante-hp-laser-jet-pro-4103fdw-multifonction-2z629a,Technoplace,has_dot
112085,5509.2,"5 509.20 DH","Lexmark C736H1YG Cartouche de toner Original Jaune",lexmark-c736h1yg-cartouche-de-toner-original-jaune,"NGT Maroc",has_dot
130877,5509.2,"5 509.20 DH","Lexmark C736H1MG Cartouche de tonerOriginal Magenta",lexmark-c736h1mg-cartouche-de-toner-original-magenta,"NGT Maroc",has_dot
130883,5509.2,"5 509.20 DH","Lexmark C736H1CG Cartouche de tonerOriginal Cyan",lexmark-c736h1cg-cartouche-de-toner-original-cyan,"NGT Maroc",has_dot
135586,5509.33,"5 509.33 DH","HP LaserJet Pro MFP 4103FDW (2Z629A-B19)",hp-laser-jet-pro-mfp-4103fdw-2z629a-b19,Technoplace,has_dot
130099,5517.6,"5 517.60 DH","HP 91 DesignJet tête d'impression magenta et jaune",hp-91-design-jet-tete-d-impression-magenta-et-jaune,Technoplace,has_dot
130783,5532.8,"5 532.80 DH","HP 14X cartouche authentique de toner LaserJet noir grande capacité",hp-14x-cartouche-authentique-de-toner-laser-jet-noir-grande-capacite,"Ink Solutions Maroc",has_dot
140293,5544.44,"5 544.44 DH","Pc Portable Lenovo IdeaPad 5 15ITL05 (82FG01G7FE)",pc-portable-lenovo-idea-pad-5-15itl05-82fg01g7fe,Technoplace,has_dot
125415,5546.4,"5 546.40 DH","Téléviseur Samsung 55"" CU7000 Crystal UHD 4K (UA55CU7000UXMV)",televiseur-samsung-55-cu7000-crystal-uhd-4k-ua55cu7000uxmv,Technoplace,has_dot
125755,5642.4,"5 642.40 DH","TV Samsung 49"" Full HD Smart + Récepteur Intégré",tv-samsung-49-full-hd-smart-recepteur-integre,Technoplace,has_dot
137102,5647.32,"5 647.32 DH","Epson EcoTank L6190 Jet d'encre A4 4800 x 1200 DPI 33 ppm Wifi",epson-eco-tank-l6190-jet-d-encre-a4-4800-x-1200-dpi-33-ppm-wifi,Technoplace,has_dot
123378,5662.8,"5 662.80 DH","Ordinateur Portable Lenovo Ideapad 3 15ada05 (81W101L7FE)",ordinateur-portable-lenovo-ideapad-3-15ada05-81w101l7fe,Micromad,has_dot
132724,5662.8,"5 662.80 DH","HP Lot de 3 toners authentiques cyan/magenta/jaune LaserJet 131A",hp-lot-de-3-toners-authentiques-cyan-magenta-jaune-laser-jet-131a,"Ink Solutions Maroc",has_dot
140531,5662.8,"5 662.80 DH","Ordinateur Portable Lenovo IdeaPad 3 15ADA05 (81W101HGFE)",ordinateur-portable-lenovo-idea-pad-3-15ada05-81w101hgfe,Micromad,has_dot
128670,5666.4,"5 666.40 DH","Lexmark 60F0XA0 Cartouche de tonerOriginal Noir",lexmark-60f0xa0-cartouche-de-toner-original-noir,"NGT Maroc",has_dot
136593,5678.66,"5 678.66 DH","HP LaserJet Pro Imprimante multifonction M428fdw, Impression, Copie, Numérisation, Télécopie, E-mail, Numérisation vers e-mail; Numérisation recto-verso",hp-laser-jet-pro-imprimante-multifonction-m428fdw-impression-copie-numerisation-telecopie-e-mail-numerisation-vers-e-mail-numerisation-recto-verso,Technoplace,has_dot
128266,5710.8,"5 710.80 DH","Lexmark 62D0HA0 Cartouche de tonerOriginal Noir",lexmark-62d0ha0-cartouche-de-toner-original-noir,"NGT Maroc",has_dot
115304,5719.2,"5 719.20 DH","PC de Bureau LENOVO V530T i5 – 9è Gén 4Go -1To Noir (11bh001xfm)",pc-de-bureau-lenovo-v530t-i5-9e-gen-4go-1to-noir-11bh001xfm,Technoplace,has_dot
137972,5720.4,"5 720.40 DH","Lenovo G34w-30 écran plat de PC 34"" 3440 x 1440 pixels UltraWide Quad HD LED Noir",lenovo-g34w-30-ecran-plat-de-pc-34-3440-x-1440-pixels-ultra-wide-quad-hd-led-noir,Technoplace,has_dot
137016,5732.4,"5 732.40 DH","HP LaserJet M433a (1VR14A)",hp-laser-jet-m433a-1vr14a,Technoplace,has_dot
134406,5733.33,"5 733.33 DH","Hewlett Packard Enterprise 600GB 2.5"" 12G SAS 2.5"" 600 Go",hewlett-packard-enterprise-600gb-2-5-12g-sas-2-5-600-go,Technoplace,has_dot
139086,5733.34,"5 733.34 DH","Dell Vostro 3530 Ordinateur Portable I5-1335U 15,6""FHD - FreeDos",dell-vostro-3530-ordinateur-portable-i5-1335u-15-6-fhd-free-dos,Technoplace,has_dot
133437,5744.4,"5 744.40 DH","Lexmark E462 Cartouche de tonerOriginal Noir",lexmark-e462-cartouche-de-toner-original-noir,"NGT Maroc",has_dot
116453,5755.68,"5 755.68 DH","Pc portable Asus X515FA (90NB0W01-M00AN0)",pc-portable-asus-x515fa-90nb0w01-m00an0,Technoplace,has_dot
116483,5755.68,"5 755.68 DH","Pc portable Asus X515EA (90NB0TY2-M01R20)",pc-portable-asus-x515ea-90nb0ty2-m01r20,Technoplace,has_dot
116538,5755.68,"5 755.68 DH","Pc portable Asus X515F (90NB0W02-M00AP0)",pc-portable-asus-x515f-90nb0w02-m00ap0,Technoplace,has_dot
131793,5766.8,"5 766.80 DH","HP 55X toner LaserJet noir grande capacité authentique",hp-55x-toner-laser-jet-noir-grande-capacite-authentique,"Ink Solutions Maroc",has_dot
112879,5767.2,"5 767.20 DH","Lexmark T52X High Yield Return Program Print Cartridge (20K) Cartouche de toner Original Noir",lexmark-t52x-high-yield-return-program-print-cartridge-20k-cartouche-de-toner-original-noir,"NGT Maroc",has_dot
128604,5767.2,"5 767.20 DH","Lexmark 12A6839 Cartouche de tonerOriginal Noir",lexmark-12a6839-cartouche-de-toner-original-noir,"NGT Maroc",has_dot
130915,5767.2,"5 767.20 DH","Lexmark 12A5845 Cartouche de tonerOriginal Noir",lexmark-12a5845-cartouche-de-toner-original-noir,"NGT Maroc",has_dot
115317,5794.8,"5 794.80 DH","Pc De Bureau All In One HP 200 G3 i3 4Go 500Go",pc-de-bureau-all-in-one-hp-200-g3-i3-4go-500go,Technoplace,has_dot
129908,5800.48,"5 800.48 DH","HP Cartouche d'encre noir mat 765 Designjet, 775 ml",hp-cartouche-d-encre-noir-mat-765-designjet-775-ml,Technoplace,has_dot
130767,5800.8,"5 800.80 DH","Lexmark 52D5H00 Cartouche de tonerOriginal Noir",lexmark-52d5h00-cartouche-de-toner-original-noir,"NGT Maroc",has_dot
143778,5802.67,"5 802.67 DH","Canon Objectif RF 24-105mm F4-7.1 IS STM (4111C005AA)",canon-objectif-rf-24-105mm-f4-7-1-is-stm-4111c005aa,Technoplace,has_dot
143267,5836.67,"5 836.67 DH","Canon MAXIFY GX5040 imprimante jets d'encres Couleur 600 x 1200 DPI A4 Wifi",canon-maxify-gx5040-imprimante-jets-d-encres-couleur-600-x-1200-dpi-a4-wifi,Technoplace,has_dot
117284,5842.67,"5 842.67 DH","HP Scanjet 6FW07A scanner Alimentation papier de scanner 600 x 600 DPI A4 Noir, Blanc",hp-scanjet-6fw07a-scanner-alimentation-papier-de-scanner-600-x-600-dpi-a4-noir-blanc,Technoplace,has_dot
116843,5852.4,"5 852.40 DH","Pc Portable HP 15-dw2012nk Notebook I3 10é Gén- 4 Go - 1 To - Silver (2S530EA)",pc-portable-hp-15-dw2012nk-notebook-i3-10e-gen-4-go-1-to-silver-2s530ea,Technoplace,has_dot
139075,5853.34,"5 853.34 DH","LENOVO V15-IRU i5-13420H 15,6″FHD 8Go 512Go SSD Freedos Black 24M + Sacoche incluse (83A1009HFE)",lenovo-v15-iru-i5-13420h-15-6-fhd-8go-512go-ssd-freedos-black-24m-sacoche-incluse-83a1009hfe,Technoplace,has_dot
136802,5853.6,"5 853.60 DH","HP Color LaserJet Pro Imprimante multifonction M283fdn, Impression, copie, scan, fax, Impression USB en façade; Numérisation vers e-mail; Impression recto-verso; Chargeur automatique de documents déro",hp-color-laser-jet-pro-imprimante-multifonction-m283fdn-impression-copie-scan-fax-impression-usb-en-facade-numerisation-vers-e-mail-impression-recto-verso-chargeur-automatique-de-documents-deroule-de-50-feuille,Technoplace,has_dot
136607,5864.51,"5 864.51 DH","HP Kit de maintenance 220V LaserJet (F2G77A)",hp-kit-de-maintenance-220v-laser-jet-f2g77a,Technoplace,has_dot
138674,5868.13,"5 868.13 DH","Ordinateur bureau DellVostro 3888 i5-10400 4Gb 1To (N109VD3888EMEA03-P)",ordinateur-bureau-dell-vostro-3888-i5-10400-4gb-1to-n109vd3888emea03-p,Technoplace,has_dot
139066,5870.66,"5 870.66 DH","Dell Vostro 3520 Ordinateur Portable I3-1215U - FreeDos",dell-vostro-3520-ordinateur-portable-i3-1215u-free-dos,Technoplace,has_dot
135117,5885.81,"5 885.81 DH","Switch HP 1620 48 ports 10/100/1000 administrable",switch-hp-1620-48-ports-10-100-1000-administrable,Technoplace,has_dot
128602,5890.8,"5 890.80 DH","Lexmark 12A6760 Cartouche de tonerOriginal Noir",lexmark-12a6760-cartouche-de-toner-original-noir,"NGT Maroc",has_dot
136856,5906.4,"5 906.40 DH","HP Color LaserJet Pro M454dn, Imprimer, Impression recto verso",hp-color-laser-jet-pro-m454dn-imprimer-impression-recto-verso,Technoplace,has_dot
144964,5917.33,"5 917.33 DH","Smartphone Samsung Galaxy A54 5G 8GB_256GB White (SM-A546EZWDMWD)",smartphone-samsung-galaxy-a54-5g-8gb-256gb-white-sm-a546ezwdmwd,Technoplace,has_dot
116816,5920.8,"5 920.80 DH","Pc Portable LENOVO V330 i5 8è Gén 4Go 500 Go (81AX0026FE)",pc-portable-lenovo-v330-i5-8e-gen-4go-500-go-81ax0026fe,Technoplace,has_dot
139772,5920.88,"5 920.88 DH","PC PORTABLE Asus 15,6"" 90NB0CF3-M35340",pc-portable-asus-15-6-90nb0cf3-m35340,Technoplace,has_dot
139842,5920.88,"5 920.88 DH","Ordinateur Portable ASUS VivoBook Max X541UA i5-4GB-500GB-15"" (90NB0CF1-M20780)",ordinateur-portable-asus-vivo-book-max-x541ua-i5-4gb-500gb-15-90nb0cf1-m20780,Technoplace,has_dot
128275,5924.4,"5 924.40 DH","Lexmark X560H2YG Cartouche de tonerOriginal Jaune",lexmark-x560h2yg-cartouche-de-toner-original-jaune,"NGT Maroc",has_dot
128287,5924.4,"5 924.40 DH","Lexmark X560H2MG Magenta Laser Toner Cartouche de toner Original",lexmark-x560h2mg-magenta-laser-toner-cartouche-de-toner-original,"NGT Maroc",has_dot
128384,5924.4,"5 924.40 DH","Lexmark 0X560H2CG Cartouche de toner 1 pièce(s) Original Cyan",lexmark-0x560h2cg-cartouche-de-toner-1-piece-s-original-cyan,"NGT Maroc",has_dot
131625,5927.33,"5 927.33 DH","Canon C-EXV 58 Cartouche de tonerOriginal Magenta",canon-c-exv-58-cartouche-de-toner-original-magenta,Technoplace,has_dot
131628,5927.33,"5 927.33 DH","Canon C-EXV 58 Cartouche de tonerOriginal Cyan",canon-c-exv-58-cartouche-de-toner-original-cyan,Technoplace,has_dot
131631,5927.33,"5 927.33 DH","Canon C-EXV 58 Cartouche de tonerOriginal Jaune",canon-c-exv-58-cartouche-de-toner-original-jaune,Technoplace,has_dot
109333,5931.73,"5 931.73 DH","Epson EB-E10 Projecteur à focale standard 3LCD XGA 3600 Lumens",epson-eb-e10-projecteur-a-focale-standard-3lcd-xga-3600-lumens,Technoplace,has_dot
109190,5933.33,"5 933.33 DH","Epson CO-FH02 vidéo-projecteur 3000 ANSI lumens 3LCD 1080p (1920x1080) Blanc",epson-co-fh02-video-projecteur-3000-ansi-lumens-3lcd-1080p-1920x1080-blanc,Technoplace,has_dot
109219,5942.8,"5 942.80 DH","Epson EB-E20 Projecteur à focale standard 3LCD XGA 3400 Lumens",epson-eb-e20-projecteur-a-focale-standard-3lcd-xga-3400-lumens,Technoplace,has_dot
109469,5986.66,"5 986.66 DH","Epson EB-X39",epson-eb-x39,Technoplace,has_dot
138459,5986.67,"5 986.67 DH","Ordinateur de bureau Dell vostro 3910 Tour (N7519VDT3910EMEA_UBU)",ordinateur-de-bureau-dell-vostro-3910-tour-n7519vdt3910emea-ubu,Technoplace,has_dot
125403,5995.2,"5 995.20 DH","Téléviseur Samsung 43"" CU7000 Crystal UHD 4K (UA43CU7000UXMV)",televiseur-samsung-43-cu7000-crystal-uhd-4k-ua43cu7000uxmv,Technoplace,has_dot
122817,6014.51,"6 014.51 DH","Samsung Galaxy A72 8Go 128Go Violet",samsung-galaxy-a72-8go-128go-violet,Technoplace,has_dot
111549,6025.2,"6 025.20 DH","Lexmark High Yield Return Programme Cartridge, T64x Cartouche de toner Original Noir",lexmark-high-yield-return-programme-cartridge-t64x-cartouche-de-toner-original-noir,"NGT Maroc",has_dot
112108,6025.2,"6 025.20 DH","Lexmark 64016HE Cartouche de toner Original Noir",lexmark-64016he-cartouche-de-toner-original-noir,"NGT Maroc",has_dot
130871,6025.2,"6 025.20 DH","Lexmark X644H11E Cartouche de tonerOriginal Noir",lexmark-x644h11e-cartouche-de-toner-original-noir,"NGT Maroc",has_dot
113754,6026.4,"6 026.40 DH","Imprimante multifonction à réservoirs rechargeables Canon MAXIFY GX5040 (5550C009AA)",imprimante-multifonction-a-reservoirs-rechargeables-canon-maxify-gx5040-5550c009aa,Technoplace,has_dot
140717,6030.72,"6 030.72 DH","PC portable Lenovo IdeaPad 3 15IML05 / i3 10é Gén / 4 Go / Win 10 / Gris",pc-portable-lenovo-idea-pad-3-15iml05-i3-10e-gen-4-go-win-10-gris,Technoplace,has_dot
140401,6037.9,"6 037.90 DH","Pc Portable Lenovo IdeaPad 3 15ALC6 (82KU00LCFE)",pc-portable-lenovo-idea-pad-3-15alc6-82ku00lcfe,Micromad,has_dot
130717,6039.6,"6 039.60 DH","HP 826A toner LaserJet magenta authentique",hp-826a-toner-laser-jet-magenta-authentique,"NGT Maroc",has_dot
130723,6039.6,"6 039.60 DH","HP 826A Cartouche de tonerOriginal Jaune (CF312A)",hp-826a-cartouche-de-toner-original-jaune-cf312a,"NGT Maroc",has_dot
130725,6039.6,"6 039.60 DH","HP 826A Cartouche de tonerOriginal Cyan (CF311A)",hp-826a-cartouche-de-toner-original-cyan-cf311a,"NGT Maroc",has_dot
130649,6051.5,"6 051.50 DH","HP 655A Toner LaserJet magenta authentique",hp-655a-toner-laser-jet-magenta-authentique,"Ink Solutions Maroc",has_dot
130653,6051.5,"6 051.50 DH","HP 655A Toner LaserJet jaune authentique",hp-655a-toner-laser-jet-jaune-authentique,"Ink Solutions Maroc",has_dot
130656,6051.5,"6 051.50 DH","HP 655A Toner LaserJet cyan authentique",hp-655a-toner-laser-jet-cyan-authentique,"Ink Solutions Maroc",has_dot
138890,6058.8,"6 058.80 DH","DELL OptiPlex 3060 i3-8100 SFF Intel® Core™ i3 4 Go 500 Go HDD Windows 10 Pro PC Noir",dell-opti-plex-3060-i3-8100-sff-intel-r-core-i3-4-go-500-go-hdd-windows-10-pro-pc-noir,Technoplace,has_dot
115893,6066.67,"6 066.67 DH","Ordinateur portable HP 15-fd0027nk (886L2EA)",ordinateur-portable-hp-15-fd0027nk-886l2ea,Technoplace,has_dot
137166,6080.4,"6 080.40 DH","HP Color LaserJet Pro M283fdw Laser A4 600 x 600 DPI 22 ppm Wifi (7KW75A#B19)",hp-color-laser-jet-pro-m283fdw-laser-a4-600-x-600-dpi-22-ppm-wifi-7kw75a-b19,Technoplace,has_dot
140223,6080.4,"6 080.40 DH","Pc portable Asus VivoBook 14 R465 (90NB0W11-M000B0)",pc-portable-asus-vivo-book-14-r465-90nb0w11-m000b0,Technoplace,has_dot
140227,6080.4,"6 080.40 DH","Pc portable Asus VivoBook 14 R465 (90NB0W12-M000A0)",pc-portable-asus-vivo-book-14-r465-90nb0w12-m000a0,Technoplace,has_dot
143813,6086.4,"6 086.40 DH","Objectif Canon RF 35mm F1.8 IS Macro STM (2973C005AA)",objectif-canon-rf-35mm-f1-8-is-macro-stm-2973c005aa,Technoplace,has_dot
137138,6087.83,"6 087.83 DH","Epson EcoTank L6160 Jet d'encre A4 4800 x 1200 DPI 33 ppm Wifi",epson-eco-tank-l6160-jet-d-encre-a4-4800-x-1200-dpi-33-ppm-wifi,Technoplace,has_dot
137245,6094.67,"6 094.67 DH","HP LaserJet Pro Imprimante M501dn, Imprimer, Impression recto verso (J8H61A#B19)",hp-laser-jet-pro-imprimante-m501dn-imprimer-impression-recto-verso-j8h61a-b19,Technoplace,has_dot
141911,6097.2,"6 097.20 DH","Scanner Epson WorkForce ES-500WII (B11B263401BA)",scanner-epson-work-force-es-500wii-b11b263401ba,Technoplace,has_dot
109284,6108.8,"6 108.80 DH","Epson EB-X06",epson-eb-x06,Technoplace,has_dot
131757,6112.91,"6 112.91 DH","HP 504A toner LaserJet magenta authentique",hp-504a-toner-laser-jet-magenta-authentique,Technoplace,has_dot
132078,6112.91,"6 112.91 DH","HP 504A toner LaserJet cyan authentique",hp-504a-toner-laser-jet-cyan-authentique,Technoplace,has_dot
109289,6130.93,"6 130.93 DH","Epson EB-X51",epson-eb-x51,Technoplace,has_dot
135057,6146.93,"6 146.93 DH","TP-LINK TL-SG3428MP commutateur réseau Géré L2/L2+ Gigabit Ethernet (10/100/1000) Connexion Ethernet, supportant l'alimentation",tp-link-tl-sg3428mp-commutateur-reseau-gere-l2-l2-gigabit-ethernet-10-100-1000-connexion-ethernet-supportant-l-alimentation,Technoplace,has_dot
125565,6159.6,"6 159.60 DH","TV LG NANO79 Smart TV 4K 50"" (50NANO796QA)",tv-lg-nano79-smart-tv-4k-50-50nano796qa,Technoplace,has_dot
122714,6165.6,"6 165.60 DH","Samsung Galaxy S21 FE 5G 8Go 256Go Vert",samsung-galaxy-s21-fe-5g-8go-256go-vert,Technoplace,has_dot
145184,6165.6,"6 165.60 DH","SmartphoneSAMSUNGGalaxy S21 FE 6.4'' 8+256 GB  Graphite (",smartphone-samsung-galaxy-s21-fe-6-4-8-256-gb-graphite,Technoplace,has_dot
142189,6196.8,"6 196.80 DH","QNAP TS-451+ NAS Tower Ethernet/LAN Noir J1900 (TS-451+-2G)",qnap-ts-451-nas-tower-ethernet-lan-noir-j1900-ts-451-2g,Technoplace,has_dot
135585,6213.34,"6 213.34 DH","Imprimante Multifonction Laser Couleur Canon i-SENSYS MF651CW (5158C009AA)",imprimante-multifonction-laser-couleur-canon-i-sensys-mf651cw-5158c009aa,Technoplace,has_dot
136595,6219.4,"6 219.40 DH","HP LaserJet Pro Imprimante multifonction M428fdw, Impression, Copie, Numérisation, Télécopie, E-mail, Numérisation vers e-mail; Numérisation recto-verso",hp-laser-jet-pro-imprimante-multifonction-m428fdw-impression-copie-numerisation-telecopie-e-mail-numerisation-vers-e-mail-numerisation-recto-verso,Micromad,has_dot
136944,6253.2,"6 253.20 DH","HP Color LaserJet Pro Imprimante multifonction M283fdw, Impression, copie, scan, fax, Impression USB en façade; Numérisation vers e-mail; Impression recto-verso; Chargeur automatique de documents déro",hp-color-laser-jet-pro-imprimante-multifonction-m283fdw-impression-copie-scan-fax-impression-usb-en-facade-numerisation-vers-e-mail-impression-recto-verso-chargeur-automatique-de-documents-deroule-de-50-feuille,Technoplace,has_dot
139474,6253.2,"6 253.20 DH","Ordinateur portable Asus X515E (90NB0TZ1-M007T0)",ordinateur-portable-asus-x515e-90nb0tz1-m007t0,Technoplace,has_dot
139478,6253.2,"6 253.20 DH","Ordinateur portable Dell Vostro 3520 (DL-VOSTRO3520-I5)",ordinateur-portable-dell-vostro-3520-dl-vostro3520-i5,Technoplace,has_dot
116803,6253.33,"6 253.33 DH","Pc portable HP 250 G7 / i5 10è Gén / 4 Go",pc-portable-hp-250-g7-i5-10e-gen-4-go,Technoplace,has_dot
125644,6253.33,"6 253.33 DH","TV Samsung 55"" AU7000 intelligent 4K UHD (UA55AU7000UXMV)",tv-samsung-55-au7000-intelligent-4k-uhd-ua55au7000uxmv,Technoplace,has_dot
109233,6266.05,"6 266.05 DH","Epson EB-X49 Projecteur à focale standard 3LCD XGA 3600 Lumens",epson-eb-x49-projecteur-a-focale-standard-3lcd-xga-3600-lumens,"EVO TRADING Store Maroc",has_dot
143730,6306.34,"6 306.34 DH","Appareil Photo Compact Canon EOS M100 avec Objectif EF-M 15-45mm",appareil-photo-compact-canon-eos-m100-avec-objectif-ef-m-15-45mm,Technoplace,has_dot
130555,6318.83,"6 318.83 DH","HP 648A toner LaserJet jaune authentique",hp-648a-toner-laser-jet-jaune-authentique,Technoplace,has_dot
130559,6318.83,"6 318.83 DH","HP 648A toner LaserJet cyan authentique",hp-648a-toner-laser-jet-cyan-authentique,Technoplace,has_dot
130563,6318.83,"6 318.83 DH","HP 648A toner LaserJet magenta authentique",hp-648a-toner-laser-jet-magenta-authentique,Technoplace,has_dot
139833,6337.2,"6 337.20 DH","Ordinateur Portable Acer Aspire E 15 (NX.GRYEF.003)",ordinateur-portable-acer-aspire-e-15-nx-gryef-003,Technoplace,has_dot
139791,6338.4,"6 338.40 DH","Ordinateur Portable Lenovo IdeaPad 330 15IKBR |i5-4GB-1TB-15,6""| (81DE00YJFG)",ordinateur-portable-lenovo-idea-pad-330-15ikbr-i5-4gb-1tb-15-6-81de00yjfg,Technoplace,has_dot
115757,6386.4,"6 386.40 DH","Ordinateur Portable Lenovo V15 IAP i5 12th (82TT00JKFE)",ordinateur-portable-lenovo-v15-iap-i5-12th-82tt00jkfe,Technoplace,has_dot
116535,6386.4,"6 386.40 DH","Pc portable Dell Vostro Notebook 3400 (N4008VN3400EMEA01)",pc-portable-dell-vostro-notebook-3400-n4008vn3400emea01,Technoplace,has_dot
116758,6407.59,"6 407.59 DH","Pc Portable HP Pavilion x360-11-u003nk Tactile / Quad Core / 4 Go",pc-portable-hp-pavilion-x360-11-u003nk-tactile-quad-core-4-go,Technoplace,has_dot
130983,6436.32,"6 436.32 DH","HP LaserJet Toner noir grande capacité authentique 147X",hp-laser-jet-toner-noir-grande-capacite-authentique-147x,Technoplace,has_dot
115250,6448.8,"6 448.80 DH","HP 300 G6 i5-10400 Micro Tower 4 Go 1000 Go HDD DOS gratuit PC Noir",hp-300-g6-i5-10400-micro-tower-4-go-1000-go-hdd-dos-gratuit-pc-noir,Technoplace,has_dot
136804,6449.3,"6 449.30 DH","HP Color LaserJet Pro Imprimante multifonction M283fdn, Impression, copie, scan, fax, Impression USB en façade; Numérisation vers e-mail; Impression recto-verso; Chargeur automatique de documents déro",hp-color-laser-jet-pro-imprimante-multifonction-m283fdn-impression-copie-scan-fax-impression-usb-en-facade-numerisation-vers-e-mail-impression-recto-verso-chargeur-automatique-de-documents-deroule-de-50-feuille,Micromad,has_dot
115323,6454.8,"6 454.80 DH","Pc De bureau HP Pro G2 i5 4Go 1To",pc-de-bureau-hp-pro-g2-i5-4go-1to,Technoplace,has_dot
140560,6473.6,"6 473.60 DH","Lenovo Ideapad 3 15IML05 i3-10110U 15,6"" 4GB 1TB (81WB010SFE)",lenovo-ideapad-3-15iml05-i3-10110u-15-6-4gb-1tb-81wb010sfe,Technoplace,has_dot
129505,6490.9,"6 490.90 DH","HP 624A Cartouche de tonerOriginal Magenta (CB403A)",hp-624a-cartouche-de-toner-original-magenta-cb403a,"Ink Solutions Maroc",has_dot
129512,6490.9,"6 490.90 DH","HP 624A Cartouche de tonerOriginal Cyan (CB401A)",hp-624a-cartouche-de-toner-original-cyan-cb401a,"Ink Solutions Maroc",has_dot
135094,6502.93,"6 502.93 DH","TP-Link Managed Switch L2 JetStream, 48 ports gibabit +4 x SFP (TL-SG3452)",tp-link-managed-switch-l2-jet-stream-48-ports-gibabit-4-x-sfp-tl-sg3452,Technoplace,has_dot
111608,6507.6,"6 507.60 DH","Lexmark T64x Extra High Yield Return Programme Cartridge Cartouche de toner Original Noir",lexmark-t64x-extra-high-yield-return-programme-cartridge-cartouche-de-toner-original-noir,"NGT Maroc",has_dot
111610,6507.6,"6 507.60 DH","Lexmark T644 Extra High Yield Return Program Print Cartridge for Label Applications",lexmark-t644-extra-high-yield-return-program-print-cartridge-for-label-applications,"NGT Maroc",has_dot
112070,6507.6,"6 507.60 DH","Lexmark X792X1YG Cartouche de toner Original Jaune",lexmark-x792x1yg-cartouche-de-toner-original-jaune,"NGT Maroc",has_dot
112116,6507.6,"6 507.60 DH","Lexmark X792X1MG Cartouche de toner Original Magenta",lexmark-x792x1mg-cartouche-de-toner-original-magenta,"NGT Maroc",has_dot
129667,6507.6,"6 507.60 DH","Lexmark X644X11E Cartouche de tonerOriginal Noir",lexmark-x644x11e-cartouche-de-toner-original-noir,"NGT Maroc",has_dot
131196,6507.6,"6 507.60 DH","Lexmark X792X1CG Cartouche de tonerOriginal Cyan",lexmark-x792x1cg-cartouche-de-toner-original-cyan,"NGT Maroc",has_dot
131259,6507.6,"6 507.60 DH","Lexmark C930H2KG Cartouche de tonerOriginal Noir",lexmark-c930h2kg-cartouche-de-toner-original-noir,"NGT Maroc",has_dot
128607,6518.4,"6 518.40 DH","Lexmark 12A7465 Cartouche de tonerOriginal Noir",lexmark-12a7465-cartouche-de-toner-original-noir,"NGT Maroc",has_dot
116418,6563.2,"6 563.20 DH","Pc Portable Lenovo Ideapad L340-15API (81LW00L3FE)",pc-portable-lenovo-ideapad-l340-15api-81lw00l3fe,Technoplace,has_dot
129993,6564.35,"6 564.35 DH","HP 761 cartouche d'encre DesignJet noir mat, 775 ml",hp-761-cartouche-d-encre-design-jet-noir-mat-775-ml,Technoplace,has_dot
130661,6579.3,"6 579.30 DH","HP 410X LaserJet, lot de 2 cartouches de toner grande capacité authentiques, noir (CF410XD)",hp-410x-laser-jet-lot-de-2-cartouches-de-toner-grande-capacite-authentiques-noir-cf410xd,"Ink Solutions Maroc",has_dot
113648,6585.23,"6 585.23 DH","Epson TM-L90-i imprimante pour étiquettes Thermique directe 180 x 180 DPI Avec fil",epson-tm-l90-i-imprimante-pour-etiquettes-thermique-directe-180-x-180-dpi-avec-fil,Technoplace,has_dot
136163,6585.23,"6 585.23 DH","Epson TM-L90 (402) imprimante pour étiquettes Ligne thermale 203 x 203 DPI 150 mm/sec Avec fil",epson-tm-l90-402-imprimante-pour-etiquettes-ligne-thermale-203-x-203-dpi-150-mm-sec-avec-fil,Technoplace,has_dot
138748,6586.8,"6 586.80 DH","DELL OptiPlex 3060 i3-8100 SFF Intel® Core™ i3 8 Go 1 To HDD Windows 10 Pro PC Noir",dell-opti-plex-3060-i3-8100-sff-intel-r-core-i3-8-go-1-to-hdd-windows-10-pro-pc-noir,Technoplace,has_dot
131384,6590.93,"6 590.93 DH","HP 643A toner LaserJet magenta authentique",hp-643a-toner-laser-jet-magenta-authentique,Technoplace,has_dot
136945,6594.5,"6 594.50 DH","HP Color LaserJet Pro Imprimante multifonction M283fdw, Impression, copie, scan, fax, Impression USB en façade; Numérisation vers e-mail; Impression recto-verso; Chargeur automatique de documents déro",hp-color-laser-jet-pro-imprimante-multifonction-m283fdw-impression-copie-scan-fax-impression-usb-en-facade-numerisation-vers-e-mail-impression-recto-verso-chargeur-automatique-de-documents-deroule-de-50-feuille,Micromad,has_dot
125410,6628.8,"6 628.80 DH","Téléviseur Samsung 50"" CU7000 Crystal UHD 4K (UA50CU7000UXMV)",televiseur-samsung-50-cu7000-crystal-uhd-4k-ua50cu7000uxmv,Technoplace,has_dot
138900,6639.13,"6 639.13 DH","HP ProDesk 400 G4 i3-7100 Micro Tower Intel® Core™ i3 4 Go 500 Go HDD DOS gratuit PC Noir, Argent",hp-pro-desk-400-g4-i3-7100-micro-tower-intel-r-core-i3-4-go-500-go-hdd-dos-gratuit-pc-noir-argent,Technoplace,has_dot
141954,6639.6,"6 639.60 DH","Scanner professionnel Epson WorkForce DS-770 - A4",scanner-professionnel-epson-work-force-ds-770-a4,Technoplace,has_dot
139370,6652.8,"6 652.80 DH","Ordinateur Portable Lenovo IdeaPad Slim 3 15IAH8 (83ER0085FE)",ordinateur-portable-lenovo-idea-pad-slim-3-15iah8-83er0085fe,Technoplace,has_dot
137165,6653.33,"6 653.33 DH","HP Color LaserJet Pro Imprimante multifonction M183fw, Impression, copie, scan, fax, Chargeur automatique de documents de 35 feuilles; Eco-énergétique; Sécurité renforcée; Wi-Fi double bande (7KW56A#B",hp-color-laser-jet-pro-imprimante-multifonction-m183fw-impression-copie-scan-fax-chargeur-automatique-de-documents-de-35-feuilles-eco-energetique-securite-renforcee-wi-fi-double-bande-7kw56a-b19,Technoplace,has_dot
137869,6653.33,"6 653.33 DH","Lenovo ThinkVision T34w-30 LED display 86,4 cm (34"") 3440 x 1440 pixels Wide Quad HD Noir",lenovo-think-vision-t34w-30-led-display-86-4-cm-34-3440-x-1440-pixels-wide-quad-hd-noir,Technoplace,has_dot
115273,6712.09,"6 712.09 DH","PC de Bureau All In One HP 200 G4 i3 10è Gén 4Go 1To - Noir (9UG58EA)",pc-de-bureau-all-in-one-hp-200-g4-i3-10e-gen-4go-1to-noir-9ug58ea,Technoplace,has_dot
136229,6713.04,"6 713.04 DH","Imprimante A3 Multifonction Laser Monochrome Canon ImageRUNNER 2206 (3030C001AA)",imprimante-a3-multifonction-laser-monochrome-canon-image-runner-2206-3030c001aa,Technoplace,has_dot
140577,6717.6,"6 717.60 DH","Dell Vostro 3500 i3-1115G4 15.6"" HD 4GB 256GB SSD Ubuntu 12M",dell-vostro-3500-i3-1115g4-15-6-hd-4gb-256gb-ssd-ubuntu-12m,Technoplace,has_dot
130507,6726.72,"6 726.72 DH","HP 81X toner LaserJet noir authentique grande capacité",hp-81x-toner-laser-jet-noir-authentique-grande-capacite,Technoplace,has_dot
141919,6728.53,"6 728.53 DH","Scanner Canon imageFORMULA DR-C225W II (3259C003AA)",scanner-canon-image-formula-dr-c225w-ii-3259c003aa,Technoplace,has_dot
136240,6733.33,"6 733.33 DH","Epson C11CJ20403 imprimante jets d'encres",epson-c11cj20403-imprimante-jets-d-encres,Technoplace,has_dot
130630,6763.9,"6 763.90 DH","HP Cartouche de toner noir authentique 37X LaserJet grande capacité",hp-cartouche-de-toner-noir-authentique-37x-laser-jet-grande-capacite,"Ink Solutions Maroc",has_dot
113726,6773.33,"6 773.33 DH","Imprimante Laser Couleur Canon I-SENSYS LBP663CDW (3103C008AA)",imprimante-laser-couleur-canon-i-sensys-lbp663cdw-3103c008aa,Technoplace,has_dot
142170,6776.4,"6 776.40 DH","QNAP TS-431X2 NAS Tower Ethernet/LAN Noir AL314",qnap-ts-431x2-nas-tower-ethernet-lan-noir-al314,Technoplace,has_dot
125667,6786.67,"6 786.67 DH","TV Samsung 50"" AU8000 Smart TV 4K UHD (UA50AU8000UXM)",tv-samsung-50-au8000-smart-tv-4k-uhd-ua50au8000uxm,Technoplace,has_dot
140402,6793.92,"6 793.92 DH","Pc Portable Lenovo IdeaPad 3 15ALC6 (82KU00LCFE)",pc-portable-lenovo-idea-pad-3-15alc6-82ku00lcfe,Technoplace,has_dot
114950,6813.34,"6 813.34 DH","ORDINATEUR DE BUREAU DELL OPTIPLEX 7020 MICRO (DL-OP7020-I5-8G-MFF)",ordinateur-de-bureau-dell-optiplex-7020-micro-dl-op7020-i5-8g-mff,Technoplace,has_dot
130139,6826.4,"6 826.40 DH","HP 91 3-pack 775-ml Light Magenta DesignJet Pigment Ink Cartridges cartouche d'encre 1 pièce(s) Original Magenta clair (C9487A)",hp-91-3-pack-775-ml-light-magenta-design-jet-pigment-ink-cartridges-cartouche-d-encre-1-piece-s-original-magenta-clair-c9487a,Fournipro.ma,has_dot
125568,6832.8,"6 832.80 DH","TV LG UHD Smart TV 4K 55"" (55UQ80006LD)",tv-lg-uhd-smart-tv-4k-55-55uq80006ld,Technoplace,has_dot
128642,6844.8,"6 844.80 DH","Hyperion 12A5745 Cartouche de tonerNoir",hyperion-12a5745-cartouche-de-toner-noir,"NGT Maroc",has_dot
139844,6847.82,"6 847.82 DH","Ordinateur Portable HP ProBook 450 G5 |i3-4GB-500GB-15,6""| (3QM73EA)",ordinateur-portable-hp-pro-book-450-g5-i3-4gb-500gb-15-6-3qm73ea,Technoplace,has_dot
113339,6856.67,"6 856.67 DH","Imprimante Multifonction Laser Monochrome Canon i-SENSYS X 1238i II (5161C003BA)",imprimante-multifonction-laser-monochrome-canon-i-sensys-x-1238i-ii-5161c003ba,Technoplace,has_dot
130712,6867.9,"6 867.90 DH","HP Cartouche de toner noir authentique grande capacité LaserJet 654X",hp-cartouche-de-toner-noir-authentique-grande-capacite-laser-jet-654x,"Ink Solutions Maroc",has_dot
128104,6889.2,"6 889.20 DH","Lexmark C780H2CG Cartouche de tonerOriginal Cyan",lexmark-c780h2cg-cartouche-de-toner-original-cyan,"NGT Maroc",has_dot
128110,6889.2,"6 889.20 DH","Lexmark Yellow High Yield Print Cartridge for C770/C772 Cartouche de toner Original Jaune",lexmark-yellow-high-yield-print-cartridge-for-c770-c772-cartouche-de-toner-original-jaune,"NGT Maroc",has_dot
128142,6889.2,"6 889.20 DH","Lexmark Magenta High Yield Print Cartridge for C770/C772 Cartouche de toner Original",lexmark-magenta-high-yield-print-cartridge-for-c770-c772-cartouche-de-toner-original,"NGT Maroc",has_dot
128154,6889.2,"6 889.20 DH","Lexmark Cyan High Yield Print Cartridge for C770/C772 Cartouche de toner Original",lexmark-cyan-high-yield-print-cartridge-for-c770-c772-cartouche-de-toner-original,"NGT Maroc",has_dot
128611,6889.2,"6 889.20 DH","Hyperion 12A6735 Cartouche de tonerNoir",hyperion-12a6735-cartouche-de-toner-noir,"NGT Maroc",has_dot
129392,6889.2,"6 889.20 DH","Lexmark C780H2YG Cartouche de tonerOriginal Jaune",lexmark-c780h2yg-cartouche-de-toner-original-jaune,"NGT Maroc",has_dot
129409,6889.2,"6 889.20 DH","Lexmark C780H2MG Cartouche de tonerOriginal Magenta",lexmark-c780h2mg-cartouche-de-toner-original-magenta,"NGT Maroc",has_dot
136330,6913.33,"6 913.33 DH","Epson C11CJ60405 imprimante jets d'encres",epson-c11cj60405-imprimante-jets-d-encres,Technoplace,has_dot
116113,6920.4,"6 920.40 DH","Ordinateur Portable Lenovo Ideapad 3 15IAU7 (82RK00PCFE)",ordinateur-portable-lenovo-ideapad-3-15iau7-82rk00pcfe,Technoplace,has_dot
131240,6922.8,"6 922.80 DH","Lexmark X945X2CG Cartouche de tonerOriginal Cyan",lexmark-x945x2cg-cartouche-de-toner-original-cyan,"NGT Maroc",has_dot
131273,6922.8,"6 922.80 DH","Lexmark X945X2MG Cartouche de tonerOriginal Magenta",lexmark-x945x2mg-cartouche-de-toner-original-magenta,"NGT Maroc",has_dot
131276,6922.8,"6 922.80 DH","Lexmark X945X2YG Cartouche de tonerOriginal Jaune",lexmark-x945x2yg-cartouche-de-toner-original-jaune,"NGT Maroc",has_dot
139900,6963.6,"6 963.60 DH","HP 15s-eq3000nk Ordinateur portable 39,6 cm (15.6"") Full HD AMD Ryzen™ 7 5825U 8 Go DDR4-SDRAM 512 Go SSD Wi-Fi 5 (802.11ac) Windows 11 Home Argent",hp-15s-eq3000nk-ordinateur-portable-39-6-cm-15-6-full-hd-amd-ryzen-7-5825u-8-go-ddr4-sdram-512-go-ssd-wi-fi-5-802-11ac-windows-11-home-argent,Technoplace,has_dot
140856,6982.8,"6 982.80 DH","Pc Portable HP ProBook 450 G6 / i5 8è Gén / 4 Go (5pp74ea)",pc-portable-hp-pro-book-450-g6-i5-8e-gen-4-go-5pp74ea,Technoplace,has_dot
139628,6991.67,"6 991.67 DH","HP Pavilion x360 14-ek1001nk Hybride (2-en-1) 14""i5-1335U 8 Go 512 Go SSD Windows 11 Home Argent",hp-pavilion-x360-14-ek1001nk-hybride-2-en-1-14-i5-1335u-8-go-512-go-ssd-windows-11-home-argent,"Bestmark Maroc",has_dot
125413,6999.6,"6 999.60 DH","Téléviseur Samsung 50"" Q60B smart TV QLED UHD 4K (QA50Q60CAUXMV)",televiseur-samsung-50-q60b-smart-tv-qled-uhd-4k-qa50q60cauxmv,Technoplace,has_dot
130664,7004.4,"7 004.40 DH","HP 201X LaserJet, lot de 3 cartouches de toner grande capacité authentiques, cyan/magenta/jaune",hp-201x-laser-jet-lot-de-3-cartouches-de-toner-grande-capacite-authentiques-cyan-magenta-jaune,"Ink Solutions Maroc",has_dot
112118,7012.8,"7 012.80 DH","Lexmark T650H11E Cartouche de toner Original Noir",lexmark-t650h11e-cartouche-de-toner-original-noir,"NGT Maroc",has_dot
112145,7012.8,"7 012.80 DH","Lexmark X65x High Yield Return Program Print Cartridge Cartouche de toner Original Noir",lexmark-x65x-high-yield-return-program-print-cartridge-cartouche-de-toner-original-noir,"NGT Maroc",has_dot
128278,7012.8,"7 012.80 DH","Lexmark X651H04E Cartouche de tonerOriginal Noir",lexmark-x651h04e-cartouche-de-toner-original-noir,"NGT Maroc",has_dot
133463,7012.8,"7 012.80 DH","Lexmark T650H04E Cartouche de tonerOriginal Noir",lexmark-t650h04e-cartouche-de-toner-original-noir,"NGT Maroc",has_dot
135932,7013.33,"7 013.33 DH","Imprimante Multifonction Canon PIXMA G6040 à réservoirs rechargeables (3113C009AA)",imprimante-multifonction-canon-pixma-g6040-a-reservoirs-rechargeables-3113c009aa,Technoplace,has_dot
139890,7045.92,"7 045.92 DH","HP 15s-eq3001nk Ordinateur portable 39,6 cm (15.6"") Full HD AMD Ryzen™ 5 5625U 8 Go DDR4-SDRAM 512 Go SSD Wi-Fi 5 (802.11ac) Windows 11 Home Argent",hp-15s-eq3001nk-ordinateur-portable-39-6-cm-15-6-full-hd-amd-ryzen-5-5625u-8-go-ddr4-sdram-512-go-ssd-wi-fi-5-802-11ac-windows-11-home-argent,Technoplace,has_dot
140501,7053.34,"7 053.34 DH","PC Portable Lenovo IdeaPad Flex 5 14ALC05 (82HU00WRFE)",pc-portable-lenovo-idea-pad-flex-5-14alc05-82hu00wrfe,Technoplace,has_dot
140497,7053.6,"7 053.60 DH","PC Portable Lenovo IdeaPad Flex 5 14ALC05 (82HU00D6FE)",pc-portable-lenovo-idea-pad-flex-5-14alc05-82hu00d6fe,Technoplace,has_dot
111557,7124.4,"7 124.40 DH","Lexmark C792X1YG Cartouche de toner Original Jaune",lexmark-c792x1yg-cartouche-de-toner-original-jaune,"NGT Maroc",has_dot
111572,7124.4,"7 124.40 DH","Lexmark C792X1CG Cartouche de toner Original Cyan",lexmark-c792x1cg-cartouche-de-toner-original-cyan,"NGT Maroc",has_dot
111645,7124.4,"7 124.40 DH","Lexmark C792X1MG Cartouche de toner Original magenta",lexmark-c792x1mg-cartouche-de-toner-original-magenta,"NGT Maroc",has_dot
130694,7125.33,"7 125.33 DH","HP 653A toner jaune authentique LaserJet",hp-653a-toner-jaune-authentique-laser-jet,Technoplace,has_dot
113490,7128.67,"7 128.67 DH","Imprimante Multifonction Laser Couleur Canon i-SENSYS MF752Cdw (5455C012AA)",imprimante-multifonction-laser-couleur-canon-i-sensys-mf752cdw-5455c012aa,Technoplace,has_dot
133492,7128.67,"7 128.67 DH","Canon PF-03 tête d’impression Jet d'encre",canon-pf-03-tete-d-impression-jet-d-encre,Technoplace,has_dot
123331,7158.33,"7 158.33 DH","HP 14-ep0002nk 14"" Full HD i5-1335U 8 Go 512 Go SSD Windows 11 Home Argent",hp-14-ep0002nk-14-full-hd-i5-1335u-8-go-512-go-ssd-windows-11-home-argent,"Bestmark Maroc",has_dot
139721,7158.33,"7 158.33 DH","HP 15-fd0019nk 15.6"" Full HD i7-1355U 8 Go 512 Go SSD Windows 11 Home Argent",hp-15-fd0019nk-15-6-full-hd-i7-1355u-8-go-512-go-ssd-windows-11-home-argent,"Bestmark Maroc",has_dot
130508,7165.6,"7 165.60 DH","HP 81X toner LaserJet noir authentique grande capacité",hp-81x-toner-laser-jet-noir-authentique-grande-capacite,"Ink Solutions Maroc",has_dot
136993,7173.6,"7 173.60 DH","HP Color LaserJet Pro Imprimante multifonction M479fnw, Impression, copie, numérisation, télécopie, e-mail, Numérisation vers e-mail/PDF; Chargeur automatique de documents déroulé de 50 feuilles",hp-color-laser-jet-pro-imprimante-multifonction-m479fnw-impression-copie-numerisation-telecopie-e-mail-numerisation-vers-e-mail-pdf-chargeur-automatique-de-documents-deroule-de-50-feuilles,Technoplace,has_dot
128600,7180.8,"7 180.80 DH","Lexmark 520HAL Cartouche de tonerOriginal Noir",lexmark-520hal-cartouche-de-toner-original-noir,"NGT Maroc",has_dot
128673,7180.8,"7 180.80 DH","Lexmark 52D0HA0 Cartouche de tonerOriginal Noir",lexmark-52d0ha0-cartouche-de-toner-original-noir,"NGT Maroc",has_dot
116825,7182.26,"7 182.26 DH","Pc Portable HP 15-dw2001nk i5 10è Gén 4Go 1To - Gris (9YX54EA)",pc-portable-hp-15-dw2001nk-i5-10e-gen-4go-1to-gris-9yx54ea,Technoplace,has_dot
115783,7186.67,"7 186.67 DH","Ordinateur portable Dell Vostro 3530 15"" i5 13th (N1609PVNB3530EMEA)",ordinateur-portable-dell-vostro-3530-15-i5-13th-n1609pvnb3530emea,Technoplace,has_dot
136808,7186.8,"7 186.80 DH","HP Color LaserJet Pro Imprimante multifonction M479dw, Impression, copie, numérisation, e-mail, Impression recto-verso; Numérisation vers e-mail/PDF; Chargeur automatique de documents de 50 feuilles",hp-color-laser-jet-pro-imprimante-multifonction-m479dw-impression-copie-numerisation-e-mail-impression-recto-verso-numerisation-vers-e-mail-pdf-chargeur-automatique-de-documents-de-50-feuilles,Technoplace,has_dot
138601,7187.8,"7 187.80 DH","HP Pro 240 G9 Intel® Core™ i3 23.8"" 8 Go 256 Go SSD DOS gratuit Noir",hp-pro-240-g9-intel-r-core-i3-23-8-8-go-256-go-ssd-dos-gratuit-noir,Technoplace,has_dot
133440,7203.6,"7 203.60 DH","Lexmark X644H21E Cartouche de tonerOriginal Noir",lexmark-x644h21e-cartouche-de-toner-original-noir,"NGT Maroc",has_dot
133546,7203.6,"7 203.60 DH","Lexmark 64036HE Cartouche de tonerOriginal Noir",lexmark-64036he-cartouche-de-toner-original-noir,"NGT Maroc",has_dot
128128,7214.4,"7 214.40 DH","Lexmark C7720MX Cartouche de tonerOriginal Magenta",lexmark-c7720mx-cartouche-de-toner-original-magenta,"NGT Maroc",has_dot
128396,7214.4,"7 214.40 DH","Lexmark C782X1YG Cartouche de tonerOriginal Jaune",lexmark-c782x1yg-cartouche-de-toner-original-jaune,"NGT Maroc",has_dot
128628,7214.4,"7 214.40 DH","Lexmark C7720YX Cartouche de tonerOriginal Jaune",lexmark-c7720yx-cartouche-de-toner-original-jaune,"NGT Maroc",has_dot
129407,7214.4,"7 214.40 DH","Lexmark C782X1CG Cartouche de tonerOriginal Cyan",lexmark-c782x1cg-cartouche-de-toner-original-cyan,"NGT Maroc",has_dot
129421,7214.4,"7 214.40 DH","Lexmark C782X1MG Cartouche de tonerOriginal Magenta",lexmark-c782x1mg-cartouche-de-toner-original-magenta,"NGT Maroc",has_dot
133523,7214.4,"7 214.40 DH","Lexmark C7720CX Cartouche de tonerOriginal Cyan",lexmark-c7720cx-cartouche-de-toner-original-cyan,"NGT Maroc",has_dot
133533,7225.2,"7 225.20 DH","Lexmark 12A7362 Cartouche de tonerOriginal Noir",lexmark-12a7362-cartouche-de-toner-original-noir,"NGT Maroc",has_dot
115244,7234.02,"7 234.02 DH","PC DE BUREAU LENOVO TOUT EN UN V30A-22 I3 10GÉN 4GO 256GO SSD - NOIR (11LC003CFM)",pc-de-bureau-lenovo-tout-en-un-v30a-22-i3-10gen-4go-256go-ssd-noir-11lc003cfm,Technoplace,has_dot
109235,7248.67,"7 248.67 DH","Epson EB-X49 Projecteur à focale standard 3LCD XGA 3600 Lumens",epson-eb-x49-projecteur-a-focale-standard-3lcd-xga-3600-lumens,Technoplace,has_dot
113269,7250.53,"7 250.53 DH","HPE Aruba Instant On 1830 Smart 48G 4SFP (JL814A)",hpe-aruba-instant-on-1830-smart-48g-4sfp-jl814a,Technoplace,has_dot
135963,7270.8,"7 270.80 DH","HP Color LaserJet Pro M454dw Couleur 600 x 600 DPI A4 Wifi (W1Y45A#B19)",hp-color-laser-jet-pro-m454dw-couleur-600-x-600-dpi-a4-wifi-w1y45a-b19,Technoplace,has_dot
140252,7280.4,"7 280.40 DH","Pc portable Asus ExpertBook B1 B1500 (90NX0441-M00RT0)",pc-portable-asus-expert-book-b1-b1500-90nx0441-m00rt0,Technoplace,has_dot
140655,7322.24,"7 322.24 DH","HP Pavilion 15-eg0012nk i3-1115G4 15.6"" Full HD Intel® Core™ i3 8 Go 256 Go SSD Windows 10 Home Or",hp-pavilion-15-eg0012nk-i3-1115g4-15-6-full-hd-intel-r-core-i3-8-go-256-go-ssd-windows-10-home-or,Technoplace,has_dot
129864,7325.74,"7 325.74 DH","HP H 729 kit de remplacement pour tête d'impression DesignJet (F9J81A)",hp-h-729-kit-de-remplacement-pour-tete-d-impression-design-jet-f9j81a,Technoplace,has_dot
114308,7333.33,"7 333.33 DH","Epson LQ-2190",epson-lq-2190,Technoplace,has_dot
131411,7334.6,"7 334.60 DH","HP 645A Cartouche de tonerOriginal Noir (C9730A)",hp-645a-cartouche-de-toner-original-noir-c9730a,"Ink Solutions Maroc",has_dot
133336,7345.46,"7 345.46 DH","Epson WorkForce Pro WF-C529R / C579R Black XL Ink Supply Unit",epson-work-force-pro-wf-c529r-c579r-black-xl-ink-supply-unit,Technoplace,has_dot
109307,7368.9,"7 368.90 DH","Epson EB-W06 Projecteur à focale standard 3LCD WXGA 3700 Lumens",epson-eb-w06-projecteur-a-focale-standard-3lcd-wxga-3700-lumens,Micromad,has_dot
109169,7373.33,"7 373.33 DH","Epson EB-982W",epson-eb-982w,Technoplace,has_dot
116541,7392.5,"7 392.50 DH","Pc portable HP 250 G8 (4K818EA)",pc-portable-hp-250-g8-4k818ea,"NGT Maroc",has_dot
140164,7403.6,"7 403.60 DH","HP Pavilion 15-eg0014nk i3-1115G4 15.6"" Full HD Intel® Core™ i3 8 Go 256 Go SSD Windows 10 Home Argent",hp-pavilion-15-eg0014nk-i3-1115g4-15-6-full-hd-intel-r-core-i3-8-go-256-go-ssd-windows-10-home-argent,Technoplace,has_dot
141824,7434.67,"7 434.67 DH","Canon imageFORMULA DR-S130 Alimentation papier de scanner 600 x 600 DPI A4 Noir (4812C001)",canon-image-formula-dr-s130-alimentation-papier-de-scanner-600-x-600-dpi-a4-noir-4812c001,Technoplace,has_dot
130642,7440.83,"7 440.83 DH","HP 656X Toner noir LaserJet authentique grande capacité",hp-656x-toner-noir-laser-jet-authentique-grande-capacite,Technoplace,has_dot
125419,7453.2,"7 453.20 DH","Téléviseur 55"" Samsung CU8000 Crystal UHD 4K (UA55CU8000UXMV)",televiseur-55-samsung-cu8000-crystal-uhd-4k-ua55cu8000uxmv,Technoplace,has_dot
122606,7461.34,"7 461.34 DH","Smartphone Samsung Galaxy S23 FE 8GB-256GB Cream (SM-S711BZWCMWD)",smartphone-samsung-galaxy-s23-fe-8gb-256gb-cream-sm-s711bzwcmwd,Technoplace,has_dot
122613,7461.34,"7 461.34 DH","Smartphone Samsung Galaxy S23 FE 8GB-256GB Violet (SM-S711BZPCMWD)",smartphone-samsung-galaxy-s23-fe-8gb-256gb-violet-sm-s711bzpcmwd,Technoplace,has_dot
122617,7461.34,"7 461.34 DH","Smartphone Samsung Galaxy S23 FE 8GB-256GB Noir (SM-S711BZACMWD)",smartphone-samsung-galaxy-s23-fe-8gb-256gb-noir-sm-s711bzacmwd,Technoplace,has_dot
145000,7461.34,"7 461.34 DH","Samsung Galaxy S23 FE 8Go|256Go (Dual SIM)",samsung-galaxy-s23-fe-8go-256go-dual-sim,Technoplace,has_dot
142181,7467.6,"7 467.60 DH","QNAP TS-253B NAS Tower Ethernet/LAN Noir J3455 (TS-253B-4G)",qnap-ts-253b-nas-tower-ethernet-lan-noir-j3455-ts-253b-4g,Technoplace,has_dot
117289,7481.33,"7 481.33 DH","HP Scanjet 6FW08A scanner Alimentation papier de scanner 600 x 600 DPI A4 Noir, Blanc",hp-scanjet-6fw08a-scanner-alimentation-papier-de-scanner-600-x-600-dpi-a4-noir-blanc,Technoplace,has_dot
112126,7483.2,"7 483.20 DH","Lexmark X654X11E Cartouche de toner Original Noir",lexmark-x654x11e-cartouche-de-toner-original-noir,"NGT Maroc",has_dot
112147,7483.2,"7 483.20 DH","Lexmark T654 Extra High Yield Return Program Print Cartridge Original Noir",lexmark-t654-extra-high-yield-return-program-print-cartridge-original-noir,"NGT Maroc",has_dot
128281,7483.2,"7 483.20 DH","Lexmark X654X04E Cartouche de tonerOriginal Noir",lexmark-x654x04e-cartouche-de-toner-original-noir,"NGT Maroc",has_dot
125572,7492.8,"7 492.80 DH","LG NanoCell 55NANO796QA TV 139,7 cm (55"") 4K Ultra HD Smart TV Wifi Noir",lg-nano-cell-55nano796qa-tv-139-7-cm-55-4k-ultra-hd-smart-tv-wifi-noir,Technoplace,has_dot
140881,7533.32,"7 533.32 DH","Pc Portable HP ProBook 430 G6 i5 8è Gén 4Go 500Go Silver (5PP39EA)",pc-portable-hp-pro-book-430-g6-i5-8e-gen-4go-500go-silver-5pp39ea,Technoplace,has_dot
115000,7533.34,"7 533.34 DH","ORDINATEUR DE BUREAU HP Pro 290 G9 MT 12th i5 (9M946AT)",ordinateur-de-bureau-hp-pro-290-g9-mt-12th-i5-9m946at,Technoplace,has_dot
135099,7535.33,"7 535.33 DH","TP-Link TL-SG3452X commutateur réseau Géré L2+ Gigabit Ethernet (10/100/1000) 1U Noir (TL-SG3452X)",tp-link-tl-sg3452x-commutateur-reseau-gere-l2-gigabit-ethernet-10-100-1000-1u-noir-tl-sg3452x,Technoplace,has_dot
140441,7548.8,"7 548.80 DH","PC Portable Lenovo IdeaPad 3 15ALC6 (82KU00LDFE)",pc-portable-lenovo-idea-pad-3-15alc6-82ku00ldfe,Technoplace,has_dot
133540,7551.6,"7 551.60 DH","Lexmark 15G042M Cartouche de tonerOriginal Magenta",lexmark-15g042m-cartouche-de-toner-original-magenta,"NGT Maroc",has_dot
133573,7551.6,"7 551.60 DH","Lexmark 15G042C Cartouche de tonerOriginal Cyan",lexmark-15g042c-cartouche-de-toner-original-cyan,"NGT Maroc",has_dot
133649,7551.6,"7 551.60 DH","Lexmark 15G042Y Cartouche de tonerOriginal Jaune",lexmark-15g042y-cartouche-de-toner-original-jaune,"NGT Maroc",has_dot
131148,7554.3,"7 554.30 DH","HP 508X toner LaserJet Jaune grande capacité authentique",hp-508x-toner-laser-jet-jaune-grande-capacite-authentique,"Ink Solutions Maroc",has_dot
131150,7554.3,"7 554.30 DH","HP 508X toner LaserJet Magenta grande capacité authentique",hp-508x-toner-laser-jet-magenta-grande-capacite-authentique,"Ink Solutions Maroc",has_dot
123235,7583.33,"7 583.33 DH","Pc de bureau Dell Optiplex 3000 (DL-OP3000-I5-256)",pc-de-bureau-dell-optiplex-3000-dl-op3000-i5-256,"Bestmark Maroc",has_dot
138760,7583.33,"7 583.33 DH","Pc de bureau Dell OptiPlex 3000 MT (DL-OP3000-I5-W)",pc-de-bureau-dell-opti-plex-3000-mt-dl-op3000-i5-w,"Bestmark Maroc",has_dot
138645,7586.4,"7 586.40 DH","HP Pro 290 G9 Intel® Core™ i5 i5-12500 8 Go 512 Go SSD DOS gratuit Tower PC Noir",hp-pro-290-g9-intel-r-core-i5-i5-12500-8-go-512-go-ssd-dos-gratuit-tower-pc-noir,Technoplace,has_dot
136111,7586.66,"7 586.66 DH","HP Color LaserJet Enterprise M455dn Couleur 1200 x 1200 DPI A4",hp-color-laser-jet-enterprise-m455dn-couleur-1200-x-1200-dpi-a4,Technoplace,has_dot
137194,7586.66,"7 586.66 DH","HP LaserJet Enterprise M507dn, Imprimer, Impression recto verso (1PV87A#B19)",hp-laser-jet-enterprise-m507dn-imprimer-impression-recto-verso-1pv87a-b19,Technoplace,has_dot
139495,7594.8,"7 594.80 DH","Ordinateur Portable Dell Inspiron 3593 (LOKIN315ICL2005_148)",ordinateur-portable-dell-inspiron-3593-lokin315icl2005-148,Technoplace,has_dot
133333,7618.4,"7 618.40 DH","Epson WorkForce Pro WF-C529R / C579R Yellow XL Ink Supply Unit",epson-work-force-pro-wf-c529r-c579r-yellow-xl-ink-supply-unit,Technoplace,has_dot
133339,7618.4,"7 618.40 DH","Epson WorkForce Pro WF-C529R / C579R Cyan XL Ink Supply Unit",epson-work-force-pro-wf-c529r-c579r-cyan-xl-ink-supply-unit,Technoplace,has_dot
144926,7635.17,"7 635.17 DH","SM-G990EZWGMWD SAMSUNG Galaxy S21 FE 6.4'' 8+256 GB White",sm-g990ezwgmwd-samsung-galaxy-s21-fe-6-4-8-256-gb-white,Technoplace,has_dot
109460,7666.66,"7 666.66 DH","Epson EB-W39",epson-eb-w39,Technoplace,has_dot
113535,7706.66,"7 706.66 DH","Imprimante Canon i-SENSYS MF754Cdw Multifonction Laser Couleur (5455C009AA)",imprimante-canon-i-sensys-mf754cdw-multifonction-laser-couleur-5455c009aa,Technoplace,has_dot
128650,7707.6,"7 707.60 DH","Lexmark 12A7365 Cartouche de tonerOriginal Noir",lexmark-12a7365-cartouche-de-toner-original-noir,"NGT Maroc",has_dot
115769,7719.6,"7 719.60 DH","Ordinateur Portable Lenovo Ideapad 5 15IAL7 i5 12th (82SF00GHFE)",ordinateur-portable-lenovo-ideapad-5-15ial7-i5-12th-82sf00ghfe,Technoplace,has_dot
114684,7737.25,"7 737.25 DH","Ecran gaming incurvé Samsung Odyssey G5 34"" Ultra WQHD / 165 Hz",ecran-gaming-incurve-samsung-odyssey-g5-34-ultra-wqhd-165-hz,Technoplace,has_dot
116820,7750.8,"7 750.80 DH","Pc Portable LENOVO V330 i5 8è Gén 8Go 1To (81AX002WFE)",pc-portable-lenovo-v330-i5-8e-gen-8go-1to-81ax002wfe,Technoplace,has_dot
114101,7753.06,"7 753.06 DH","Epson FX-890II (C11CF37401)",epson-fx-890ii-c11cf37401,Technoplace,has_dot
135159,7772.67,"7 772.67 DH","Hewlett Packard Enterprise Aruba Instant On 1930 Géré L2+ Gigabit Ethernet (10/100/1000) Blanc 1U",hewlett-packard-enterprise-aruba-instant-on-1930-gere-l2-gigabit-ethernet-10-100-1000-blanc-1u,Technoplace,has_dot
132031,7775.3,"7 775.30 DH","HP 43X Cartouche de tonerOriginal Noir (C8543X)",hp-43x-cartouche-de-toner-original-noir-c8543x,"Ink Solutions Maroc",has_dot
142072,7797.34,"7 797.34 DH","Canon imageFORMULA DR-C240 600 x 600 DPI Alimentation papier de scanner Noir A4",canon-image-formula-dr-c240-600-x-600-dpi-alimentation-papier-de-scanner-noir-a4,Technoplace,has_dot
128169,7809.6,"7 809.60 DH","Lexmark X792 Yellow Cartouche de tonerOriginal Jaune",lexmark-x792-yellow-cartouche-de-toner-original-jaune,"NGT Maroc",has_dot
133420,7809.6,"7 809.60 DH","Lexmark X792 Cartouche de tonerOriginal Cyan",lexmark-x792-cartouche-de-toner-original-cyan,"NGT Maroc",has_dot
133426,7809.6,"7 809.60 DH","Lexmark X792 Magenta Cartouche de tonerOriginal",lexmark-x792-magenta-cartouche-de-toner-original,"NGT Maroc",has_dot
133741,7813.33,"7 813.33 DH","Hewlett Packard Enterprise P18424-B21 disque SSD 2.5&quot; 960 Go SATA TLC",hewlett-packard-enterprise-p18424-b21-disque-ssd-2-5-quot-960-go-sata-tlc,Technoplace,has_dot
117229,7828.8,"7 828.80 DH","Scan sécurisé Contrôle complet Epson WORKFORCE DS-780N - (B11B227401BA)",scan-securise-controle-complet-epson-workforce-ds-780n-b11b227401ba,Technoplace,has_dot
138567,7852.8,"7 852.80 DH","Ordinateur de bureau Dell OptiPlex 5000 Tour (DL-OP5000-I5-W)",ordinateur-de-bureau-dell-opti-plex-5000-tour-dl-op5000-i5-w,Technoplace,has_dot
115571,7853.33,"7 853.33 DH","Ordinateur portable Asus Vivobook X1504VA (90NB10J2-M00NA0)",ordinateur-portable-asus-vivobook-x1504va-90nb10j2-m00na0,Technoplace,has_dot
125752,7853.33,"7 853.33 DH","TV Samsung 58"" Intelligent 4K UHD AU7000 (UA58AU7000UXMV)",tv-samsung-58-intelligent-4k-uhd-au7000-ua58au7000uxmv,Technoplace,has_dot
138807,7857.6,"7 857.60 DH","DELL OptiPlex 3090 MT Intel i3-10105 4Go 1To HDD Win 10 PRO 36M",dell-opti-plex-3090-mt-intel-i3-10105-4go-1to-hdd-win-10-pro-36m,Technoplace,has_dot
139787,7898.9,"7 898.90 DH","PC PORTABLE Asus 15,6"" 90NB0IM1-M07010",pc-portable-asus-15-6-90nb0im1-m07010,Technoplace,has_dot
130644,7918.3,"7 918.30 DH","HP 656X Toner noir LaserJet authentique grande capacité",hp-656x-toner-noir-laser-jet-authentique-grande-capacite,"Ink Solutions Maroc",has_dot
125474,7918.8,"7 918.80 DH","Philips 43BFL2214/12 TV 109,2 cm (43"") 4K Ultra HD Smart TV Wifi Noir (43BFL2214/12)",philips-43bfl2214-12-tv-109-2-cm-43-4k-ultra-hd-smart-tv-wifi-noir-43bfl2214-12,"Iris.ma Maroc",has_dot
136907,7929.6,"7 929.60 DH","Epson EcoTank L1800 imprimante jets d'encres Couleur 5760 x 1440 DPI A3+",epson-eco-tank-l1800-imprimante-jets-d-encres-couleur-5760-x-1440-dpi-a3,Technoplace,has_dot
140311,7953.12,"7 953.12 DH","HP 15-dw4007nk Ordinateur portable 39,6 cm (15.6"") Full HD Intel® Core™ i5 i5-1235U 8 Go DDR4-SDRAM 256 Go SSD Wi-Fi 5 (802.11ac) Windows 11 Home Gris",hp-15-dw4007nk-ordinateur-portable-39-6-cm-15-6-full-hd-intel-r-core-i5-i5-1235u-8-go-ddr4-sdram-256-go-ssd-wi-fi-5-802-11ac-windows-11-home-gris,Technoplace,has_dot
137944,7987.2,"7 987.20 DH","Lenovo LEGION Y25G-30 24.5&quot; LED Full HD Noir",lenovo-legion-y25g-30-24-5-quot-led-full-hd-noir,Technoplace,has_dot
128620,8000.4,"8 000.40 DH","Hyperion 12A6765 Cartouche de tonerNoir",hyperion-12a6765-cartouche-de-toner-noir,"NGT Maroc",has_dot
122651,8022.24,"8 022.24 DH","Smartphone Samsung Galaxy S9",smartphone-samsung-galaxy-s9,Technoplace,has_dot
109352,8035.33,"8 035.33 DH","Epson EB-W51 (V11H977040)",epson-eb-w51-v11h977040,Technoplace,has_dot
113604,8035.33,"8 035.33 DH","Epson TM-H6000V-204P1: Serial, Black, PSU, EU",epson-tm-h6000v-204p1-serial-black-psu-eu,Technoplace,has_dot
114947,8035.33,"8 035.33 DH","Ordinateur tout-en-un HP 22-dg0004nk (A2AR8EA)",ordinateur-tout-en-un-hp-22-dg0004nk-a2ar8ea,Technoplace,has_dot
130832,8044.8,"8 044.80 DH","Lexmark C950X2KG Cartouche de toner Original Noir",lexmark-c950x2kg-cartouche-de-toner-original-noir,"NGT Maroc",has_dot
115335,8067.6,"8 067.60 DH","PC de Bureau All In One HP 20-c407nk i3 4Go 1To",pc-de-bureau-all-in-one-hp-20-c407nk-i3-4go-1to,Technoplace,has_dot
140510,8094.24,"8 094.24 DH","PC Portable Lenovo IdeaPad Flex 5 14ALC05 (82HU00BAFE)",pc-portable-lenovo-idea-pad-flex-5-14alc05-82hu00bafe,Technoplace,has_dot
116415,8100.8,"8 100.80 DH","Pc Portable Lenovo V14 G2 ITL (82KA001JFE)",pc-portable-lenovo-v14-g2-itl-82ka001jfe,Technoplace,has_dot
141171,8133.34,"8 133.34 DH","Hewlett Packard Enterprise Intel Xeon Silver 4210 processeur 2,2 GHz 14 Mo L3",hewlett-packard-enterprise-intel-xeon-silver-4210-processeur-2-2-g-hz-14-mo-l3,Technoplace,has_dot
130868,8134.8,"8 134.80 DH","Lexmark C930H2MG Cartouche de tonerOriginal Magenta",lexmark-c930h2mg-cartouche-de-toner-original-magenta,"NGT Maroc",has_dot
131292,8134.8,"8 134.80 DH","Lexmark C930H2CG Cartouche de tonerOriginal Cyan",lexmark-c930h2cg-cartouche-de-toner-original-cyan,"NGT Maroc",has_dot
143788,8137.33,"8 137.33 DH","Canon Objectif RF 15-30mm F4.5-6.3 IS STM (5775C005AA)",canon-objectif-rf-15-30mm-f4-5-6-3-is-stm-5775c005aa,Technoplace,has_dot
116166,8144.64,"8 144.64 DH","ASUS X515E notebook",asus-x515e-notebook,Technoplace,has_dot
128291,8145.6,"8 145.60 DH","Lexmark T650H21E Cartouche de tonerOriginal Noir",lexmark-t650h21e-cartouche-de-toner-original-noir,"NGT Maroc",has_dot
128732,8145.6,"8 145.60 DH","Katun X651H21E Cartouche de tonerCompatible Noir",katun-x651h21e-cartouche-de-toner-compatible-noir,"NGT Maroc",has_dot
115544,8148.67,"8 148.67 DH","HP Laptop 15-Fd0042nk Ordinateur Portable (9D6W0EA)",hp-laptop-15-fd0042nk-ordinateur-portable-9d6w0ea,Technoplace,has_dot
130806,8161.4,"8 161.40 DH","HP 80X pack de 2 cartouches authentiques de toner LaserJet noir grande capacité",hp-80x-pack-de-2-cartouches-authentiques-de-toner-laser-jet-noir-grande-capacite,"Ink Solutions Maroc",has_dot
113593,8171.33,"8 171.33 DH","Epson TM-H6000V-204: Serial, Black, No PSU",epson-tm-h6000v-204-serial-black-no-psu,Technoplace,has_dot
116248,8174.4,"8 174.40 DH","Ordinateur Portable Lenovo Yoga 520 |i3-4GB-1TB-14""|",ordinateur-portable-lenovo-yoga-520-i3-4gb-1tb-14,Technoplace,has_dot
116296,8197.85,"8 197.85 DH","HP 15-dw3022nk (2X4Z6EA)",hp-15-dw3022nk-2x4z6ea,Technoplace,has_dot
130105,8210.4,"8 210.40 DH","HP 91 DesignJet cartouche d'encre pigmentée gris clair, 775 ml",hp-91-design-jet-cartouche-d-encre-pigmentee-gris-clair-775-ml,Technoplace,has_dot
130109,8210.4,"8 210.40 DH","HP 91 DesignJet cartouche d'encre noire photo, 775 ml",hp-91-design-jet-cartouche-d-encre-noire-photo-775-ml,Technoplace,has_dot
130112,8210.4,"8 210.40 DH","HP 91 DesignJet cartouche d'encre noir mat, 775 ml (C9464A)",hp-91-design-jet-cartouche-d-encre-noir-mat-775-ml-c9464a,Technoplace,has_dot
130118,8210.4,"8 210.40 DH","HP 91 cartouche d'encre à pigments jaune 775 ml",hp-91-cartouche-d-encre-a-pigments-jaune-775-ml,Technoplace,has_dot
130122,8210.4,"8 210.40 DH","HP 91 DesignJet cartouche d'encre pigmentée magenta, 775 ml",hp-91-design-jet-cartouche-d-encre-pigmentee-magenta-775-ml,Technoplace,has_dot
130126,8210.4,"8 210.40 DH","HP 91 DesignJet cartouche d'encre pigmentée cyan, 775 ml",hp-91-design-jet-cartouche-d-encre-pigmentee-cyan-775-ml,Technoplace,has_dot
130129,8210.4,"8 210.40 DH","HP 91 DesignJet cartouche d'encre pigmentée magenta clair, 775 ml",hp-91-design-jet-cartouche-d-encre-pigmentee-magenta-clair-775-ml,Technoplace,has_dot
131347,8210.4,"8 210.40 DH","HP 91 DesignJet cartouche d'encre pigmentée cyan clair, 775 ml",hp-91-design-jet-cartouche-d-encre-pigmentee-cyan-clair-775-ml,Technoplace,has_dot
140621,8223.6,"8 223.60 DH","HP Pavilion x360 14-ek0001nk Hybride (2-en-1) 35,6 cm (14"") Écran tactile Full HD Intel® Core™ i5 i5-1235U 8 Go DDR4-SDRAM 256 Go SSD Wi-Fi 5 (802.11ac) Windows 11 Home Or rose",hp-pavilion-x360-14-ek0001nk-hybride-2-en-1-35-6-cm-14-ecran-tactile-full-hd-intel-r-core-i5-i5-1235u-8-go-ddr4-sdram-256-go-ssd-wi-fi-5-802-11ac-windows-11-home-or-rose,Technoplace,has_dot
116270,8241.76,"8 241.76 DH","DELL Latitude 5480 i5-7200U 14"" HD 4 Go 500 Go HDD Linux Ubuntu Noir",dell-latitude-5480-i5-7200u-14-hd-4-go-500-go-hdd-linux-ubuntu-noir,Technoplace,has_dot
139485,8241.76,"8 241.76 DH","Ordinateur Portable Convertible Dell Inspiron 13 5379 13.3"" FHD",ordinateur-portable-convertible-dell-inspiron-13-5379-13-3-fhd,Technoplace,has_dot
114968,8253.34,"8 253.34 DH","ORDINATEUR TOUT-EN-UN LENOVO THINKCENTRE NEO 50A 24 GEN 5 (12SC000YFM)-(DW)",ordinateur-tout-en-un-lenovo-thinkcentre-neo-50a-24-gen-5-12sc000yfm-dw,Technoplace,has_dot
125660,8253.34,"8 253.34 DH","TV Samsung 60"" BU8000 Smart Tv Crystal UHD (UA60BU8000UXMV)",tv-samsung-60-bu8000-smart-tv-crystal-uhd-ua60bu8000uxmv,Technoplace,has_dot
140546,8253.34,"8 253.34 DH","HP Pavilion 15-eg0002nk i5-1135G7 15.6"" Full HD 8 Go 256 Go SSD NVIDIA GeForce MX350 Windows 10 Home Argent",hp-pavilion-15-eg0002nk-i5-1135g7-15-6-full-hd-8-go-256-go-ssd-nvidia-ge-force-mx350-windows-10-home-argent,Technoplace,has_dot
116480,8253.6,"8 253.60 DH","Pc portable Asus X515EP (90NB0TZ1-M00CC0)",pc-portable-asus-x515ep-90nb0tz1-m00cc0,Technoplace,has_dot
136975,8253.6,"8 253.60 DH","HP Color LaserJet Pro Imprimante multifonction M479fdn, Impression, copie, numérisation, télécopie, e-mail, Numérisation vers e-mail/PDF; Impression recto-verso; Chargeur automatique de documents déro",hp-color-laser-jet-pro-imprimante-multifonction-m479fdn-impression-copie-numerisation-telecopie-e-mail-numerisation-vers-e-mail-pdf-impression-recto-verso-chargeur-automatique-de-documents-deroule-de-50-feuille,Technoplace,has_dot
140096,8266.8,"8 266.80 DH","HP Pavilion 15-cs0002nk 15.6"" HD Intel® Core™ i3 i3-8130U 4 Go 1 To HDD Windows 10 Home Argent",hp-pavilion-15-cs0002nk-15-6-hd-intel-r-core-i3-i3-8130u-4-go-1-to-hdd-windows-10-home-argent,Technoplace,has_dot
140025,8270.4,"8 270.40 DH","HP Pavilion 15-cs0022nk i3-8130U 15.6"" HD Intel® Core™ i3 4 Go 1000 Go HDD Windows 10 Home Or, Argent",hp-pavilion-15-cs0022nk-i3-8130u-15-6-hd-intel-r-core-i3-4-go-1000-go-hdd-windows-10-home-or-argent,Technoplace,has_dot
115744,8333.34,"8 333.34 DH","PC PORTABLE HP-14S i7-1165G7 16GB 512GB SSD 14"" FREE DOS HP",pc-portable-hp-14s-i7-1165g7-16gb-512gb-ssd-14-free-dos-hp,"Bestmark Maroc",has_dot
138909,8334.78,"8 334.78 DH","Pc de bureau HP ProDesk 600 G3 / i3 7è Gén / 4 Go (1hk51ea)",pc-de-bureau-hp-pro-desk-600-g3-i3-7e-gen-4-go-1hk51ea,Technoplace,has_dot
139176,8386.8,"8 386.80 DH","Ordinateur Portable Lenovo ThinkBook 15 G4 IAP (21DJ003UFE)",ordinateur-portable-lenovo-think-book-15-g4-iap-21dj003ufe,Technoplace,has_dot
139434,8386.8,"8 386.80 DH","Ordinateur Portable Lenovo IdeaPad Flex 5 14IAU7 (82R700J5FE)",ordinateur-portable-lenovo-idea-pad-flex-5-14iau7-82r700j5fe,Technoplace,has_dot
139440,8386.8,"8 386.80 DH","Ordinateur Portable Lenovo Ideapad 3 15IAU7 (82RK00LRFE)",ordinateur-portable-lenovo-ideapad-3-15iau7-82rk00lrfe,Technoplace,has_dot
116255,8391.6,"8 391.60 DH","HP Pavilion 15-eg2003nk (6D6W3EA)",hp-pavilion-15-eg2003nk-6d6w3ea,Technoplace,has_dot
136617,8424.05,"8 424.05 DH","HP Kit d'entretien/de fusion LaserJet 220 V (C2H57A)",hp-kit-d-entretien-de-fusion-laser-jet-220-v-c2h57a,Technoplace,has_dot
116246,8426.4,"8 426.40 DH","Ordinateur Portable Lenovo V330-14 - Série V |i7-8GB-1TB-14""| (81B000F2FE)",ordinateur-portable-lenovo-v330-14-serie-v-i7-8gb-1tb-14-81b000f2fe,Technoplace,has_dot
140484,8426.4,"8 426.40 DH","PC Portable Lenovo IdeaPad Gaming 3 15ACH6 (82K200P4FE)",pc-portable-lenovo-idea-pad-gaming-3-15ach6-82k200p4fe,Technoplace,has_dot
143770,8522.4,"8 522.40 DH","Appareil photo hybride Canon EOS M50 Mark II noir + objectif EF-M 15-45mm f/3.5-6.3 IS STM graphite (4728C007AA)",appareil-photo-hybride-canon-eos-m50-mark-ii-noir-objectif-ef-m-15-45mm-f-3-5-6-3-is-stm-graphite-4728c007aa,Technoplace,has_dot
134932,8532.13,"8 532.13 DH","HPE Aruba 6000 24G 4SFP Géré L3 Gigabit Ethernet (10/100/1000) 1U",hpe-aruba-6000-24g-4sfp-gere-l3-gigabit-ethernet-10-100-1000-1u,Technoplace,has_dot
113646,8566.8,"8 566.80 DH","Lexmark MS812dn 1200 x 1200 DPI A4",lexmark-ms812dn-1200-x-1200-dpi-a4,Technoplace,has_dot
140488,8572.8,"8 572.80 DH","PC Portable Lenovo IdeaPad Gaming 3 15IHU6 (82K100WMFE)",pc-portable-lenovo-idea-pad-gaming-3-15ihu6-82k100wmfe,Technoplace,has_dot
137012,8574.67,"8 574.67 DH","HP Color LaserJet Enterprise Imprimante M554dn, Imprimer, Impression USB en façade; Impression recto-verso (7ZU81A#B19)",hp-color-laser-jet-enterprise-imprimante-m554dn-imprimer-impression-usb-en-facade-impression-recto-verso-7zu81a-b19,Technoplace,has_dot
116733,8582.5,"8 582.50 DH","PC Portable HP Pavilion x360 15-er0003nk i5 11è Gén 8Go 512Go SSD - Silver (601F4EA)",pc-portable-hp-pavilion-x360-15-er0003nk-i5-11e-gen-8go-512go-ssd-silver-601f4ea,"Bestmark Maroc",has_dot
136022,8587.2,"8 587.20 DH","HP Color LaserJet Pro Imprimante multifonction M479fdw, Impression, copie, numérisation, télécopie, e-mail, Numérisation vers e-mail/PDF; Impression recto-verso; Chargeur automatique de documents déro",hp-color-laser-jet-pro-imprimante-multifonction-m479fdw-impression-copie-numerisation-telecopie-e-mail-numerisation-vers-e-mail-pdf-impression-recto-verso-chargeur-automatique-de-documents-deroule-de-50-feuille,Technoplace,has_dot
133443,8605.2,"8 605.20 DH","Lexmark T654X21E Cartouche de tonerOriginal Noir",lexmark-t654x21e-cartouche-de-toner-original-noir,"NGT Maroc",has_dot
133450,8605.2,"8 605.20 DH","Lexmark X654X21E Cartouche de tonerOriginal Noir",lexmark-x654x21e-cartouche-de-toner-original-noir,"NGT Maroc",has_dot
134985,8618.8,"8 618.80 DH","Switch Ethernet HP 2530-8G-PoE+ (J9774A)",switch-ethernet-hp-2530-8g-po-e-j9774a,Technoplace,has_dot
142004,8639.74,"8 639.74 DH","Epson WorkForce DS-5500",epson-work-force-ds-5500,Technoplace,has_dot
125744,8641.32,"8 641.32 DH","TV Samsung 55"" Q60A QLED 4K Smart TV 2021 (QA55Q60AAUXMV)",tv-samsung-55-q60a-qled-4k-smart-tv-2021-qa55q60aauxmv,Technoplace,has_dot
136363,8653.33,"8 653.33 DH","HP Color LaserJet Enterprise M554dn Printer Couleur 1200 x 1200 DPI A4",hp-color-laser-jet-enterprise-m554dn-printer-couleur-1200-x-1200-dpi-a4,Technoplace,has_dot
141073,8653.33,"8 653.33 DH","HPE Intel Xeon Silver 4210 processeur 2,2 GHz 14 Mo L3",hpe-intel-xeon-silver-4210-processeur-2-2-g-hz-14-mo-l3,Technoplace,has_dot
135709,8681.33,"8 681.33 DH","HP Color LaserJet Pro Imprimante multifonction 4303dw, Couleur, Imprimante pour Petites/moyennes entreprises, Impression, copie, numérisation, Sans fil; Imprimer depuis un téléphone ou une tablette; C",hp-color-laser-jet-pro-imprimante-multifonction-4303dw-couleur-imprimante-pour-petites-moyennes-entreprises-impression-copie-numerisation-sans-fil-imprimer-depuis-un-telephone-ou-une-tablette-chargeur-automatiq,Technoplace,has_dot
140888,8698.8,"8 698.80 DH","Pc Portable HP ProBook 450 G6 i5",pc-portable-hp-pro-book-450-g6-i5,Technoplace,has_dot
125741,8703.3,"8 703.30 DH","TV Samsung 50"" Q60A QLED 4K UHD Smart TV Wifi - Noir (QA50Q60AAUXMV)",tv-samsung-50-q60a-qled-4k-uhd-smart-tv-wifi-noir-qa50q60aauxmv,Technoplace,has_dot
135764,8710.13,"8 710.13 DH","Imprimante multifonction HP Laser MFP 432fdn A4 recto/verso",imprimante-multifonction-hp-laser-mfp-432fdn-a4-recto-verso,Technoplace,has_dot
115470,8715.34,"8 715.34 DH","ORDINATEUR PORTABLE ASUS VIVOBOOK 15 X1504VA-NJ446W (90NB10J2-M00N90)-(DW)",ordinateur-portable-asus-vivobook-15-x1504va-nj446w-90nb10j2-m00n90-dw,Technoplace,has_dot
140208,8731.6,"8 731.60 DH","HP Pavilion 15-eg0010nk i5-1135G7 15.6"" Full HD 8 Go 256 Go SSD Windows 10 Home Or",hp-pavilion-15-eg0010nk-i5-1135g7-15-6-full-hd-8-go-256-go-ssd-windows-10-home-or,Technoplace,has_dot
138553,8732.4,"8 732.40 DH","HP Pro 240 G9 Intel® Core™ i3 i3-1215U 60,5 cm (23.8"") 1920 x 1080 pixels 8 Go DDR4-SDRAM 256 Go SSD PC All-in-One DOS gratuit Noir",hp-pro-240-g9-intel-r-core-i3-i3-1215u-60-5-cm-23-8-1920-x-1080-pixels-8-go-ddr4-sdram-256-go-ssd-pc-all-in-one-dos-gratuit-noir,Technoplace,has_dot
114633,8733.34,"8 733.34 DH","Samsung Moniteur incurvé 34"" CJ791 (LC34J791WTRXEN)",samsung-moniteur-incurve-34-cj791-lc34j791wtrxen,Technoplace,has_dot
115929,8733.6,"8 733.60 DH","Ordinateur portable Asus X1502ZA (90NB0VX3-M01VH0)",ordinateur-portable-asus-x1502za-90nb0vx3-m01vh0,Technoplace,has_dot
116796,8769.23,"8 769.23 DH","DELL Latitude 5490 14"" 1366 x 768 pixels de 8e génération 8 Go 500 Go Disque dur Windows 10 Pro Noir",dell-latitude-5490-14-1366-x-768-pixels-de-8e-generation-8-go-500-go-disque-dur-windows-10-pro-noir,Technoplace,has_dot
135314,8773.33,"8 773.33 DH","TP-LINK TL-SG3452P commutateur réseau Géré L2/L2+ Gigabit Ethernet (10/100/1000) Connexion Ethernet, supportant l'alimentation v",tp-link-tl-sg3452p-commutateur-reseau-gere-l2-l2-gigabit-ethernet-10-100-1000-connexion-ethernet-supportant-l-alimentation-v,Technoplace,has_dot
114150,8780.3,"8 780.30 DH","Epson TM-H5000II série",epson-tm-h5000ii-serie,Technoplace,has_dot
116800,8795.6,"8 795.60 DH","PC Portable DELL Latitude 5490 / 14"" / i5 8ème Gén/ 4 GO",pc-portable-dell-latitude-5490-14-i5-8eme-gen-4-go,Technoplace,has_dot
140620,8814.4,"8 814.40 DH","PC Portable LENOVO IdeaPad 3 15ADA05 AMD Ryzen 5 8Go 512Go SSD - Bleu",pc-portable-lenovo-idea-pad-3-15ada05-amd-ryzen-5-8go-512go-ssd-bleu,Technoplace,has_dot
113440,8838.67,"8 838.67 DH","IMPRIMANTE CANON IMAGERUNNER 2224N MUTLIFONCTION LASER A3 (5941C002AA)",imprimante-canon-imagerunner-2224n-mutlifonction-laser-a3-5941c002aa,Technoplace,has_dot
116266,8845.19,"8 845.19 DH","PC Portable Dell Vostro 3500 i5-1135G7 8GB 256GB SSD (N3004VN3500-I5)",pc-portable-dell-vostro-3500-i5-1135g7-8gb-256gb-ssd-n3004vn3500-i5,Technoplace,has_dot
138823,8850.46,"8 850.46 DH","HP 22-dd2002nk Intel® Core™ i3 i3-1215U 54,6 cm (21.5"") 1920 x 1080 pixels 4 Go DDR4-SDRAM 256 Go SSD PC All-in-One Windows 11 Home Wi-Fi 5 (802.11ac) Blanc",hp-22-dd2002nk-intel-r-core-i3-i3-1215u-54-6-cm-21-5-1920-x-1080-pixels-4-go-ddr4-sdram-256-go-ssd-pc-all-in-one-windows-11-home-wi-fi-5-802-11ac-blanc,Technoplace,has_dot
130979,8859.84,"8 859.84 DH","HP Toner noir extra grande capacité LaserJet authentique 147Y",hp-toner-noir-extra-grande-capacite-laser-jet-authentique-147y,Technoplace,has_dot
125534,8889.6,"8 889.60 DH","Téléviseur Samsung RU7100 Smart UHD - 4K - 58"" (UA58RU7100SXMV)",televiseur-samsung-ru7100-smart-uhd-4k-58-ua58ru7100sxmv,Technoplace,has_dot
116452,8919.6,"8 919.60 DH","Pc portable Asus Vivobook X515EA (90NB0TY2-M01RB0)",pc-portable-asus-vivobook-x515ea-90nb0ty2-m01rb0,Technoplace,has_dot
138914,8919.6,"8 919.60 DH","PC de Bureau Lenovo V530-TWRi7 8Go 1To",pc-de-bureau-lenovo-v530-tw-ri7-8go-1to,Technoplace,has_dot
139821,8919.6,"8 919.60 DH","HP ProBook 450 G9 Ordinateur portable 39,6 cm (15.6"") Full HD Intel® Core™ i5 i5-1235U 8 Go DDR4-SDRAM 256 Go SSD DOS gratuit Argent",hp-pro-book-450-g9-ordinateur-portable-39-6-cm-15-6-full-hd-intel-r-core-i5-i5-1235u-8-go-ddr4-sdram-256-go-ssd-dos-gratuit-argent,Technoplace,has_dot
117169,8921.33,"8 921.33 DH","HP Scanjet Enterprise Flow 5000 s5 Alimentation papier de scanner 600 x 600 DPI A4 Blanc",hp-scanjet-enterprise-flow-5000-s5-alimentation-papier-de-scanner-600-x-600-dpi-a4-blanc,Technoplace,has_dot
117258,8942.51,"8 942.51 DH","Epson Perfection V800 Photo",epson-perfection-v800-photo,Technoplace,has_dot
138901,8962.8,"8 962.80 DH","Pc de bureau HP ProDesk 400 G5 - i7 8è Gén - 4 Go (5fy60ea)",pc-de-bureau-hp-pro-desk-400-g5-i7-8e-gen-4-go-5fy60ea,Technoplace,has_dot
112948,8965.2,"8 965.20 DH","Lexmark C752, C762 Magenta High Yield Print Cartridge Cartouche de toner Original",lexmark-c752-c762-magenta-high-yield-print-cartridge-cartouche-de-toner-original,"NGT Maroc",has_dot
112960,8965.2,"8 965.20 DH","Lexmark C752, C762 Yellow High Yield Print Cartridge Cartouche de toner Original Jaune",lexmark-c752-c762-yellow-high-yield-print-cartridge-cartouche-de-toner-original-jaune,"NGT Maroc",has_dot
133631,8965.2,"8 965.20 DH","Lexmark Cyan Toner Cartridge for C752/C762 Cartouche de toner Original",lexmark-cyan-toner-cartridge-for-c752-c762-cartouche-de-toner-original,"NGT Maroc",has_dot
129905,8995.73,"8 995.73 DH","HP Cartouche d'encre gris foncé 765 Designjet, 775 ml",hp-cartouche-d-encre-gris-fonce-765-designjet-775-ml,Technoplace,has_dot
140368,9013.2,"9 013.20 DH","Pc portable Asus VivoBook Flip 14 TM420 (90NB0U21-M03260)",pc-portable-asus-vivo-book-flip-14-tm420-90nb0u21-m03260,Technoplace,has_dot
130583,9029.15,"9 029.15 DH","HP 645A Cartouche de tonerOriginal Cyan (C9731A)",hp-645a-cartouche-de-toner-original-cyan-c9731a,Technoplace,has_dot
116257,9032.96,"9 032.96 DH","Ordinateur Portable Dell Latitude 5490 14"" - i5-4GB-500GB-",ordinateur-portable-dell-latitude-5490-14-i5-4gb-500gb,Technoplace,has_dot
138599,9038.7,"9 038.70 DH","HP Pro 240 G9 23.8"" 8 Go 512 Go SSD DOS gratuit Noir",hp-pro-240-g9-23-8-8-go-512-go-ssd-dos-gratuit-noir,Technoplace,has_dot
140688,9040.62,"9 040.62 DH","Pc Portable Lenovo IdeaPad 3 AMD Ryzen 7 4Go 512Go Bleu (81W1017HFE)",pc-portable-lenovo-idea-pad-3-amd-ryzen-7-4go-512go-bleu-81w1017hfe,Technoplace,has_dot
115154,9053.33,"9 053.33 DH","Pc de bureau Lenovo V50t Gen 2-13IOB (11QE003VFM)",pc-de-bureau-lenovo-v50t-gen-2-13iob-11qe003vfm,Technoplace,has_dot
115976,9053.33,"9 053.33 DH","Ordinateur portable HP Pavilion 15-eg3004nk (845M2EA)",ordinateur-portable-hp-pavilion-15-eg3004nk-845m2ea,Technoplace,has_dot
135732,9053.33,"9 053.33 DH","HP Color LaserJet Pro Imprimante multifonction 4303fdw, Couleur, Imprimante pour Petites/moyennes entreprises, Impression, copie, scan, fax, Sans fil; Imprimer depuis un téléphone ou une tablette; Cha",hp-color-laser-jet-pro-imprimante-multifonction-4303fdw-couleur-imprimante-pour-petites-moyennes-entreprises-impression-copie-scan-fax-sans-fil-imprimer-depuis-un-telephone-ou-une-tablette-chargeur-automatique-,Technoplace,has_dot
139637,9053.33,"9 053.33 DH","HP Pavilion x360 14-ek1001nk Hybride (2-en-1) 14""i5-1335U 8 Go 512 Go SSD Windows 11 Home Argent",hp-pavilion-x360-14-ek1001nk-hybride-2-en-1-14-i5-1335u-8-go-512-go-ssd-windows-11-home-argent,Technoplace,has_dot
141868,9053.33,"9 053.33 DH","HP ScanJet Pro N4600 fnw1",hp-scan-jet-pro-n4600-fnw1,Technoplace,has_dot
138841,9063.6,"9 063.60 DH","Pc de Bureau HP AIO 200G4 I5-10ème,4G,Ecran 21.5"" FHD White",pc-de-bureau-hp-aio-200g4-i5-10eme-4g-ecran-21-5-fhd-white,Technoplace,has_dot
113914,9066.67,"9 066.67 DH","Epson TM-H6000V-214P1: Serial, MICR, Black, PSU, EU",epson-tm-h6000v-214p1-serial-micr-black-psu-eu,Technoplace,has_dot
112042,9076.8,"9 076.80 DH","Lexmark C950X2CG Cartouche de toner Original Cyan",lexmark-c950x2cg-cartouche-de-toner-original-cyan,"NGT Maroc",has_dot
112067,9076.8,"9 076.80 DH","Lexmark C950X2MG Cartouche de toner Original Magenta",lexmark-c950x2mg-cartouche-de-toner-original-magenta,"NGT Maroc",has_dot
130533,9076.8,"9 076.80 DH","Lexmark C950X2YG Cartouche de toner Original Jaune",lexmark-c950x2yg-cartouche-de-toner-original-jaune,"NGT Maroc",has_dot
140069,9085.72,"9 085.72 DH","Pc Portable LENOVO Thinkbook 14 i7-1165G7 8GB Base DDR4 1TB 14.0 FHD (20VD000RFE)",pc-portable-lenovo-thinkbook-14-i7-1165g7-8gb-base-ddr4-1tb-14-0-fhd-20vd000rfe,Technoplace,has_dot
126482,9104.4,"9 104.40 DH","Hewlett Packard Enterprise 815100-B21 Barrette Mémoire 32 Go 1 x 32 Go DDR4 2666 MHz ECC (815100-B21)",hewlett-packard-enterprise-815100-b21-barrette-memoire-32-go-1-x-32-go-ddr4-2666-m-hz-ecc-815100-b21,Technoplace,has_dot
145181,9151.64,"9 151.64 DH","SmartphoneSAMSUNG Galaxy S21 6.2 8GB 256 GB Violet (",smartphone-samsung-galaxy-s21-6-2-8gb-256-gb-violet,Technoplace,has_dot
141067,9186.67,"9 186.67 DH","HPE Intel Xeon Silver 4208 processeur 2,1 GHz 11 Mo L3",hpe-intel-xeon-silver-4208-processeur-2-1-g-hz-11-mo-l3,Technoplace,has_dot
140221,9196.4,"9 196.40 DH","Pc portable Dell Vostro 3510 (N8066VN3510EMEA01_22)",pc-portable-dell-vostro-3510-n8066vn3510emea01-22,Technoplace,has_dot
118391,9253.2,"9 253.20 DH","Samsung Galaxy Tab S8 8 Go 128 Go (",samsung-galaxy-tab-s8-8-go-128-go,Technoplace,has_dot
136497,9265.33,"9 265.33 DH","Epson C11CJ41403 imprimante jets d'encres",epson-c11cj41403-imprimante-jets-d-encres,Technoplace,has_dot
115919,9320.4,"9 320.40 DH","Ordinateur Portable Lenovo Thinkpad E14 Gen 5 (21JK001BFE)",ordinateur-portable-lenovo-thinkpad-e14-gen-5-21jk001bfe,Technoplace,has_dot
116070,9320.4,"9 320.40 DH","Ordinateur Portable Lenovo Ideapad Slim 5 14ABR8 (82XE0019FE)",ordinateur-portable-lenovo-ideapad-slim-5-14abr8-82xe0019fe,Technoplace,has_dot
139313,9320.4,"9 320.40 DH","Ordinateur Portable Lenovo ThinkPad E16 Gen 1 (21JN0010FE)",ordinateur-portable-lenovo-think-pad-e16-gen-1-21jn0010fe,Technoplace,has_dot
138765,9332.52,"9 332.52 DH","Pc de bureau Dell OptiPlex 3080 Tour (DL-OP3080MT-I5-W-N)",pc-de-bureau-dell-opti-plex-3080-tour-dl-op3080mt-i5-w-n,Technoplace,has_dot
116261,9349.45,"9 349.45 DH","Ordinateur Portable ASUS R541UV-GO574T - Série R (90NB0CG1-M07690)",ordinateur-portable-asus-r541uv-go574t-serie-r-90nb0cg1-m07690,Technoplace,has_dot
130791,9370.67,"9 370.67 DH","HP 651A Cartouche de tonerOriginal Magenta (CE343A)",hp-651a-cartouche-de-toner-original-magenta-ce343a,Technoplace,has_dot
130797,9370.67,"9 370.67 DH","HP 651A Cartouche de tonerOriginal Jaune (CE342A)",hp-651a-cartouche-de-toner-original-jaune-ce342a,Technoplace,has_dot
116828,9393.6,"9 393.60 DH","Pc Portable HP Pavilion 15-cs3006nk i5 10è Gén 8Go 1To Silver (9HJ47EA)",pc-portable-hp-pavilion-15-cs3006nk-i5-10e-gen-8go-1to-silver-9hj47ea,Technoplace,has_dot
139975,9412.75,"9 412.75 DH","Asus R565E Intel i5-1135G7 15.6 HD 8G 512Go SSD Win10 MX330 2G Silver",asus-r565e-intel-i5-1135g7-15-6-hd-8g-512go-ssd-win10-mx330-2g-silver,Technoplace,has_dot
135005,9423.6,"9 423.60 DH","Cisco SG220-50P-K9-EU Smart 48-port GE, PoE+ 375W, 2x1G Combo (SG220-50P-K9-EU)",cisco-sg220-50p-k9-eu-smart-48-port-ge-po-e-375w-2x1g-combo-sg220-50p-k9-eu,Technoplace,has_dot
123471,9426.67,"9 426.67 DH","Reflex Canon EOS 850D + objectif EF-S 18-55mm IS STM (3925C002AA)",reflex-canon-eos-850d-objectif-ef-s-18-55mm-is-stm-3925c002aa,Technoplace,has_dot
143771,9426.67,"9 426.67 DH","Reflex Canon EOS 250D + objectif EF-S 18-55mm f/4-5.6 IS STM (3461C001AA)",reflex-canon-eos-250d-objectif-ef-s-18-55mm-f-4-5-6-is-stm-3461c001aa,Technoplace,has_dot
133961,9429.6,"9 429.60 DH","LaCie 2big Thunderbolt 2 boîtier de disques 12 To Bureau Argent",la-cie-2big-thunderbolt-2-boitier-de-disques-12-to-bureau-argent,Technoplace,has_dot
139059,9453.33,"9 453.33 DH","Ordinateur Portable Lenovo ThinkPad E14 Gen 5 (21JK009YFE)",ordinateur-portable-lenovo-think-pad-e14-gen-5-21jk009yfe,Technoplace,has_dot
139345,9453.33,"9 453.33 DH","Ordinateur Portable Lenovo Thinkpad T14s Gen 4 (21F60060FE)",ordinateur-portable-lenovo-thinkpad-t14s-gen-4-21f60060fe,Technoplace,has_dot
125682,9453.34,"9 453.34 DH","TV Samsung 55"" Q60B Smart Tv 4K UHD (QA55Q60BAUXMV)",tv-samsung-55-q60b-smart-tv-4k-uhd-qa55q60bauxmv,Technoplace,has_dot
131964,9468.35,"9 468.35 DH","HP 650A toner LaserJet jaune authentique",hp-650a-toner-laser-jet-jaune-authentique,Technoplace,has_dot
116141,9481.2,"9 481.20 DH","Ordinateur Portable DELL Latitude 3490 i5-4GB-500GB-14",ordinateur-portable-dell-latitude-3490-i5-4gb-500gb-14,Technoplace,has_dot
139970,9481.32,"9 481.32 DH","Lenovo ThinkBook 15 G2 ITLi7-1165G7 8GB 1 TB (20VE000WFE)",lenovo-think-book-15-g2-it-li7-1165g7-8gb-1-tb-20ve000wfe,Technoplace,has_dot
119001,9484.13,"9 484.13 DH","Appareil photo hybride Canon EOS M50 Noir + objectif EF-M 15-45mm IS STM Noir (2680C012AA)",appareil-photo-hybride-canon-eos-m50-noir-objectif-ef-m-15-45mm-is-stm-noir-2680c012aa,Technoplace,has_dot
140395,9508.8,"9 508.80 DH","Pc Portable Lenovo IdeaPad 5 15ITL05 (82FG01G6FE)",pc-portable-lenovo-idea-pad-5-15itl05-82fg01g6fe,Technoplace,has_dot
136677,9517.33,"9 517.33 DH","HP LaserJet Imprimante multifonction M436dn , Impression, copie, numérisation",hp-laser-jet-imprimante-multifonction-m436dn-impression-copie-numerisation,Technoplace,has_dot
140278,9532.8,"9 532.80 DH","Pc portable Asus VivoBook 14 R465 (90NB0TU1-M02440)",pc-portable-asus-vivo-book-14-r465-90nb0tu1-m02440,Technoplace,has_dot
140507,9532.8,"9 532.80 DH","PC Portable Asus VivoBook 14 R465 (90NB0TU2-M02430)",pc-portable-asus-vivo-book-14-r465-90nb0tu2-m02430,Technoplace,has_dot
116006,9586.67,"9 586.67 DH","Ordinateur Portable Lenovo V15 G3 IAP (82TT00J2FE)",ordinateur-portable-lenovo-v15-g3-iap-82tt00j2fe,Technoplace,has_dot
139610,9586.8,"9 586.80 DH","HP ProBook 440 G9 i5-1235U 14"" Full HD 8 Go 256 Go SSD DOS gratuit Argent",hp-pro-book-440-g9-i5-1235u-14-full-hd-8-go-256-go-ssd-dos-gratuit-argent,Technoplace,has_dot
116844,9628.8,"9 628.80 DH","Pc Portables hp NOTEBOOK 15 DA1025NK",pc-portables-hp-notebook-15-da1025nk,Technoplace,has_dot
144928,9660.66,"9 660.66 DH","Samsung Galaxy S22 8+256 GB WHITE",samsung-galaxy-s22-8-256-gb-white,Technoplace,has_dot
115138,9693.34,"9 693.34 DH","Ordinateur Tout-en-un Lenovo V30a-24IML (11FT000FFM)",ordinateur-tout-en-un-lenovo-v30a-24iml-11ft000ffm,Technoplace,has_dot
109368,9694.97,"9 694.97 DH","Epson EB-955WH vidéo-projecteur Projecteur à focale standard 3200 ANSI lumens 3LCD WXGA (1280x800) Blanc",epson-eb-955wh-video-projecteur-projecteur-a-focale-standard-3200-ansi-lumens-3lcd-wxga-1280x800-blanc,"EVO TRADING Store Maroc",has_dot
118949,9724.15,"9 724.15 DH","Appareil photo Compact Canon EOS 800D",appareil-photo-compact-canon-eos-800d,Technoplace,has_dot
109312,9733.33,"9 733.33 DH","Epson EB-992F Projecteur à focale standard 3LCD 1080p 4000 Lumens",epson-eb-992f-projecteur-a-focale-standard-3lcd-1080p-4000-lumens,Technoplace,has_dot
138966,9733.33,"9 733.33 DH","Ordinateur portable HP ProBook 450 G10 (9G240ET)",ordinateur-portable-hp-pro-book-450-g10-9g240et,Technoplace,has_dot
136959,9742.54,"9 742.54 DH","HP LaserJet Enterprise M507dn, Imprimer, Impression USB en façade; Roaming; Impression recto-verso",hp-laser-jet-enterprise-m507dn-imprimer-impression-usb-en-facade-roaming-impression-recto-verso,Technoplace,has_dot
138244,9796.75,"9 796.75 DH","DELL E2016H 50,8 cm (20"") 1600 x 900 pixels WXGA+ LED Noir",dell-e2016h-50-8-cm-20-1600-x-900-pixels-wxga-led-noir,Technoplace,has_dot
116136,9819.6,"9 819.60 DH","Ordinateur portable HP Victus Gaming 15-fb0003nk (6E1E9EA)",ordinateur-portable-hp-victus-gaming-15-fb0003nk-6e1e9ea,Technoplace,has_dot
129058,9827.2,"9 827.20 DH","Canon EOS 250D, blanc + objectif EF-S 18-55mm f/4-5.6 IS STM (3458C001AA)",canon-eos-250d-blanc-objectif-ef-s-18-55mm-f-4-5-6-is-stm-3458c001aa,Technoplace,has_dot
139136,9853.33,"9 853.33 DH","HP ProBook 440 G10 Intel® Core™ i5 i5-1335U Ordinateur portable 35,6 cm (14"") Full HD 8 Go DDR4-SDRAM 512 Go SSD Wi-Fi 6E (802.11ax) DOS gratuit Argent",hp-pro-book-440-g10-intel-r-core-i5-i5-1335u-ordinateur-portable-35-6-cm-14-full-hd-8-go-ddr4-sdram-512-go-ssd-wi-fi-6e-802-11ax-dos-gratuit-argent,Technoplace,has_dot
140462,9868.32,"9 868.32 DH","PC Portable Lenovo IdeaPad 5 15ARE05 (81YQ00LXFE)",pc-portable-lenovo-idea-pad-5-15are05-81yq00lxfe,Technoplace,has_dot
143760,9882.67,"9 882.67 DH","Reflex Canon EOS 250D + objectif EF-S 18-55mm f/4-5.6 IS STM (3454C002AA)",reflex-canon-eos-250d-objectif-ef-s-18-55mm-f-4-5-6-is-stm-3454c002aa,Technoplace,has_dot
141920,9897.6,"9 897.60 DH","Scanner Canon imageFORMULA DR-C240 (0651C003AD)",scanner-canon-image-formula-dr-c240-0651c003ad,Technoplace,has_dot
139724,9933.33,"9 933.33 DH","HP 15-fd0019nk 15.6"" Full HD i7-1355U 8 Go 512 Go SSD Windows 11 Home Argent",hp-15-fd0019nk-15-6-full-hd-i7-1355u-8-go-512-go-ssd-windows-11-home-argent,Technoplace,has_dot
118948,9936.43,"9 936.43 DH","Appareil photo Canon EOS M6 - Compact Hybride + 15-45 mm",appareil-photo-canon-eos-m6-compact-hybride-15-45-mm,Technoplace,has_dot
138895,9973.2,"9 973.20 DH","Pc de Bureau HP ProDesk 400 i5 8è Gén 4Go 500Go (5FY61EA)",pc-de-bureau-hp-pro-desk-400-i5-8e-gen-4go-500go-5fy61ea,Technoplace,has_dot
113745,9973.33,"9 973.33 DH","Epson DLQ-3500II",epson-dlq-3500ii,Technoplace,has_dot
136649,9973.33,"9 973.33 DH","Epson C11CH72403 imprimante jets d'encres",epson-c11ch72403-imprimante-jets-d-encres,Technoplace,has_dot
139321,9986.4,"9 986.40 DH","Ordinateur Portable Lenovo IdeaPad Slim 5 14IRL8 (82XD007NFE)",ordinateur-portable-lenovo-idea-pad-slim-5-14irl8-82xd007nfe,Technoplace,has_dot
140900,9986.4,"9 986.40 DH","Pc Portable LENOVO ThinkPad E15 i7",pc-portable-lenovo-think-pad-e15-i7,Technoplace,has_dot
109363,9986.66,"9 986.66 DH","Epson EB-535W Projecteur de bureau 3LCD WXGA 3400 Lumens",epson-eb-535w-projecteur-de-bureau-3lcd-wxga-3400-lumens,Technoplace,has_dot
138424,9986.66,"9 986.66 DH","Lenovo ThinkCentre Neo 50a 24 Gen5 Ordinateur All-In-One (12SC000XFM)",lenovo-think-centre-neo-50a-24-gen5-ordinateur-all-in-one-12sc000xfm,Technoplace,has_dot
140887,10002.19,"10 002.19 DH","Pc Portable LENOVO ThinkPad E15 i5 10è Gén 8Go 1To (20RD001QFE)",pc-portable-lenovo-think-pad-e15-i5-10e-gen-8go-1to-20rd001qfe,Technoplace,has_dot
135243,10003.6,"10 003.60 DH","Aruba JL683A commutateur réseau Géré Gigabit Ethernet (10/100/1000) 1U Blanc",aruba-jl683a-commutateur-reseau-gere-gigabit-ethernet-10-100-1000-1u-blanc,Technoplace,has_dot
113261,10027.2,"10 027.20 DH","HPE Aruba Instant On 1960 Smart 24G 2XT 2XF Switch (JL806A)",hpe-aruba-instant-on-1960-smart-24g-2xt-2xf-switch-jl806a,Technoplace,has_dot
140273,10027.2,"10 027.20 DH","Pc portable Asus ExpertBook B1 B1500 (90NX0441-M00RE0)",pc-portable-asus-expert-book-b1-b1500-90nx0441-m00re0,Technoplace,has_dot
122593,10066.67,"10 066.67 DH","Smartphone Samsung Galaxy Z Flip3 5G (Dual Sim)",smartphone-samsung-galaxy-z-flip3-5g-dual-sim,Technoplace,has_dot
116845,10066.8,"10 066.80 DH","PC Portable HP 15-cs1004nk i5 8Go 1To",pc-portable-hp-15-cs1004nk-i5-8go-1to,Technoplace,has_dot
135756,10086.67,"10 086.67 DH","Epson EcoTank L18050 imprimante photo Jet d'encre 5760 x 1440 DPI Wifi",epson-eco-tank-l18050-imprimante-photo-jet-d-encre-5760-x-1440-dpi-wifi,Technoplace,has_dot
113922,10118.66,"10 118.66 DH","Imprimante epson ecotank L16550 Multifonctions 4en1 (C11CJ30403)",imprimante-epson-ecotank-l16550-multifonctions-4en1-c11cj30403,Technoplace,has_dot
136712,10118.66,"10 118.66 DH","Epson C11CH96403 imprimante jets d'encres",epson-c11ch96403-imprimante-jets-d-encres,Technoplace,has_dot
122656,10141.2,"10 141.20 DH","Galaxy S23 8Go + 256Go – Green + Galaxy Watch 4 + Étui en silicone",galaxy-s23-8go-256go-green-galaxy-watch-4-etui-en-silicone,Technoplace,has_dot
122671,10141.2,"10 141.20 DH","Galaxy S23 8Go + 256Go – Phantom Black + Galaxy Watch 4 + Étui en silicone",galaxy-s23-8go-256go-phantom-black-galaxy-watch-4-etui-en-silicone,Technoplace,has_dot
122674,10141.2,"10 141.20 DH","Galaxy S23 8Go + 256Go – Cream + Galaxy Watch 4 + Étui en silicone",galaxy-s23-8go-256go-cream-galaxy-watch-4-etui-en-silicone,Technoplace,has_dot
122676,10141.2,"10 141.20 DH","Galaxy S23 8Go + 256Go – Lavender + Galaxy Watch 4 + Étui en silicone",galaxy-s23-8go-256go-lavender-galaxy-watch-4-etui-en-silicone,Technoplace,has_dot
116737,10165.83,"10 165.83 DH","PC Portable HP Pavilion x360 15-er0002nk i7 11è Gén 8Go 512Go SSD - Silver (601F3EA)",pc-portable-hp-pavilion-x360-15-er0002nk-i7-11e-gen-8go-512go-ssd-silver-601f3ea,"Bestmark Maroc",has_dot
115172,10177.2,"10 177.20 DH","Pc de bureau Dell Optiplex 3000 (DL-OP3000-I5-256)",pc-de-bureau-dell-optiplex-3000-dl-op3000-i5-256,Technoplace,has_dot
115315,10177.2,"10 177.20 DH","Pc De Bureau HP Pavilion 595-p0003nk i5 8Go 1To",pc-de-bureau-hp-pavilion-595-p0003nk-i5-8go-1to,Technoplace,has_dot
116464,10180.8,"10 180.80 DH","Pc portable HP 15-dw4005nk (6L9K2EA)",pc-portable-hp-15-dw4005nk-6l9k2ea,Technoplace,has_dot
135634,10225.33,"10 225.33 DH","Imprimante Canon Multifonction Laser Monochrome imageRUNNER 1643i II (5160C007AA)",imprimante-canon-multifonction-laser-monochrome-image-runner-1643i-ii-5160c007aa,Technoplace,has_dot
125433,10226.4,"10 226.40 DH","Téléviseur Samsung 70"" CU7000 Crystal UHD 4K (UA70CU7000UXMV)",televiseur-samsung-70-cu7000-crystal-uhd-4k-ua70cu7000uxmv,Technoplace,has_dot
139761,10239.98,"10 239.98 DH","PC Portable Asus S509JB i7 15,6″ 8Gb 1To (90NB0QD3-M06400)",pc-portable-asus-s509jb-i7-15-6-8gb-1to-90nb0qd3-m06400,Technoplace,has_dot
116021,10252.8,"10 252.80 DH","Ordinateur Portable Lenovo Thinkbook 15 G4 IAP (21DJ003KFE)",ordinateur-portable-lenovo-thinkbook-15-g4-iap-21dj003kfe,Technoplace,has_dot
140860,10252.8,"10 252.80 DH","PC Portable HPi7 7è Gén 8Go 1To 15-da0047nk (5CR08EA)",pc-portable-h-pi7-7e-gen-8go-1to-15-da0047nk-5cr08ea,Technoplace,has_dot
139057,10266.67,"10 266.67 DH","Ordinateur portable HP ProBook 450 G10 (9G2M1ET)",ordinateur-portable-hp-pro-book-450-g10-9g2m1et,Technoplace,has_dot
138736,10277.41,"10 277.41 DH","HP 22 -dd1000nk 21.5"" 8 Go 512 Go SSD Windows 11 Home Blanc",hp-22-dd1000nk-21-5-8-go-512-go-ssd-windows-11-home-blanc,Technoplace,has_dot
122628,10282.8,"10 282.80 DH","Samsung Galaxy S20 Bleu ( SM-G980FLBDMWD )",samsung-galaxy-s20-bleu-sm-g980flbdmwd,Technoplace,has_dot
122649,10282.8,"10 282.80 DH","Smartphone Samsung Galaxy S20 (Double SIM)",smartphone-samsung-galaxy-s20-double-sim,Technoplace,has_dot
138650,10283.79,"10 283.79 DH","Ordinateur de bureau Dell OptiPlex 7000 (DL-OP7000-W)",ordinateur-de-bureau-dell-opti-plex-7000-dl-op7000-w,Micromad,has_dot
130585,10289.5,"10 289.50 DH","HP 645A Cartouche de tonerOriginal Cyan (C9731A)",hp-645a-cartouche-de-toner-original-cyan-c9731a,"Ink Solutions Maroc",has_dot
130589,10289.5,"10 289.50 DH","HP 645A Cartouche de tonerOriginal Jaune (C9732A)",hp-645a-cartouche-de-toner-original-jaune-c9732a,"Ink Solutions Maroc",has_dot
114989,10290.67,"10 290.67 DH","Ordinateur Tout-en-un Dell Optiplex 7410 (DL-OP7410-I3-AIO)",ordinateur-tout-en-un-dell-optiplex-7410-dl-op7410-i3-aio,Technoplace,has_dot
138891,10291.3,"10 291.30 DH","PC de Bureau HP ProDesk 400 G4 / i7 7è Gén / 8Go / 1To 3EC15ES",pc-de-bureau-hp-pro-desk-400-g4-i7-7e-gen-8go-1to-3ec15es,Technoplace,has_dot
136189,10299.2,"10 299.20 DH","Imprimante Multifonction Laser Monochrome Canon imageRUNNER 1643i (3630C006AA)",imprimante-multifonction-laser-monochrome-canon-image-runner-1643i-3630c006aa,Technoplace,has_dot
125748,10333.33,"10 333.33 DH","TV Samsung 65"" 4K UHD AU7000 -2021 (UA65AU7000UXMV)",tv-samsung-65-4k-uhd-au7000-2021-ua65au7000uxmv,Technoplace,has_dot
140269,10346.4,"10 346.40 DH","Pc portable Asus ExpertBook B1 B1500 (90NX0441-M00RB0)",pc-portable-asus-expert-book-b1-b1500-90nx0441-m00rb0,Technoplace,has_dot
140416,10372.8,"10 372.80 DH","PC Portable Asus ExpertBook B1 B1500 (90NX0441-M00RC0)",pc-portable-asus-expert-book-b1-b1500-90nx0441-m00rc0,Technoplace,has_dot
138899,10378.8,"10 378.80 DH","HP Pc de Bureau ProDesk 400 G6 SFF i5 9è Gén 8 Go 256 Go (7PF74EA)",hp-pc-de-bureau-pro-desk-400-g6-sff-i5-9e-gen-8-go-256-go-7pf74ea,Technoplace,has_dot
136573,10381.2,"10 381.20 DH","HP Color LaserJet Enterprise M555dn, Imprimer, Itinérance; Impression recto-verso Éco-énergétique; Sécurité renforcée",hp-color-laser-jet-enterprise-m555dn-imprimer-itinerance-impression-recto-verso-eco-energetique-securite-renforcee,Technoplace,has_dot
115952,10386.67,"10 386.67 DH","Ordinateur portable Dell Latitude 3440 (DL-LAT3440-I5)",ordinateur-portable-dell-latitude-3440-dl-lat3440-i5,Technoplace,has_dot
122721,10399.2,"10 399.20 DH","Samsung Galaxy Z Flip 4 8Go 256Go Bleu",samsung-galaxy-z-flip-4-8go-256go-bleu,Technoplace,has_dot
122730,10399.2,"10 399.20 DH","Samsung Galaxy Z Flip 4 8Go 256Go Violet",samsung-galaxy-z-flip-4-8go-256go-violet,Technoplace,has_dot
116829,10404.4,"10 404.40 DH","PC Portable DELL Latitude 5490 i5 8è Gén 4Go 500Go (N075L549014EMEA)",pc-portable-dell-latitude-5490-i5-8e-gen-4go-500go-n075l549014emea,Technoplace,has_dot
122632,10404.4,"10 404.40 DH","Samsung Galaxy Z Flip 3 8Go 256Go Vert (SM-F711BZGEMWD)",samsung-galaxy-z-flip-3-8go-256go-vert-sm-f711bzgemwd,Technoplace,has_dot
140626,10408.34,"10 408.34 DH","HP Pavilion x360 14-ek0000nk Hybride (2-en-1) 35,6 cm (14"") Écran tactile Full HD Intel® Core™ i7 i7-1255U 16 Go DDR4-SDRAM 512 Go SSD Wi-Fi 5 (802.11ac) Windows 11 Home Argent",hp-pavilion-x360-14-ek0000nk-hybride-2-en-1-35-6-cm-14-ecran-tactile-full-hd-intel-r-core-i7-i7-1255u-16-go-ddr4-sdram-512-go-ssd-wi-fi-5-802-11ac-windows-11-home-argent,"Bestmark Maroc",has_dot
109367,10494.67,"10 494.67 DH","Epson EB-530",epson-eb-530,Technoplace,has_dot
139393,10502.4,"10 502.40 DH","Ordinateur portable HP ProBook 440 G10 (85C97EA)",ordinateur-portable-hp-pro-book-440-g10-85c97ea,Technoplace,has_dot
142108,10533.33,"10 533.33 DH","Synology DiskStation DS1522+ serveur de stockage NAS Tower Ethernet/LAN Noir R1600",synology-disk-station-ds1522-serveur-de-stockage-nas-tower-ethernet-lan-noir-r1600,Technoplace,has_dot
116230,10536.26,"10 536.26 DH","PC PORTABLE Asus 17"" 90NB0IG2-M01220",pc-portable-asus-17-90nb0ig2-m01220,Technoplace,has_dot
140063,10536.26,"10 536.26 DH","DELL Latitude 3520 Intel i5-1135G7 15,6"" HD 8Go 1TB HDD Win 10 Pro",dell-latitude-3520-intel-i5-1135g7-15-6-hd-8go-1tb-hdd-win-10-pro,Technoplace,has_dot
136154,10560.6,"10 560.60 DH","HP LaserJet Enterprise M608dn, Imprimer (K0Q18A)",hp-laser-jet-enterprise-m608dn-imprimer-k0q18a,Technoplace,has_dot
138785,10594.4,"10 594.40 DH","HP ProDesk 400 G7 Micro Tower Intel® Core™ i5 i5-10500 4 Go DDR4-SDRAM 1 To HDD DOS gratuit PC Noir",hp-pro-desk-400-g7-micro-tower-intel-r-core-i5-i5-10500-4-go-ddr4-sdram-1-to-hdd-dos-gratuit-pc-noir,Technoplace,has_dot
115148,10622.77,"10 622.77 DH","Ordinateur tout-en-un HP 22-dd2000nk (6E1Q8EA)",ordinateur-tout-en-un-hp-22-dd2000nk-6e1q8ea,Technoplace,has_dot
140704,10628.8,"10 628.80 DH","HP Pavilion x360 14-dy0012nk Hybride (2-en-1) 14""8 Go 256 Go SSD Windows 11 Home Argent",hp-pavilion-x360-14-dy0012nk-hybride-2-en-1-14-8-go-256-go-ssd-windows-11-home-argent,Technoplace,has_dot
136585,10653.34,"10 653.34 DH","HP LaserJet Enterprise M611dn, Imprimer, Impression USB en façade; Itinérance; Impression recto-verso; Éco-énergétique; Sécurité renforcée",hp-laser-jet-enterprise-m611dn-imprimer-impression-usb-en-facade-itinerance-impression-recto-verso-eco-energetique-securite-renforcee,Technoplace,has_dot
138995,10653.34,"10 653.34 DH","ORDINATEUR PORTABLE LENOVO ThinkPad E14 Gen 5 (21M7000HFE)",ordinateur-portable-lenovo-think-pad-e14-gen-5-21m7000hfe,Technoplace,has_dot
139269,10653.6,"10 653.60 DH","Ordinateur Portable Lenovo ThinkBook 15 G4 IAP (21DJ003DFE)",ordinateur-portable-lenovo-think-book-15-g4-iap-21dj003dfe,Technoplace,has_dot
125810,10689.6,"10 689.60 DH","TV Samsung 65"" UHD 4 k Smart Série 7 (UA65TU7000UXMV)",tv-samsung-65-uhd-4-k-smart-serie-7-ua65tu7000uxmv,Technoplace,has_dot
140231,10693.2,"10 693.20 DH","Pc portable Asus VivoBook 14 R465 (90NB0TT1-M10720)",pc-portable-asus-vivo-book-14-r465-90nb0tt1-m10720,Technoplace,has_dot
123405,10721.33,"10 721.33 DH","HP Scanjet Enterprise Flow 5000 s4 Alimentation papier de scanner 600 x 600 DPI A4 Blanc",hp-scanjet-enterprise-flow-5000-s4-alimentation-papier-de-scanner-600-x-600-dpi-a4-blanc,Technoplace,has_dot
142063,10721.33,"10 721.33 DH","HP Scanjet Enterprise Flow 7000 s3 Alimentation papier de scanner 600 x 600 DPI A4 Blanc (L2757A#B19)",hp-scanjet-enterprise-flow-7000-s3-alimentation-papier-de-scanner-600-x-600-dpi-a4-blanc-l2757a-b19,Technoplace,has_dot
116289,10732.75,"10 732.75 DH","Vivobook Asus 14 X413EP (90NB0S37-M04760)",vivobook-asus-14-x413ep-90nb0s37-m04760,Technoplace,has_dot
109270,10748.3,"10 748.30 DH","Epson EB-980W",epson-eb-980w,Technoplace,has_dot
144359,10755.34,"10 755.34 DH","HP 15-fd0307nk Intel® Core™ i7 i7-1355U Ordinateur portable 39,6 cm (15.6"") HD 8 Go DDR4-SDRAM 512 Go SSD Wi-Fi 6 (802.11ax) Windows 11 Home Argent",hp-15-fd0307nk-intel-r-core-i7-i7-1355u-ordinateur-portable-39-6-cm-15-6-hd-8-go-ddr4-sdram-512-go-ssd-wi-fi-6-802-11ax-windows-11-home-argent,Technoplace,has_dot
115156,10756.8,"10 756.80 DH","Pc de bureau Dell Vostro 3888 (DL-V3888-I7)",pc-de-bureau-dell-vostro-3888-dl-v3888-i7,Technoplace,has_dot
140598,10786.8,"10 786.80 DH","Asus VivoBook 14 S413EP (90NB0S3F-M04270)",asus-vivo-book-14-s413ep-90nb0s3f-m04270,Technoplace,has_dot
109373,10813.03,"10 813.03 DH","Epson EB-2040",epson-eb-2040,Technoplace,has_dot
116087,10813.33,"10 813.33 DH","Ordinateur portable Dell Vostro 3520 (DL-VOSTRO3520-I7)",ordinateur-portable-dell-vostro-3520-dl-vostro3520-i7,Technoplace,has_dot
143733,10821.34,"10 821.34 DH","Appareil photo Reflex Canon EOS 77D + Objectif Canon 18-55mm IS STM",appareil-photo-reflex-canon-eos-77d-objectif-canon-18-55mm-is-stm,Technoplace,has_dot
130718,10843.87,"10 843.87 DH","HP 826A toner LaserJet magenta authentique",hp-826a-toner-laser-jet-magenta-authentique,Technoplace,has_dot
109109,10850.4,"10 850.40 DH","Epson EB-945H vidéo-projecteur Projecteur à focale standard 3000 ANSI lumens 3LCD XGA (1024x768) Blanc",epson-eb-945h-video-projecteur-projecteur-a-focale-standard-3000-ansi-lumens-3lcd-xga-1024x768-blanc,Technoplace,has_dot
136010,10852.8,"10 852.80 DH","Imprimante A3 Plus Canon imagePROGRAF PRO-300 (4278C009AA)",imprimante-a3-plus-canon-image-prograf-pro-300-4278c009aa,Technoplace,has_dot
115149,11053.33,"11 053.33 DH","Pc de bureau HP 600 G6 MT (55Y64ES)",pc-de-bureau-hp-600-g6-mt-55y64es,Technoplace,has_dot
137164,11054.66,"11 054.66 DH","HP LaserJet Enterprise M611dn, Imprimer, Impression recto verso (7PS84A#B19)",hp-laser-jet-enterprise-m611dn-imprimer-impression-recto-verso-7ps84a-b19,Technoplace,has_dot
142214,11152.8,"11 152.80 DH","QNAP TS-673 NAS Tower Ethernet/LAN Noir RX-421ND (TS-673-4G)",qnap-ts-673-nas-tower-ethernet-lan-noir-rx-421nd-ts-673-4g,Technoplace,has_dot
130636,11170.9,"11 170.90 DH","HP 656X toner LaserJet magenta grande capacité conçu par (CF463X)",hp-656x-toner-laser-jet-magenta-grande-capacite-concu-par-cf463x,"Ink Solutions Maroc",has_dot
130638,11170.9,"11 170.90 DH","HP 656X toner LaserJet jaune grande capacité conçu par (CF462X)",hp-656x-toner-laser-jet-jaune-grande-capacite-concu-par-cf462x,"Ink Solutions Maroc",has_dot
130640,11170.9,"11 170.90 DH","HP 656X toner LaserJet cyan grande capacité conçu par (CF461X)",hp-656x-toner-laser-jet-cyan-grande-capacite-concu-par-cf461x,"Ink Solutions Maroc",has_dot
142452,11176.8,"11 176.80 DH","Serveur tour Dell PowerEdge T40 Xeon E-2224G (PET40-2224G)",serveur-tour-dell-power-edge-t40-xeon-e-2224g-pet40-2224g,Technoplace,has_dot
139570,11186.4,"11 186.40 DH","HP ProBook 440 G10 14"" HD i7-1355U 8 Go 512 Go SSD DOS gratuit Argent",hp-pro-book-440-g10-14-hd-i7-1355u-8-go-512-go-ssd-dos-gratuit-argent,Technoplace,has_dot
115037,11186.66,"11 186.66 DH","HP Elite 600 G9 SFF Ordinateur De Bureau (628Y0ET) I5-13500",hp-elite-600-g9-sff-ordinateur-de-bureau-628y0et-i5-13500,Technoplace,has_dot
142507,11199.6,"11 199.60 DH","Hewlett Packard Enterprise ProLiant DL20 Gen10 serveur Intel Xeon 3,4 GHz 16 Go 24 To Rack (1 U) 290 W",hewlett-packard-enterprise-pro-liant-dl20-gen10-serveur-intel-xeon-3-4-g-hz-16-go-24-to-rack-1-u-290-w,Technoplace,has_dot
144822,11241.67,"11 241.67 DH","Smartphone Samsung Galaxy S24+ 12Go_256Go Cobaltviolet (SM-S926BZVBMWD)",smartphone-samsung-galaxy-s24-12go-256go-cobaltviolet-sm-s926bzvbmwd,"Bestmark Maroc",has_dot
138755,11254.8,"11 254.80 DH","Pc de bureau Dell OptiPlex 3090 Mini Tour (DL-OP3090-I5-W-B)",pc-de-bureau-dell-opti-plex-3090-mini-tour-dl-op3090-i5-w-b,Technoplace,has_dot
125592,11263.2,"11 263.20 DH","TV LG NANO79 Smart TV 4K 65"" (65NANO796QA)",tv-lg-nano79-smart-tv-4k-65-65nano796qa,Technoplace,has_dot
138692,11266.67,"11 266.67 DH","HP ProDesk 400 G7 Micro Tower Intel® Core™ i7 i7-10700 4 Go DDR4-SDRAM 1 To HDD DOS gratuit PC Noir",hp-pro-desk-400-g7-micro-tower-intel-r-core-i7-i7-10700-4-go-ddr4-sdram-1-to-hdd-dos-gratuit-pc-noir,Technoplace,has_dot
140794,11276.93,"11 276.93 DH","Portable HP ProBook 450 G8 / i5 11è Gén / 4 Go",portable-hp-pro-book-450-g8-i5-11e-gen-4-go,Technoplace,has_dot
142453,11305.43,"11 305.43 DH","Serveur tour Dell PowerEdge T40 Xeon E-2224G (PET40-2224G)",serveur-tour-dell-power-edge-t40-xeon-e-2224g-pet40-2224g,"NGT Maroc",has_dot
115069,11319.6,"11 319.60 DH","HP Pro 400 G9 i7-12700 Tower 8 Go 512 Go SSD DOS gratuit PC Noir",hp-pro-400-g9-i7-12700-tower-8-go-512-go-ssd-dos-gratuit-pc-noir,Technoplace,has_dot
139239,11319.6,"11 319.60 DH","Ordinateur Portable Lenovo IdeaPad Flex 5 14IAU7 (82R700K3FE)",ordinateur-portable-lenovo-idea-pad-flex-5-14iau7-82r700k3fe,Technoplace,has_dot
142516,11329.32,"11 329.32 DH","Hewlett Packard Enterprise ProLiant ML30 Gen10 serveur 24 To 3,4 GHz 8 Go Tour (4U) Intel Xeon E 350 W DDR4-SDRAM",hewlett-packard-enterprise-pro-liant-ml30-gen10-serveur-24-to-3-4-g-hz-8-go-tour-4u-intel-xeon-e-350-w-ddr4-sdram,Technoplace,has_dot
140851,11332.8,"11 332.80 DH","Pc Portable HP ProBook 450 G7 i5 10è Gén 4Go 500Go - Silver (8VU89EA)",pc-portable-hp-pro-book-450-g7-i5-10e-gen-4go-500go-silver-8vu89ea,Technoplace,has_dot
116590,11413.2,"11 413.20 DH","PC Portable Asus Vivobook X515EA (90NB0TY2-M01MB0)",pc-portable-asus-vivobook-x515ea-90nb0ty2-m01mb0,Technoplace,has_dot
119003,11431.87,"11 431.87 DH","Appareil Photo Reflex Canon EOS 77D + objectif EF-S 18-55 IS (1892C017BA)",appareil-photo-reflex-canon-eos-77d-objectif-ef-s-18-55-is-1892c017ba,Technoplace,has_dot
115158,11452.8,"11 452.80 DH","Pc de bureau HP ELITEDESK 800 G6 (44N71ES)",pc-de-bureau-hp-elitedesk-800-g6-44n71es,Technoplace,has_dot
139251,11452.8,"11 452.80 DH","Ordinateur portable HP ProBook 450 G10 i7 13th (85D06EA)",ordinateur-portable-hp-pro-book-450-g10-i7-13th-85d06ea,Technoplace,has_dot
116208,11453.33,"11 453.33 DH","HP Pavilion x360 14-ek1006nk Hybride (2-en-1) 14"" Écran tactile Full HD i7-1355U 16 Go 512 Go SSD Windows 11 Home Argent",hp-pavilion-x360-14-ek1006nk-hybride-2-en-1-14-ecran-tactile-full-hd-i7-1355u-16-go-512-go-ssd-windows-11-home-argent,Technoplace,has_dot
116734,11498.27,"11 498.27 DH","PC Portable HP Pavilion x360 15-er0003nk i5 11è Gén 8Go 512Go SSD - Silver (601F4EA)",pc-portable-hp-pavilion-x360-15-er0003nk-i5-11e-gen-8go-512go-ssd-silver-601f4ea,Technoplace,has_dot
142172,11576.4,"11 576.40 DH","QNAP TVS-951X NAS Tower Ethernet/LAN Noir",qnap-tvs-951x-nas-tower-ethernet-lan-noir,Technoplace,has_dot
139408,11581.2,"11 581.20 DH","Ordinateur Portable Lenovo IdeaPad Flex 5 14ABR8 (82XX009DFE)",ordinateur-portable-lenovo-idea-pad-flex-5-14abr8-82xx009dfe,Technoplace,has_dot
139096,11586.67,"11 586.67 DH","Ordinateur Portable Lenovo ThinkPad E16 Gen 1 (21JN00CVFE)",ordinateur-portable-lenovo-think-pad-e16-gen-1-21jn00cvfe,Technoplace,has_dot
142777,11587.2,"11 587.20 DH","Tablette Samsung Galaxy Tab S8 + 8Gb,256Go Pink Gold Silver (",tablette-samsung-galaxy-tab-s8-8gb-256go-pink-gold-silver,Technoplace,has_dot
142778,11603.9,"11 603.90 DH","Tablette Samsung Galaxy Tab S8 + 8Gb,256Go Pink Gold Silver (",tablette-samsung-galaxy-tab-s8-8gb-256go-pink-gold-silver,Micromad,has_dot
115206,11643.24,"11 643.24 DH","Pc de bureau HP 600 G6 (55Y67ES)",pc-de-bureau-hp-600-g6-55y67es,Technoplace,has_dot
116476,11666.4,"11 666.40 DH","Pc portable Asus Vivobook 17 X712EQ (90NB0U91-M002F0)",pc-portable-asus-vivobook-17-x712eq-90nb0u91-m002f0,Technoplace,has_dot
130733,11675.3,"11 675.30 DH","HP 827A Cartouche de tonerOriginal Cyan (CF301A)",hp-827a-cartouche-de-toner-original-cyan-cf301a,"Ink Solutions Maroc",has_dot
115763,11720.4,"11 720.40 DH","Ordinateur Portable Lenovo LOQ 15APH8 (82XT00BUFE)",ordinateur-portable-lenovo-loq-15aph8-82xt00bufe,Technoplace,has_dot
115809,11720.4,"11 720.40 DH","Ordinateur portable HP Pavilion X360 Convertible 15-er1002nk (7J0J5EA)",ordinateur-portable-hp-pavilion-x360-convertible-15-er1002nk-7j0j5ea,Technoplace,has_dot
116566,11720.4,"11 720.40 DH","PC Portable HP 15-dw4002nk (6L9J9EA)",pc-portable-hp-15-dw4002nk-6l9j9ea,Technoplace,has_dot
113362,11724.26,"11 724.26 DH","Epson LQ-690II imprimante matricielle (à points) 4800 x 1200 DPI 487 caractères par seconde",epson-lq-690ii-imprimante-matricielle-a-points-4800-x-1200-dpi-487-caracteres-par-seconde,Technoplace,has_dot
139160,11733.34,"11 733.34 DH","HP ProBook 440 G10 Intel® Core™ i7 i7-1355U Ordinateur portable 35,6 cm (14"") HD 8 Go DDR4-SDRAM 512 Go SSD Wi-Fi 6E (802.11ax) DOS gratuit Argent",hp-pro-book-440-g10-intel-r-core-i7-i7-1355u-ordinateur-portable-35-6-cm-14-hd-8-go-ddr4-sdram-512-go-ssd-wi-fi-6e-802-11ax-dos-gratuit-argent,Technoplace,has_dot
115793,11751.6,"11 751.60 DH","Ordinateur portable HP Victus Gaming 15-fb0001nk (6E1E3EA)",ordinateur-portable-hp-victus-gaming-15-fb0001nk-6e1e3ea,Technoplace,has_dot
122600,11826.67,"11 826.67 DH","Samsung Galaxy S22 PLUS 256GB WHITE",samsung-galaxy-s22-plus-256gb-white,Technoplace,has_dot
122704,11826.67,"11 826.67 DH","Samsung Galaxy S22 Plus 5G 8Go 256Go Vert",samsung-galaxy-s22-plus-5g-8go-256go-vert,Technoplace,has_dot
122718,11826.67,"11 826.67 DH","Samsung Galaxy S22 Plus 5G 8Go 256Go Pink",samsung-galaxy-s22-plus-5g-8go-256go-pink,Technoplace,has_dot
122778,11826.67,"11 826.67 DH","Samsung Galaxy S22 Plus 5G 8Go 256Go Noir",samsung-galaxy-s22-plus-5g-8go-256go-noir,Technoplace,has_dot
115086,11853.34,"11 853.34 DH","HP 24-cr0001nk 24"" 512 Go SSD Windows 11 Home",hp-24-cr0001nk-24-512-go-ssd-windows-11-home,Technoplace,has_dot
139786,11853.6,"11 853.60 DH","Ordinateur Portable ASUS VivoBook P1501UF |i7-8GB-1TB-15,6""|",ordinateur-portable-asus-vivo-book-p1501uf-i7-8gb-1tb-15-6,Technoplace,has_dot
109369,11866.66,"11 866.66 DH","Epson EB-536Wi",epson-eb-536wi,Technoplace,has_dot
115943,11866.8,"11 866.80 DH","Ordinateur portable Dell Latitude 5430 (DL-LAT5430-I5-W)",ordinateur-portable-dell-latitude-5430-dl-lat5430-i5-w,Technoplace,has_dot
140261,11866.8,"11 866.80 DH","Pc portable Asus ExpertBook B1 B1500 (90NX0441-M00R60)",pc-portable-asus-expert-book-b1-b1500-90nx0441-m00r60,Technoplace,has_dot
136507,11894.32,"11 894.32 DH","Imprimante Multifonction Jet d'encre 3 en 1 couleur Canon Pixma MG 2540S",imprimante-multifonction-jet-d-encre-3-en-1-couleur-canon-pixma-mg-2540s,Technoplace,has_dot
115012,11916.67,"11 916.67 DH","Ordinateur de bureau HP Elite SFF 600 G9 (99N35ET)",ordinateur-de-bureau-hp-elite-sff-600-g9-99n35et,"Bestmark Maroc",has_dot
116352,11941.2,"11 941.20 DH","PC Portable Dell Vostro 3500 (N3008VN3500-I7)",pc-portable-dell-vostro-3500-n3008vn3500-i7,Technoplace,has_dot
140236,11973.6,"11 973.60 DH","Pc portable Asus ExpertBook B1 B1500 (90NX0441-M00R70)",pc-portable-asus-expert-book-b1-b1500-90nx0441-m00r70,Technoplace,has_dot
139232,11985.6,"11 985.60 DH","Ordinateur Portable Dell Inspiron 5570 |I7-16GB-256GB-15,6""Free Dos||",ordinateur-portable-dell-inspiron-5570-i7-16gb-256gb-15-6-free-dos,Technoplace,has_dot
144392,11986.67,"11 986.67 DH","HP ProBook 450 G10 Intel® Core™ i7 i7-1355U Ordinateur portable 39,6 cm (15.6"") Full HD 8 Go DDR4-SDRAM 512 Go SSD Wi-Fi 6E (802.11ax) DOS gratuit Argent",hp-pro-book-450-g10-intel-r-core-i7-i7-1355u-ordinateur-portable-39-6-cm-15-6-full-hd-8-go-ddr4-sdram-512-go-ssd-wi-fi-6e-802-11ax-dos-gratuit-argent,Technoplace,has_dot
140244,11986.8,"11 986.80 DH","Pc portable Asus ExpertBook B1 B1500 (90NX0441-M00R80)",pc-portable-asus-expert-book-b1-b1500-90nx0441-m00r80,Technoplace,has_dot
116109,12013.33,"12 013.33 DH","Ordinateur portable Dell Latitude 5540 (N003L554015EMEA-UBU)",ordinateur-portable-dell-latitude-5540-n003l554015emea-ubu,Technoplace,has_dot
140787,12033.45,"12 033.45 DH","ASUS TUF Dash F15 FX516PE-HN004T notebook 15.6"" Full HD 11e génération de processeurs 8 Go 512 Go SSD NVIDIA GeForce RTX 3050 Ti Windows 10 Home Noir, Gris",asus-tuf-dash-f15-fx516pe-hn004t-notebook-15-6-full-hd-11e-generation-de-processeurs-8-go-512-go-ssd-nvidia-ge-force-rtx-3050-ti-windows-10-home-noir-gris,Micromad,has_dot
138783,12062.4,"12 062.40 DH","Pc de bureau Dell OptiPlex 5090 Tour (DL-OP5090T-I5)",pc-de-bureau-dell-opti-plex-5090-tour-dl-op5090t-i5,Technoplace,has_dot
138058,12163.2,"12 163.20 DH","DELL E2222H écran plat de PC 21.4"" Full HD LCD Noir",dell-e2222h-ecran-plat-de-pc-21-4-full-hd-lcd-noir,Technoplace,has_dot
140408,12166.66,"12 166.66 DH","HP Pavilion Power 15-dk2011nk i7-11370H 15.6"" Full HD 16 Go 1256 Go HDD+SSD NVIDIA GeForce RTX 3050 Ti Windows 11 Home Noir",hp-pavilion-power-15-dk2011nk-i7-11370h-15-6-full-hd-16-go-1256-go-hdd-ssd-nvidia-ge-force-rtx-3050-ti-windows-11-home-noir,"Bestmark Maroc",has_dot
136201,12171.12,"12 171.12 DH","Imprimante Multifonction Laser Monochrome Canon imageRUNNER 2206N (3029C003AA)",imprimante-multifonction-laser-monochrome-canon-image-runner-2206n-3029c003aa,Technoplace,has_dot
115114,12192.7,"12 192.70 DH","HP Pro 400 G9 i7-12700 Tower 8 Go 1000 Go SSD DOS gratuit PC Noir",hp-pro-400-g9-i7-12700-tower-8-go-1000-go-ssd-dos-gratuit-pc-noir,Technoplace,has_dot
143743,12217.6,"12 217.60 DH","Reflex Canon EOS RP Boîtier et bague d'adaptation monture EF-EOS R (3380C023AA)",reflex-canon-eos-rp-boitier-et-bague-d-adaptation-monture-ef-eos-r-3380c023aa,Technoplace,has_dot
116720,12253.2,"12 253.20 DH","ASUS TUF706IC-HX010W R7-4800H 8G 512G RTX3050",asus-tuf706ic-hx010w-r7-4800h-8g-512g-rtx3050,Technoplace,has_dot
116629,12266.4,"12 266.40 DH","PC Portable Lenovo Legion 5 15ITH6 (82JK00FAFE)",pc-portable-lenovo-legion-5-15ith6-82jk00fafe,Technoplace,has_dot
125394,12279.6,"12 279.60 DH","Téléviseur Samsung 75"" CU7000 Crystal UHD 4K + récepteur intégré (UA75CU7000UXMV)",televiseur-samsung-75-cu7000-crystal-uhd-4k-recepteur-integre-ua75cu7000uxmv,Technoplace,has_dot
139782,12283.33,"12 283.33 DH","HP EliteBook 830 G5 |i5-4GB-128GB SSD-13,3""| (3JW84EA)",hp-elite-book-830-g5-i5-4gb-128gb-ssd-13-3-3jw84ea,Fournipro.ma,has_dot
115201,12284.4,"12 284.40 DH","Pc de bureau Dell Optiplex 5090 (DL-OP5090MT-I7)",pc-de-bureau-dell-optiplex-5090-dl-op5090mt-i7,Technoplace,has_dot
136470,12333.34,"12 333.34 DH","Epson WorkForce Pro WF-M5299DW imprimante jets d'encres 1200 x 2400 DPI A4 Wifi",epson-work-force-pro-wf-m5299dw-imprimante-jets-d-encres-1200-x-2400-dpi-a4-wifi,Technoplace,has_dot
136638,12333.34,"12 333.34 DH","Epson C11CH71403 imprimante jets d'encres",epson-c11ch71403-imprimante-jets-d-encres,Technoplace,has_dot
144811,12339.6,"12 339.60 DH","Smartphone Samsung Galaxy S24 8Go_256Go Amberyellow (SM-S921BZYCMWD)",smartphone-samsung-galaxy-s24-8go-256go-amberyellow-sm-s921bzycmwd,Technoplace,has_dot
138418,12353.33,"12 353.33 DH","Ordinateur Tout-En-Un Asus A5402WVAK-BPC039W  I5-1340P 23,8''",ordinateur-tout-en-un-asus-a5402wvak-bpc039w-i5-1340p-23-8,Technoplace,has_dot
115781,12386.4,"12 386.40 DH","Ordinateur Portable Lenovo Yoga Slim 6 14IAP8 i7 12th (82WU008DFE)",ordinateur-portable-lenovo-yoga-slim-6-14iap8-i7-12th-82wu008dfe,Technoplace,has_dot
115935,12386.4,"12 386.40 DH","Ordinateur Portable Lenovo Ideapad 5 15IAL7 (82SF00GTFE)",ordinateur-portable-lenovo-ideapad-5-15ial7-82sf00gtfe,Technoplace,has_dot
139832,12386.4,"12 386.40 DH","HP ProBook 450 G9 i5-1240P Ordinateur portable 39,6 cm (15.6"") Full HD Intel® Core™ i5 8 Go DDR4-SDRAM 512 Go SSD Wi-Fi 6 (802.11ax) Windows 11 Pro Argent",hp-pro-book-450-g9-i5-1240p-ordinateur-portable-39-6-cm-15-6-full-hd-intel-r-core-i5-8-go-ddr4-sdram-512-go-ssd-wi-fi-6-802-11ax-windows-11-pro-argent,Technoplace,has_dot
116241,12435.17,"12 435.17 DH","LENOVO Thinkpad L14 Intel i5-1135G7 14"" 8Go 256Go SSD Win 10 PRO Black 12M.",lenovo-thinkpad-l14-intel-i5-1135g7-14-8go-256go-ssd-win-10-pro-black-12m,Technoplace,has_dot
140863,12490.8,"12 490.80 DH","Pc Portable HP ProBook 450 G7 i7 8Go 1To",pc-portable-hp-pro-book-450-g7-i7-8go-1to,Technoplace,has_dot
136121,12497.42,"12 497.42 DH","HP Color LaserJet Enterprise M652n, Imprimer",hp-color-laser-jet-enterprise-m652n-imprimer,Technoplace,has_dot
140877,12519.6,"12 519.60 DH","Pc Portable HP Pavilion 15-cs3005nk i7 8Go 1To+128Go SSD",pc-portable-hp-pavilion-15-cs3005nk-i7-8go-1to-128go-ssd,Technoplace,has_dot
135190,12554.93,"12 554.93 DH","Aruba JL686A commutateur réseau Géré Gigabit Ethernet (10/100/1000) 1U Blanc",aruba-jl686a-commutateur-reseau-gere-gigabit-ethernet-10-100-1000-1u-blanc,Technoplace,has_dot
140629,12589.92,"12 589.92 DH","HP Pavilion x360 14-ek0000nk Hybride (2-en-1) 35,6 cm (14"") Écran tactile Full HD Intel® Core™ i7 i7-1255U 16 Go DDR4-SDRAM 512 Go SSD Wi-Fi 5 (802.11ac) Windows 11 Home Argent",hp-pavilion-x360-14-ek0000nk-hybride-2-en-1-35-6-cm-14-ecran-tactile-full-hd-intel-r-core-i7-i7-1255u-16-go-ddr4-sdram-512-go-ssd-wi-fi-5-802-11ac-windows-11-home-argent,Technoplace,has_dot
122603,12621.6,"12 621.60 DH","Samsung Galaxy Z Flip5 Lavender 5G Dual Sim 256 GB (SM-F731BLIAMWD)",samsung-galaxy-z-flip5-lavender-5g-dual-sim-256-gb-sm-f731bliamwd,Technoplace,has_dot
125597,12625.2,"12 625.20 DH","TV LG UHD Smart TV 4k 70"" (70UQ90006LC)",tv-lg-uhd-smart-tv-4k-70-70uq90006lc,Technoplace,has_dot
116772,12626.35,"12 626.35 DH","Pc Portable ASUS FX506LH i5 10é Gén 8Go 512Go SSD (FX506LH-HN004T)",pc-portable-asus-fx506lh-i5-10e-gen-8go-512go-ssd-fx506lh-hn004t,Micromad,has_dot
116443,12626.4,"12 626.40 DH","Pc portable Asus Vivobook X515EP (90NB0TZ1-M001S0)",pc-portable-asus-vivobook-x515ep-90nb0tz1-m001s0,Technoplace,has_dot
116585,12626.4,"12 626.40 DH","PC Portable Asus Vivobook X415EP (90NB0TU1-M004C0)",pc-portable-asus-vivobook-x415ep-90nb0tu1-m004c0,Technoplace,has_dot
114956,12636.67,"12 636.67 DH","Dell Optiplex 7420 Ordinateur All In One I3-14100",dell-optiplex-7420-ordinateur-all-in-one-i3-14100,Technoplace,has_dot
116275,12650.55,"12 650.55 DH","Asus TUF Gaming A15 506",asus-tuf-gaming-a15-506,Micromad,has_dot
117286,12654.67,"12 654.67 DH","HP Scanjet 6FW10A scanner Alimentation papier de scanner 600 x 600 DPI A4 Blanc",hp-scanjet-6fw10a-scanner-alimentation-papier-de-scanner-600-x-600-dpi-a4-blanc,Technoplace,has_dot
135946,12732.94,"12 732.94 DH","HP LaserJet Enterprise M507x 1200 x 1200 DPI A4 Wifi",hp-laser-jet-enterprise-m507x-1200-x-1200-dpi-a4-wifi,Technoplace,has_dot
140788,12759.6,"12 759.60 DH","ASUS TUF Dash F15 FX516PE-HN004T notebook 15.6"" Full HD 11e génération de processeurs 8 Go 512 Go SSD NVIDIA GeForce RTX 3050 Ti Windows 10 Home Noir, Gris",asus-tuf-dash-f15-fx516pe-hn004t-notebook-15-6-full-hd-11e-generation-de-processeurs-8-go-512-go-ssd-nvidia-ge-force-rtx-3050-ti-windows-10-home-noir-gris,Technoplace,has_dot
140759,12781.07,"12 781.07 DH","Pc potable HP ProBook 450 G8 i7-11é , écran15,6 Full-HD 512SSD",pc-potable-hp-pro-book-450-g8-i7-11e-ecran15-6-full-hd-512ssd,Technoplace,has_dot
116097,12786.67,"12 786.67 DH","Ordinateur portable Dell Latitude 5540 (N003L554015EMEA)",ordinateur-portable-dell-latitude-5540-n003l554015emea,Technoplace,has_dot
125603,12787.2,"12 787.20 DH","LG QNED 65QNED806QA TV 165,1 cm (65"") 4K Ultra HD Smart TV Wifi Noir",lg-qned-65qned806qa-tv-165-1-cm-65-4k-ultra-hd-smart-tv-wifi-noir,Technoplace,has_dot
116743,12794.77,"12 794.77 DH","HP Pavilion x360 14-dy0011nk i7-1165G7 Hybride (2-en-1) 14"" Écran tactile Full HD 8 Go 512 Go SSD Windows 11 Home Argent",hp-pavilion-x360-14-dy0011nk-i7-1165g7-hybride-2-en-1-14-ecran-tactile-full-hd-8-go-512-go-ssd-windows-11-home-argent,Technoplace,has_dot
115256,12799.2,"12 799.20 DH","Pc AIO ASUS V241FAK I7-8é, écran 24FHD",pc-aio-asus-v241fak-i7-8e-ecran-24fhd,Technoplace,has_dot
138825,12838.15,"12 838.15 DH","HP 24-cb1001nk Intel® Core™ i5 i5-1235U 60,5 cm (23.8"") 1920 x 1080 pixels Écran tactile 8 Go DDR4-SDRAM 1,26 To HDD+SSD PC All-in-One Windows 11 Home Wi-Fi 5 (802.11ac) Noir",hp-24-cb1001nk-intel-r-core-i5-i5-1235u-60-5-cm-23-8-1920-x-1080-pixels-ecran-tactile-8-go-ddr4-sdram-1-26-to-hdd-ssd-pc-all-in-one-windows-11-home-wi-fi-5-802-11ac-noir,Technoplace,has_dot
125658,12906.67,"12 906.67 DH","TV Samsung 70"" AU7000 intelligent 4K UHD (UA70AU7000UXMV)",tv-samsung-70-au7000-intelligent-4k-uhd-ua70au7000uxmv,Technoplace,has_dot
123338,12989.02,"12 989.02 DH","DELL Latitude 5420 14"" Écran tactile 11e génération de processeurs 16 Go 512 Go SSD Windows 10 Pro Gris ( (N032L542014EMEA)",dell-latitude-5420-14-ecran-tactile-11e-generation-de-processeurs-16-go-512-go-ssd-windows-10-pro-gris-n032l542014emea,Technoplace,has_dot
140133,12989.02,"12 989.02 DH","DELL Latitude 5520 15.6"" Écran tactile 11e génération de processeurs 16 Go 512 Go SSD Windows 10 Pro Gris (N027L552015EMEA)",dell-latitude-5520-15-6-ecran-tactile-11e-generation-de-processeurs-16-go-512-go-ssd-windows-10-pro-gris-n027l552015emea,Technoplace,has_dot
136034,13021.6,"13 021.60 DH","Imprimante Multifonction Laser Couleur d'entreprise Canon imageRUNNER C1225iF (9548B007AA)",imprimante-multifonction-laser-couleur-d-entreprise-canon-image-runner-c1225i-f-9548b007aa,Technoplace,has_dot
109355,13040.7,"13 040.70 DH","Epson EB-990U",epson-eb-990u,Technoplace,has_dot
139399,13053.34,"13 053.34 DH","Ordinateur portable Dell gaming G15 5530 (DL-G15-I5-6GB)",ordinateur-portable-dell-gaming-g15-5530-dl-g15-i5-6gb,Technoplace,has_dot
140280,13160.4,"13 160.40 DH","Pc Portable Lenovo ThinkPad E14 Gen 4 (21E3009BFE)",pc-portable-lenovo-think-pad-e14-gen-4-21e3009bfe,Technoplace,has_dot
125649,13173.34,"13 173.34 DH","TV Samsung 75"" AU7000 intelligent 4K UHD (UA75AU7000UXMV)",tv-samsung-75-au7000-intelligent-4k-uhd-ua75au7000uxmv,Technoplace,has_dot
138717,13181.28,"13 181.28 DH","HP EliteDesk 800 G6 i5-10500 SFF 8 Go 256 Go SSD Windows 10 Pro PC Noir",hp-elite-desk-800-g6-i5-10500-sff-8-go-256-go-ssd-windows-10-pro-pc-noir,Technoplace,has_dot
116300,13186.8,"13 186.80 DH","PC Portable Dell Latitude 3420 i5-1135G7 8Gb 1To Win 10 pro (DL-LAT3420-I5-W)",pc-portable-dell-latitude-3420-i5-1135g7-8gb-1to-win-10-pro-dl-lat3420-i5-w,"NGT Maroc",has_dot
139453,13186.8,"13 186.80 DH","Ordinateur portable HP ProBook 450 G9 (5Y3T3EA)",ordinateur-portable-hp-pro-book-450-g9-5y3t3ea,Technoplace,has_dot
139461,13186.8,"13 186.80 DH","Ordinateur portable DELL gaming G15 5520 (DL-G15-I5-RTX)",ordinateur-portable-dell-gaming-g15-5520-dl-g15-i5-rtx,Technoplace,has_dot
140064,13186.8,"13 186.80 DH","DELL Latitude 3520 Intel i5-1135G7 15,6"" HD 8Go 1TB HDD Win 10 Pro",dell-latitude-3520-intel-i5-1135g7-15-6-hd-8go-1tb-hdd-win-10-pro,"NGT Maroc",has_dot
140477,13186.8,"13 186.80 DH","DELL Latitude 5420 14""16 Go 512 Go SSD Linux Ubuntu Gris",dell-latitude-5420-14-16-go-512-go-ssd-linux-ubuntu-gris,Technoplace,has_dot
130665,13210.6,"13 210.60 DH","HP 410XLaserJet, lot de 3 cartouches de toner grande capacité authentiques, cyan/magenta/jaune (CF252XM)",hp-410x-laser-jet-lot-de-3-cartouches-de-toner-grande-capacite-authentiques-cyan-magenta-jaune-cf252xm,"Ink Solutions Maroc",has_dot
116831,13244.4,"13 244.40 DH","Pc Portables hp Pavilion X360 Convertible 15 dq0001nk",pc-portables-hp-pavilion-x360-convertible-15-dq0001nk,Technoplace,has_dot
125625,13302.4,"13 302.40 DH","LG OLED OLED55A26LA TV 55"" 4K Ultra HD Smart TV Wifi Argent",lg-oled-oled55a26la-tv-55-4k-ultra-hd-smart-tv-wifi-argent,"Shared Store",has_dot
116301,13321.85,"13 321.85 DH","PC Portable Dell Latitude 3420 i5-1135G7 8Gb 1To Win 10 pro (DL-LAT3420-I5-W)",pc-portable-dell-latitude-3420-i5-1135g7-8gb-1to-win-10-pro-dl-lat3420-i5-w,Technoplace,has_dot
142168,13396.8,"13 396.80 DH","QNAP TS-453BU NAS Rack (1 U) Ethernet/LAN Noir J3455",qnap-ts-453bu-nas-rack-1-u-ethernet-lan-noir-j3455,Technoplace,has_dot
140169,13397.54,"13 397.54 DH","PC Portable HP ProBook 650 G8 (5B769ES)",pc-portable-hp-pro-book-650-g8-5b769es,Technoplace,has_dot
116276,13466.4,"13 466.40 DH","Asus TUF Gaming A15 506",asus-tuf-gaming-a15-506,Technoplace,has_dot
135539,13509.34,"13 509.34 DH","Imprimante Multifonction Laser Monochrome Canon imageRUNNER 1643iF (5160C006AA)",imprimante-multifonction-laser-monochrome-canon-image-runner-1643i-f-5160c006aa,Technoplace,has_dot
116739,13560.92,"13 560.92 DH","PC Portable HP Pavilion x360 15-er0002nk i7 11è Gén 8Go 512Go SSD - Silver (601F3EA)",pc-portable-hp-pavilion-x360-15-er0002nk-i7-11e-gen-8go-512go-ssd-silver-601f3ea,Technoplace,has_dot
116278,13599.6,"13 599.60 DH","Asus ROG Zephyrus G14",asus-rog-zephyrus-g14,Technoplace,has_dot
140338,13670.38,"13 670.38 DH","HP ENVY 13-ba1006nk i5-1135G7 13.3"" Full HD 8 Go 256 Go SSD Windows 10 Home Argent",hp-envy-13-ba1006nk-i5-1135g7-13-3-full-hd-8-go-256-go-ssd-windows-10-home-argent,Technoplace,has_dot
140010,13698.72,"13 698.72 DH","HP ENVY x360 13-bf0055nf i5-1230U Hybride (2-en-1) 33,8 cm (13.3"") Écran tactile WUXGA 8 Go 512 Go SSD Windows 11 Home Argent",hp-envy-x360-13-bf0055nf-i5-1230u-hybride-2-en-1-33-8-cm-13-3-ecran-tactile-wuxga-8-go-512-go-ssd-windows-11-home-argent,Technoplace,has_dot
116229,13714.8,"13 714.80 DH","LENOVO Thinkpad L490 i5-8265U 14 8GB - 256 Win 10",lenovo-thinkpad-l490-i5-8265u-14-8gb-256-win-10,Technoplace,has_dot
115824,13853.33,"13 853.33 DH","Ordinateur portable HP 15-fd0028nk (886L3EA)",ordinateur-portable-hp-15-fd0028nk-886l3ea,Technoplace,has_dot
122797,13933.33,"13 933.33 DH","Samsung Galaxy S22 Ultra 5G 12Go 256Go Blanc",samsung-galaxy-s22-ultra-5g-12go-256go-blanc,Technoplace,has_dot
122799,13933.33,"13 933.33 DH","Samsung Galaxy S22 Ultra 5G 12Go 256Go Vert",samsung-galaxy-s22-ultra-5g-12go-256go-vert,Technoplace,has_dot
139783,13943.47,"13 943.47 DH","HP EliteBook 830 G5 |i5-4GB-128GB SSD-13,3""| (3JW84EA)",hp-elite-book-830-g5-i5-4gb-128gb-ssd-13-3-3jw84ea,Technoplace,has_dot
116698,13993.65,"13 993.65 DH","PC Portable Gamer ASUS TUF Gaming A17 AMD RYZEN 7 8Go RTX 3050",pc-portable-gamer-asus-tuf-gaming-a17-amd-ryzen-7-8go-rtx-3050,Micromad,has_dot
115775,14066.4,"14 066.40 DH","Ordinateur Portable Lenovo Yoga Slim 6 14IAP8 i5 12th (82WU0090FE)",ordinateur-portable-lenovo-yoga-slim-6-14iap8-i5-12th-82wu0090fe,Technoplace,has_dot
139749,14066.66,"14 066.66 DH","DELL Latitude 3540 Ordinateur portable 39,6 cm (15.6"") Full HD Intel® Core™ i7 i7-1355U 16 Go DDR4-SDRAM 512 Go SSD Wi-Fi 6E (802.11ax) Windows 11 Pro Gris",dell-latitude-3540-ordinateur-portable-39-6-cm-15-6-full-hd-intel-r-core-i7-i7-1355u-16-go-ddr4-sdram-512-go-ssd-wi-fi-6e-802-11ax-windows-11-pro-gris,Technoplace,has_dot
139836,14103.6,"14 103.60 DH","PC Portable ThinkPad L380 i5-8250U 8 Go SSD 256 Go 13.3"" Win 10 Pro",pc-portable-think-pad-l380-i5-8250u-8-go-ssd-256-go-13-3-win-10-pro,Technoplace,has_dot
114077,14111.21,"14 111.21 DH","Epson FX-890IIN",epson-fx-890iin,Technoplace,has_dot
116116,14120.4,"14 120.40 DH","Ordinateur portable gaming Dell G15 5530 (DL-G15-5530-3050)",ordinateur-portable-gaming-dell-g15-5530-dl-g15-5530-3050,Technoplace,has_dot
138931,14133.34,"14 133.34 DH","Ordinateur portable HP EliteBook 650 G10 (9G2Q0ET)",ordinateur-portable-hp-elite-book-650-g10-9g2q0et,Technoplace,has_dot
139696,14133.34,"14 133.34 DH","HP 15-fd0022nk 15.6"" Full HD i5-1335U 8 Go 512 Go SSD Windows 11 Home Argent",hp-15-fd0022nk-15-6-full-hd-i5-1335u-8-go-512-go-ssd-windows-11-home-argent,Technoplace,has_dot
116306,14133.6,"14 133.60 DH","de gaming G15 5510 (DL-G15-I5-GTX)",de-gaming-g15-5510-dl-g15-i5-gtx,Technoplace,has_dot
141924,14155.2,"14 155.20 DH","Canon imageFORMULA DR-M160II Scanner ADF 600 x 600 DPI A4 Noir",canon-image-formula-dr-m160ii-scanner-adf-600-x-600-dpi-a4-noir,Technoplace,has_dot
140802,14158.34,"14 158.34 DH","Apple MacBook Air 13.3"" Apple M M1 8 Go 512 Go SSD macOS Big Sur Gris",apple-mac-book-air-13-3-apple-m-m1-8-go-512-go-ssd-mac-os-big-sur-gris,"Bestmark Maroc",has_dot
137023,14184.26,"14 184.26 DH","HP LaserJet Imprimante multifonction M436nda , Impression, copie, numérisation (W7U02A)",hp-laser-jet-imprimante-multifonction-m436nda-impression-copie-numerisation-w7u02a,Technoplace,has_dot
140730,14192.09,"14 192.09 DH","Pc Portable Gamer ASUS VIVOBOOK F571LH-BQ444T I7-10è,8Go,GTX1650,Ecran 15.6""FHD",pc-portable-gamer-asus-vivobook-f571lh-bq444t-i7-10e-8go-gtx1650-ecran-15-6-fhd,Micromad,has_dot
115595,14253.34,"14 253.34 DH","Ordinateur portable Dell Latitude 7440 (N034L744014EMEA-FD)",ordinateur-portable-dell-latitude-7440-n034l744014emea-fd,Technoplace,has_dot
116663,14253.34,"14 253.34 DH","DELL Latitude 5420 14"" Écran tactile 11e génération de processeurs 16 Go 512 Go SSD Windows 10 Pro Gris ( (N036L542014EMEA)",dell-latitude-5420-14-ecran-tactile-11e-generation-de-processeurs-16-go-512-go-ssd-windows-10-pro-gris-n036l542014emea,Technoplace,has_dot
139648,14253.34,"14 253.34 DH","HP OMEN 16-wd0000nk 16.1"" Full HD i7-13620H 16 Go 1 To SSD NVIDIA GeForce RTX 4050 Windows 11 Home Noir",hp-omen-16-wd0000nk-16-1-full-hd-i7-13620h-16-go-1-to-ssd-nvidia-ge-force-rtx-4050-windows-11-home-noir,Technoplace,has_dot
122654,14258.4,"14 258.40 DH","Galaxy S23 Ultra 12Go + 256Go – Lavender + Galaxy Watch 4 + Étui en silicone",galaxy-s23-ultra-12go-256go-lavender-galaxy-watch-4-etui-en-silicone,Technoplace,has_dot
122660,14259.6,"14 259.60 DH","Galaxy S23 Ultra 12Go + 256Go – Phantom Black + Galaxy Watch 4 + Étui en silicone",galaxy-s23-ultra-12go-256go-phantom-black-galaxy-watch-4-etui-en-silicone,Technoplace,has_dot
122664,14259.6,"14 259.60 DH","Galaxy S23 Ultra 12Go + 256Go – Green + Galaxy Watch 4 + Étui en silicone",galaxy-s23-ultra-12go-256go-green-galaxy-watch-4-etui-en-silicone,Technoplace,has_dot
122668,14259.6,"14 259.60 DH","Galaxy S23 Ultra 12Go + 256Go – Cream + Galaxy Watch 4 + Étui en silicone",galaxy-s23-ultra-12go-256go-cream-galaxy-watch-4-etui-en-silicone,Technoplace,has_dot
140855,14264.93,"14 264.93 DH","HP ENVY 13-ba0000nk i5-1035G1 13.3"" Full HD 8 Go 256 Go SSD Windows 10 Home Argent",hp-envy-13-ba0000nk-i5-1035g1-13-3-full-hd-8-go-256-go-ssd-windows-10-home-argent,Technoplace,has_dot
141970,14319.6,"14 319.60 DH","Epson WorkForce DS-7500",epson-work-force-ds-7500,Technoplace,has_dot
116234,14360.44,"14 360.44 DH","Ordinateur Portable ASUS FX553VD-DM592T Série FX Light Gaming",ordinateur-portable-asus-fx553vd-dm592t-serie-fx-light-gaming,Technoplace,has_dot
115126,14360.46,"14 360.46 DH","Ordinateur Tout-en-un Dell Inspiron 5410 (DL-INS5410-AIO-I5)",ordinateur-tout-en-un-dell-inspiron-5410-dl-ins5410-aio-i5,Technoplace,has_dot
140872,14374.8,"14 374.80 DH","HP EliteBook 850 G6 i5-8265U 15.6"" Full HD 8 Go 256 Go SSD Windows 10 Pro",hp-elite-book-850-g6-i5-8265u-15-6-full-hd-8-go-256-go-ssd-windows-10-pro,Technoplace,has_dot
140190,14375.6,"14 375.60 DH","DELL Latitude 5520 15.6""16 Go 512 Go SSD Linux Ubuntu Gris",dell-latitude-5520-15-6-16-go-512-go-ssd-linux-ubuntu-gris,Technoplace,has_dot
125610,14386.67,"14 386.67 DH","LG OLED OLED55CS6LA TV 55"" 4K Ultra HD Smart TV Wifi Bleu",lg-oled-oled55cs6la-tv-55-4k-ultra-hd-smart-tv-wifi-bleu,Technoplace,has_dot
136727,14386.67,"14 386.67 DH","HP Color LaserJet Enterprise Imprimante multifonction couleur LaserJet Enterprise M480f, Couleur, Imprimante pour Entreprises, Impression, copie, scan, fax, Taille compacte; Sécurité renforcée; Impres",hp-color-laser-jet-enterprise-imprimante-multifonction-couleur-laser-jet-enterprise-m480f-couleur-imprimante-pour-entreprises-impression-copie-scan-fax-taille-compacte-securite-renforcee-impres-3qa55a-b19,Technoplace,has_dot
139326,14386.8,"14 386.80 DH","Ordinateur Portable Lenovo ThinkPad L14 Gen 4 (21H1000EFE)",ordinateur-portable-lenovo-think-pad-l14-gen-4-21h1000efe,Technoplace,has_dot
109272,14426.4,"14 426.40 DH","Epson EB-520",epson-eb-520,Technoplace,has_dot
140038,14486.4,"14 486.40 DH","HP EliteBook 640 G9 (6Q878ES)",hp-elite-book-640-g9-6q878es,Technoplace,has_dot
116237,14506.8,"14 506.80 DH","LENOVO Thinkpad L490 i7-8565U 14 8GB - 512 Win 10",lenovo-thinkpad-l490-i7-8565u-14-8gb-512-win-10,Technoplace,has_dot
139793,14530.8,"14 530.80 DH","LENOVO ThinkPad L14 i5-10210U 14 8",lenovo-think-pad-l14-i5-10210u-14-8,Technoplace,has_dot
117212,14540.66,"14 540.66 DH","Epson Perfection V850 Pro (B11B224401)",epson-perfection-v850-pro-b11b224401,Technoplace,has_dot
125629,14646.67,"14 646.67 DH","LG OLED OLED55A26LA TV 55"" 4K Ultra HD Smart TV Wifi Argent",lg-oled-oled55a26la-tv-55-4k-ultra-hd-smart-tv-wifi-argent,Technoplace,has_dot
115939,14653.2,"14 653.20 DH","Ordinateur Portable Lenovo Thinkpad L14 Gen 4 (21H1005CFE)",ordinateur-portable-lenovo-thinkpad-l14-gen-4-21h1005cfe,Technoplace,has_dot
116660,14653.33,"14 653.33 DH","PC Portable Lenovo Legion 5 15IMH05H (81Y600PPFE)",pc-portable-lenovo-legion-5-15imh05h-81y600ppfe,Technoplace,has_dot
140867,14662.8,"14 662.80 DH","HP EliteBook 830 G6 i5-8265U 13.3"" Full HD 8 Go 256 Go SSD Windows 10 Pro Argent",hp-elite-book-830-g6-i5-8265u-13-3-full-hd-8-go-256-go-ssd-windows-10-pro-argent,Technoplace,has_dot
116700,14666.4,"14 666.40 DH","PC Portable Gamer ASUS TUF Gaming A17 AMD RYZEN 7 8Go RTX 3050",pc-portable-gamer-asus-tuf-gaming-a17-amd-ryzen-7-8go-rtx-3050,Technoplace,has_dot
115307,14668.8,"14 668.80 DH","bureau HP Pavilion TP01-0001nk - i7 9è Gén - 8 Go (8uk64ea)",bureau-hp-pavilion-tp01-0001nk-i7-9e-gen-8-go-8uk64ea,Technoplace,has_dot
136152,14702.8,"14 702.80 DH","HP LaserJet Enterprise M612dn 1200 x 1200 DPI A4 Wifi",hp-laser-jet-enterprise-m612dn-1200-x-1200-dpi-a4-wifi,Technoplace,has_dot
118952,14704.55,"14 704.55 DH","Appareil photo Compact Canon EOS 80D",appareil-photo-compact-canon-eos-80d,Technoplace,has_dot
109431,14814.06,"14 814.06 DH","Epson EB-1781W",epson-eb-1781w,Technoplace,has_dot
115054,14818.8,"14 818.80 DH","Station de travail HP Z2 G5 MT Intel Xeon W-1250 (DS5325)",station-de-travail-hp-z2-g5-mt-intel-xeon-w-1250-ds5325,Technoplace,has_dot
125537,14907.7,"14 907.70 DH","Téléviseur Samsung Q60A 65 Pouces Smart TV QLED 4k (QA65Q60AAUXMV)",televiseur-samsung-q60a-65-pouces-smart-tv-qled-4k-qa65q60aauxmv,Technoplace,has_dot
116240,14911.38,"14 911.38 DH","LENOVO Thinkpad L14 Intel i7-1165G7 14"" 8Go 512Go SSD Win 10 PRO Black 12M.",lenovo-thinkpad-l14-intel-i7-1165g7-14-8go-512go-ssd-win-10-pro-black-12m,Technoplace,has_dot
116233,14919.6,"14 919.60 DH","LENOVO Thinkpad T490 i5-8265U 14 8 - 256 Win 10 pr",lenovo-thinkpad-t490-i5-8265u-14-8-256-win-10-pr,Technoplace,has_dot
140880,14986.96,"14 986.96 DH","Pc Portable HP EliteBook 830 G5 i5 8Go 256Go SSD",pc-portable-hp-elite-book-830-g5-i5-8go-256go-ssd,Technoplace,has_dot
139377,15039.6,"15 039.60 DH","Ordinateur portable HP 640 G10 (859N7EA)",ordinateur-portable-hp-640-g10-859n7ea,Technoplace,has_dot
116429,15108.8,"15 108.80 DH","Pc Portable Lenovo Yoga Slim 7 Pro 14ACH5 (82MS00BSFE)",pc-portable-lenovo-yoga-slim-7-pro-14ach5-82ms00bsfe,Technoplace,has_dot
116763,15137.02,"15 137.02 DH","PC Portable Gamer ASUS TUF Dash F15 i7 11é Gén 16Go 512Go SSD - Noir (FX516PC-HN001T)",pc-portable-gamer-asus-tuf-dash-f15-i7-11e-gen-16go-512go-ssd-noir-fx516pc-hn001t,Technoplace,has_dot
116654,15155.25,"15 155.25 DH","PC Portable Asus TUF Gaming F17 (90NR0734-M008T0)",pc-portable-asus-tuf-gaming-f17-90nr0734-m008t0,Micromad,has_dot
116066,15320.4,"15 320.40 DH","Ordinateur Portable Lenovo Yoga 7 14IRL8 (82YL001RFE)",ordinateur-portable-lenovo-yoga-7-14irl8-82yl001rfe,Technoplace,has_dot
142411,15333.6,"15 333.60 DH","Hewlett Packard Enterprise ProLiant ML30 Gen10 serveur Intel Xeon 3,4 GHz 16 Go 56 To Tour (4U) 350 W",hewlett-packard-enterprise-pro-liant-ml30-gen10-serveur-intel-xeon-3-4-g-hz-16-go-56-to-tour-4u-350-w,Technoplace,has_dot
142473,15333.6,"15 333.60 DH","Hewlett Packard Enterprise ProLiant DL20 Gen10 serveur 3,4 GHz 16 Go Rack (1 U) Intel Xeon E 500 W DDR4-SDRAM (P17081-B21)",hewlett-packard-enterprise-pro-liant-dl20-gen10-serveur-3-4-g-hz-16-go-rack-1-u-intel-xeon-e-500-w-ddr4-sdram-p17081-b21,Technoplace,has_dot
132886,15366.11,"15 366.11 DH","HP 78A toner LaserJet noir authentique",hp-78a-toner-laser-jet-noir-authentique,Technoplace,has_dot
142243,15373.2,"15 373.20 DH","QNAP TS-853A NAS Tower Ethernet/LAN Noir N3150",qnap-ts-853a-nas-tower-ethernet-lan-noir-n3150,Technoplace,has_dot
140776,15408.33,"15 408.33 DH","Apple MacBook Pro 13.3"" 8 Go 128 Go SSD macOS Sierra Gris",apple-mac-book-pro-13-3-8-go-128-go-ssd-mac-os-sierra-gris,Fournipro.ma,has_dot
142768,15440.4,"15 440.40 DH","Tablette Galaxy S8 Ultra (16+512GB) Graphite (",tablette-galaxy-s8-ultra-16-512gb-graphite,Technoplace,has_dot
122706,15453.34,"15 453.34 DH","Samsung Galaxy S22 Ultra 5G 12Go 512Go Blanc",samsung-galaxy-s22-ultra-5g-12go-512go-blanc,Technoplace,has_dot
122708,15453.34,"15 453.34 DH","Samsung Galaxy S22 Ultra 5G 12Go 512Go Bordeaux",samsung-galaxy-s22-ultra-5g-12go-512go-bordeaux,Technoplace,has_dot
122712,15453.34,"15 453.34 DH","Samsung Galaxy S22 Ultra 5G 12Go 512Go Noir",samsung-galaxy-s22-ultra-5g-12go-512go-noir,Technoplace,has_dot
135149,15466.67,"15 466.67 DH","Aruba 2930F 24G PoE+ 4SFP Géré L3 Gigabit Ethernet (10/100/1000) Connexion Ethernet, supportant l'alimentation via ce port (PoE) 1U Gris",aruba-2930f-24g-po-e-4sfp-gere-l3-gigabit-ethernet-10-100-1000-connexion-ethernet-supportant-l-alimentation-via-ce-port-po-e-1u-gris,Technoplace,has_dot
141973,15484.49,"15 484.49 DH","Epson WorkForce DS-860",epson-work-force-ds-860,Technoplace,has_dot
140705,15499.16,"15 499.16 DH","HP Spectre x360 14-ea1004nk i7-1195G7 Hybride (2-en-1) 34,3 cm (13.5"") Écran tactile Intel® Core™ i9 8 Go 512 Go SSD Windows 11 Home Argent",hp-spectre-x360-14-ea1004nk-i7-1195g7-hybride-2-en-1-34-3-cm-13-5-ecran-tactile-intel-r-core-i9-8-go-512-go-ssd-windows-11-home-argent,"Bestmark Maroc",has_dot
138654,15514.8,"15 514.80 DH","Ordinateur de bureau Dell OptiPlex 7000 (DL-OP7000-W)",ordinateur-de-bureau-dell-opti-plex-7000-dl-op7000-w,Technoplace,has_dot
140216,15537.6,"15 537.60 DH","Pc portable Dell Latitude 5530 (N210L5530MLK15_UBU)",pc-portable-dell-latitude-5530-n210l5530mlk15-ubu,Technoplace,has_dot
116510,15547.2,"15 547.20 DH","Pc portable Asus Vivobook Pro 14X OLED N7400 (90NB0U44-M01340)",pc-portable-asus-vivobook-pro-14x-oled-n7400-90nb0u44-m01340,Technoplace,has_dot
109187,15560.66,"15 560.66 DH","Epson EH-TW6150 vidéo-projecteur 2800 ANSI lumens 3LCD 4K (4096x2400) Noir, Blanc",epson-eh-tw6150-video-projecteur-2800-ansi-lumens-3lcd-4k-4096x2400-noir-blanc,Technoplace,has_dot
138915,15562.8,"15 562.80 DH","HP EliteDesk 800 G5 9500 SFF 8 Go 256 Go SSD Windows 10 Pro PC Noir, Argent",hp-elite-desk-800-g5-9500-sff-8-go-256-go-ssd-windows-10-pro-pc-noir-argent,Technoplace,has_dot
140733,15613.2,"15 613.20 DH","Pc Portable Gamer ASUS VIVOBOOK F571LH-BQ444T I7-10è,8Go,GTX1650,Ecran 15.6""FHD",pc-portable-gamer-asus-vivobook-f571lh-bq444t-i7-10e-8go-gtx1650-ecran-15-6-fhd,Technoplace,has_dot
140807,15677.5,"15 677.50 DH","Apple MacBook Pro 13.3"" Apple M 8 Go Gris 256 Go",apple-mac-book-pro-13-3-apple-m-8-go-gris-256-go,"Bestmark Maroc",has_dot
116236,15682.92,"15 682.92 DH","Ordinateur Portable Lenovo Thinkpad T480 |i5-8GB-1TB-14""|",ordinateur-portable-lenovo-thinkpad-t480-i5-8gb-1tb-14,Technoplace,has_dot
116518,15725.74,"15 725.74 DH","Pc Portable Lenovo Thinkpad L14 Gen 2 (20X100QUFE)",pc-portable-lenovo-thinkpad-l14-gen-2-20x100qufe,Technoplace,has_dot
142467,15733.2,"15 733.20 DH","HPE ProLiant ML110 Gen10 serveur Tour (4.5U) Intel® Xeon® Bronze 3204 1,9 GHz 16 Go 550 W",hpe-pro-liant-ml110-gen10-serveur-tour-4-5u-intel-r-xeon-r-bronze-3204-1-9-g-hz-16-go-550-w,Technoplace,has_dot
140042,15746.76,"15 746.76 DH","Ordinateur Portable Lenovo ThinkPad L14 Gen 3 Intel (21C10082FE)",ordinateur-portable-lenovo-think-pad-l14-gen-3-intel-21c10082fe,Technoplace,has_dot
140826,15796.8,"15 796.80 DH","PC Portable HP EliteBook 850 G7 /8Go/256Go - Silver (10U45EA)",pc-portable-hp-elite-book-850-g7-8go-256go-silver-10u45ea,Technoplace,has_dot
116252,15810.98,"15 810.98 DH","Ordinateur Portable ASUS FX753VD-GC221T Série FX Light Gaming",ordinateur-portable-asus-fx753vd-gc221t-serie-fx-light-gaming,Technoplace,has_dot
129565,15830.14,"15 830.14 DH","Epson C13T05A100 cartouche d'encreOriginal Rendement élevé (XL) Noir",epson-c13t05a100-cartouche-d-encre-original-rendement-eleve-xl-noir,Technoplace,has_dot
142011,15859.2,"15 859.20 DH","Epson WorkForce DS-6500N",epson-work-force-ds-6500n,Technoplace,has_dot
109074,15866.4,"15 866.40 DH","Epson EB-525W",epson-eb-525w,Technoplace,has_dot
116656,15907.2,"15 907.20 DH","PC Portable Asus TUF Gaming F17 (90NR0734-M008T0)",pc-portable-asus-tuf-gaming-f17-90nr0734-m008t0,Technoplace,has_dot
116580,15935.7,"15 935.70 DH","PC Portable Asus TUF Gaming A15 TUF507RC (90NR09R1-M001B0)",pc-portable-asus-tuf-gaming-a15-tuf507rc-90nr09r1-m001b0,Micromad,has_dot
115382,15986.66,"15 986.66 DH","Ordinateur Portable Lenovo Thinkpad L14 Gen 5 (21L1001BFE)",ordinateur-portable-lenovo-thinkpad-l14-gen-5-21l1001bfe,Technoplace,has_dot
125665,16190.72,"16 190.72 DH","TV Samsung 65"" Q60B Smart TV 4K QLED UHD (QA65Q60BAUXMV)",tv-samsung-65-q60b-smart-tv-4k-qled-uhd-qa65q60bauxmv,Technoplace,has_dot
115129,16206.59,"16 206.59 DH","Ordinateur Tout-en-un Dell Inspiron DT 5410 (DL-INS5410-AIO-I7)",ordinateur-tout-en-un-dell-inspiron-dt-5410-dl-ins5410-aio-i7,Technoplace,has_dot
140780,16220.57,"16 220.57 DH","Pc portable GAMER ASUS TUF Dash 15 FX516PE-HN001T I7-11é, 16Go, RTX3050TI, écran 15""Full-HD 144hz Gris",pc-portable-gamer-asus-tuf-dash-15-fx516pe-hn001t-i7-11e-16go-rtx3050ti-ecran-15-full-hd-144hz-gris,Technoplace,has_dot
125600,16234.8,"16 234.80 DH","TV LG UHD Smart TV 4K 75"" (75UQ90006LC)",tv-lg-uhd-smart-tv-4k-75-75uq90006lc,Technoplace,has_dot
116089,16253.33,"16 253.33 DH","Ordinateur portable Dell Latitude 5540 (N003L554015EMEA-I7)",ordinateur-portable-dell-latitude-5540-n003l554015emea-i7,Technoplace,has_dot
116638,16262.4,"16 262.40 DH","PC Portable Asus ROG Strix G15 (90NR0582-M002K0)",pc-portable-asus-rog-strix-g15-90nr0582-m002k0,Micromad,has_dot
140902,16291.3,"16 291.30 DH","Pc Portable HP EliteBook 840 G5 i7 8Go 256Go SSD",pc-portable-hp-elite-book-840-g5-i7-8go-256go-ssd,Technoplace,has_dot
142424,16330.55,"16 330.55 DH","Hewlett Packard Enterprise ProLiant DL20 Gen10 serveur 12 To 3,4 GHz 16 Go Rack (1 U) Intel Xeon E 500 W DDR4-SDRAM",hewlett-packard-enterprise-pro-liant-dl20-gen10-serveur-12-to-3-4-g-hz-16-go-rack-1-u-intel-xeon-e-500-w-ddr4-sdram,Technoplace,has_dot
116309,16387.2,"16 387.20 DH","PC Portable Dell I7-11800H 16G 512G SSD RTX 3050 4G DL-G15-I7-4RTX",pc-portable-dell-i7-11800h-16g-512g-ssd-rtx-3050-4g-dl-g15-i7-4rtx,Technoplace,has_dot
125621,16387.2,"16 387.20 DH","LG OLED OLED65A26LA TV 65"" 4K Ultra HD Smart TV Wifi Argent",lg-oled-oled65a26la-tv-65-4k-ultra-hd-smart-tv-wifi-argent,Technoplace,has_dot
140891,16389.06,"16 389.06 DH","Pc Portable HP EliteBook 840 G6 i5",pc-portable-hp-elite-book-840-g6-i5,Technoplace,has_dot
115720,16406.64,"16 406.64 DH","Ordinateur portable HP Pavilion Gaming Laptop 15-dk2012nk (53N30EA)",ordinateur-portable-hp-pavilion-gaming-laptop-15-dk2012nk-53n30ea,Technoplace,has_dot
140740,16420.91,"16 420.91 DH","Pc portable gamer Asus ROG STRIX G713IE-HX004W R7-4800H, 8Go, RTX3050TI, écran 17,3"" 144Hz",pc-portable-gamer-asus-rog-strix-g713ie-hx004w-r7-4800h-8go-rtx3050ti-ecran-17-3-144hz,Micromad,has_dot
141942,16421.33,"16 421.33 DH","HP ScanJet Ent Flow N6600 fnw1 Scanner (20G08A#B19)",hp-scan-jet-ent-flow-n6600-fnw1-scanner-20g08a-b19,Technoplace,has_dot
119006,16542.13,"16 542.13 DH","Objectif Canon RF 24-105mm F4L IS USM (2963C005AA)",objectif-canon-rf-24-105mm-f4l-is-usm-2963c005aa,Technoplace,has_dot
139792,16602.19,"16 602.19 DH","PC PORTABLE Asus 13,3"" 90NB0EN2-M05800",pc-portable-asus-13-3-90nb0en2-m05800,Technoplace,has_dot
139334,16653.6,"16 653.60 DH","Ordinateur Portable Lenovo ThinkPad L14 Gen 4 (21H1000GFE)",ordinateur-portable-lenovo-think-pad-l14-gen-4-21h1000gfe,Technoplace,has_dot
139418,16653.6,"16 653.60 DH","Ordinateur Portable Lenovo ThinkPad T14 Gen 14 (21HD003RFE)",ordinateur-portable-lenovo-think-pad-t14-gen-14-21hd003rfe,Technoplace,has_dot
116435,16722.72,"16 722.72 DH","Pc portable HP Victus Gaming 15-fa0000nk (6F816EA)",pc-portable-hp-victus-gaming-15-fa0000nk-6f816ea,Technoplace,has_dot
140005,16722.72,"16 722.72 DH","HP ENVY x360 13-bf0054nf i7-1250U Hybride (2-en-1) 33,8 cm (13.3"") Écran tactile WUXGA 16 Go 512 Go SSD Windows 11 Home Argent",hp-envy-x360-13-bf0054nf-i7-1250u-hybride-2-en-1-33-8-cm-13-3-ecran-tactile-wuxga-16-go-512-go-ssd-windows-11-home-argent,Technoplace,has_dot
125720,16748.12,"16 748.12 DH","TV Samsung 65"" Q70A QLED 4K UHD / Wifi + Écouteurs Samsung Level u2",tv-samsung-65-q70a-qled-4k-uhd-wifi-ecouteurs-samsung-level-u2,Technoplace,has_dot
139861,16786.8,"16 786.80 DH","HP EliteBook 830 G9 Ordinateur portable 33,8 cm (13.3"") WUXGA Intel® Core™ i5 i5-1235U 8 Go DDR5-SDRAM 512 Go SSD Windows 11 Pro Argent",hp-elite-book-830-g9-ordinateur-portable-33-8-cm-13-3-wuxga-intel-r-core-i5-i5-1235u-8-go-ddr5-sdram-512-go-ssd-windows-11-pro-argent,Technoplace,has_dot
140206,16910.11,"16 910.11 DH","PC Portable Asus VivoBook Pro 14X OLED N7400 (90NB0U44-M01320)",pc-portable-asus-vivo-book-pro-14x-oled-n7400-90nb0u44-m01320,Technoplace,has_dot
109427,17030.77,"17 030.77 DH","Epson EB-2155W",epson-eb-2155w,Technoplace,has_dot
116640,17066.4,"17 066.40 DH","PC Portable Asus ROG Strix G15 (90NR0582-M002K0)",pc-portable-asus-rog-strix-g15-90nr0582-m002k0,Technoplace,has_dot
115166,17092.46,"17 092.46 DH","Pc de bureau Asus Gamer Rog Strix GA15 G15DK (90PF02Q1-M00WC0)",pc-de-bureau-asus-gamer-rog-strix-ga15-g15dk-90pf02q1-m00wc0,Micromad,has_dot
116426,17169.6,"17 169.60 DH","Pc Portable Lenovo Yoga 7 14ACN6 (82N7007JFE)",pc-portable-lenovo-yoga-7-14acn6-82n7007jfe,Technoplace,has_dot
138720,17172.79,"17 172.79 DH","HP Pavilion 601V4EA PC tout en un/station de travail 23.8"" Écran tactile 8 Go 1000 Go HDD NVIDIA GeForce MX350 Windows 11 Home in S mode Argent",hp-pavilion-601v4ea-pc-tout-en-un-station-de-travail-23-8-ecran-tactile-8-go-1000-go-hdd-nvidia-ge-force-mx350-windows-11-home-in-s-mode-argent,Technoplace,has_dot
142510,17199.6,"17 199.60 DH","Hewlett Packard Enterprise ProLiant ML30 Gen10 serveur Intel Xeon 3,4 GHz 16 Go 16 To Tour (4U) 500 W",hewlett-packard-enterprise-pro-liant-ml30-gen10-serveur-intel-xeon-3-4-g-hz-16-go-16-to-tour-4u-500-w,Technoplace,has_dot
140742,17253.6,"17 253.60 DH","Pc portable gamer Asus ROG STRIX G713IE-HX004W R7-4800H, 8Go, RTX3050TI, écran 17,3"" 144Hz",pc-portable-gamer-asus-rog-strix-g713ie-hx004w-r7-4800h-8go-rtx3050ti-ecran-17-3-144hz,Technoplace,has_dot
116427,17259.2,"17 259.20 DH","Pc Portable Lenovo Yoga Slim 7 Pro 14ACH5 (82MS00BVFE)",pc-portable-lenovo-yoga-slim-7-pro-14ach5-82ms00bvfe,Technoplace,has_dot
136006,17293.2,"17 293.20 DH","Imprimante photo professionnelle A2 Canon ImagePROGRAF PRO-1000 (0608C009AE)",imprimante-photo-professionnelle-a2-canon-image-prograf-pro-1000-0608c009ae,Technoplace,has_dot
135338,17301.6,"17 301.60 DH","Aruba 6100 24G 4SFP+ Géré L3 Gigabit Ethernet (10/100/1000) 1U Noir",aruba-6100-24g-4sfp-gere-l3-gigabit-ethernet-10-100-1000-1u-noir,Technoplace,has_dot
140587,17306.4,"17 306.40 DH","ASUS TUF Dash F15 FX516PC-HN001W i7-11370H 15.6"" Full HD 8 Go 512 Go SSD NVIDIA GeForce RTX 3050 Windows 11 Home Gris",asus-tuf-dash-f15-fx516pc-hn001w-i7-11370h-15-6-full-hd-8-go-512-go-ssd-nvidia-ge-force-rtx-3050-windows-11-home-gris,Technoplace,has_dot
116331,17319.6,"17 319.60 DH","PC Portable Dell Latitude 5530 (N212L5530MLK15EMEA)",pc-portable-dell-latitude-5530-n212l5530mlk15emea,Technoplace,has_dot
116633,17319.6,"17 319.60 DH","PC Portable Lenovo Legion 5 15ACH6A (82NW004RFE)",pc-portable-lenovo-legion-5-15ach6a-82nw004rfe,Technoplace,has_dot
139554,17319.6,"17 319.60 DH","HP EliteBook 840 G10 Ordinateur portable 35,6 cm (14"") WUXGA Intel® Core™ i5 i5-1335U 8 Go DDR5-SDRAM 256 Go SSD Wi-Fi 6E (802.11ax) Windows 11 Pro Argent",hp-elite-book-840-g10-ordinateur-portable-35-6-cm-14-wuxga-intel-r-core-i5-i5-1335u-8-go-ddr5-sdram-256-go-ssd-wi-fi-6e-802-11ax-windows-11-pro-argent,Technoplace,has_dot
138753,17385.73,"17 385.73 DH","Pc de bureau Dell OptiPlex 7090 Tower (DL-OPT7090-W)",pc-de-bureau-dell-opti-plex-7090-tower-dl-opt7090-w,Technoplace,has_dot
140893,17465.21,"17 465.21 DH","Pc portable HP EliteBook 850 G5 i7",pc-portable-hp-elite-book-850-g5-i7,Technoplace,has_dot
115167,17467.2,"17 467.20 DH","Pc de bureau Asus Gamer Rog Strix GA15 G15DK (90PF02Q1-M00WC0)",pc-de-bureau-asus-gamer-rog-strix-ga15-g15dk-90pf02q1-m00wc0,Technoplace,has_dot
115927,17467.2,"17 467.20 DH","Ordinateur Portable Lenovo Thinkpad E14 Gen5 (21JK001MFE)",ordinateur-portable-lenovo-thinkpad-e14-gen5-21jk001mfe,Technoplace,has_dot
122459,17486.66,"17 486.66 DH","SAMSUNG Galaxy S24 Ultra - Noir - Dynamic AMOLED - 12 Go - 256 Go",samsung-galaxy-s24-ultra-noir-dynamic-amoled-12-go-256-go,Technoplace,has_dot
122493,17486.66,"17 486.66 DH","SAMSUNG Galaxy S24 Ultra 5G Dual Sim (12GB | 256 GB)",samsung-galaxy-s24-ultra-5g-dual-sim-12gb-256-gb,Technoplace,has_dot
144791,17486.66,"17 486.66 DH","Galaxy S24 Ultra 12+256GB – Titanium Violet",galaxy-s24-ultra-12-256gb-titanium-violet,Technoplace,has_dot
144803,17486.66,"17 486.66 DH","Galaxy S24 Ultra 12+256GB – Titanium Gray",galaxy-s24-ultra-12-256gb-titanium-gray,Technoplace,has_dot
116335,17538.3,"17 538.30 DH","PC Portable Dell Latitude 5430 (N208L5430MLK14EMEA)",pc-portable-dell-latitude-5430-n208l5430mlk14emea,"Bestmark Maroc",has_dot
139662,17587.2,"17 587.20 DH","HP Spectre x360 14-ef2003nk Hybride (2-en-1) 34,3 cm (13.5"") Écran tactile 3K2K i5-1335U 16 Go LP512 Go SSD Windows 11 Home Noir",hp-spectre-x360-14-ef2003nk-hybride-2-en-1-34-3-cm-13-5-ecran-tactile-3k2k-i5-1335u-16-go-lp512-go-ssd-windows-11-home-noir,Technoplace,has_dot
142182,17674.8,"17 674.80 DH","QNAP TS-453BT3 NAS Tower Ethernet/LAN Noir J3455 (TS-453BT3-8G)",qnap-ts-453bt3-nas-tower-ethernet-lan-noir-j3455-ts-453bt3-8g,Technoplace,has_dot
139454,17720.4,"17 720.40 DH","Ordinateur portable Dell Gaming G15 5530 (DL-G15-I7-3050-W)",ordinateur-portable-dell-gaming-g15-5530-dl-g15-i7-3050-w,Technoplace,has_dot
139616,17720.4,"17 720.40 DH","HP EliteBook 840 G9 14"" WUXGA i5-1235U 8 Go 256 Go SSD Windows 11 Pro Argent",hp-elite-book-840-g9-14-wuxga-i5-1235u-8-go-256-go-ssd-windows-11-pro-argent,Technoplace,has_dot
140647,17720.64,"17 720.64 DH","Pc Portable ASUS TuF Dash 15 FX516PE-HN001W I7 11ème Gén. - 16Go - RTX3050TI",pc-portable-asus-tu-f-dash-15-fx516pe-hn001w-i7-11eme-gen-16go-rtx3050ti,Technoplace,has_dot
116140,17750.4,"17 750.40 DH","Ordinateur portable Dell Latitude 5430 (DL-LAT5430-I5-FD)",ordinateur-portable-dell-latitude-5430-dl-lat5430-i5-fd,Technoplace,has_dot
116826,17806.26,"17 806.26 DH","Pc Portable HP Spectre x360 13-AW0005NK i5 10è Gén 8Go 256Go SSD (8XG68EA)",pc-portable-hp-spectre-x360-13-aw0005nk-i5-10e-gen-8go-256go-ssd-8xg68ea,Technoplace,has_dot
140869,17853.32,"17 853.32 DH","Pc Portable HP EliteBook 830 G6 i7 8Go 256Go SSD",pc-portable-hp-elite-book-830-g6-i7-8go-256go-ssd,Technoplace,has_dot
140304,17853.34,"17 853.34 DH","Pc portable HP EliteBook 830 G8 (4L0J1EA)",pc-portable-hp-elite-book-830-g8-4l0j1ea,Technoplace,has_dot
116159,17961.19,"17 961.19 DH","PC PORTABLE DELL INSPIRON 14 5000 SERIES 2-IN-1 5491 10th Generation (BEN145491-I710510U)",pc-portable-dell-inspiron-14-5000-series-2-in-1-5491-10th-generation-ben145491-i710510u,Technoplace,has_dot
115552,17986.67,"17 986.67 DH","Ordinateur portable Asus TUF Gaming FX507VV (90NR0BV7-M00FS0)",ordinateur-portable-asus-tuf-gaming-fx507vv-90nr0bv7-m00fs0,Technoplace,has_dot
136126,18037.2,"18 037.20 DH","HP Color LaserJet Enterprise M652dn, Imprimer",hp-color-laser-jet-enterprise-m652dn-imprimer,Technoplace,has_dot
125282,18082.32,"18 082.32 DH","Epson PowerLite L210W vidéo-projecteur 4500 ANSI lumens 3LCD WXGA (1280x800) Blanc",epson-power-lite-l210w-video-projecteur-4500-ansi-lumens-3lcd-wxga-1280x800-blanc,Technoplace,has_dot
139412,18093.6,"18 093.60 DH","Ordinateur Portable Lenovo Yoga 7 14IRL8 (82YL001PFE)",ordinateur-portable-lenovo-yoga-7-14irl8-82yl001pfe,Technoplace,has_dot
140019,18135.6,"18 135.60 DH","HP OMEN 16-k0001nk i7-12700H 16.1"" Full HD 16 Go 1000 Go SSD NVIDIA GeForce RTX 3060 Windows 11 Home Noir",hp-omen-16-k0001nk-i7-12700h-16-1-full-hd-16-go-1000-go-ssd-nvidia-ge-force-rtx-3060-windows-11-home-noir,Technoplace,has_dot
142391,18179.74,"18 179.74 DH","DELL PowerEdge T150 serveur 1000 GB Rack (4 U) Intel Xeon E 2,8 GHz 16 GB (PET150CM1)",dell-power-edge-t150-serveur-1000-gb-rack-4-u-intel-xeon-e-2-8-g-hz-16-gb-pet150cm1,Technoplace,has_dot
142215,18196.8,"18 196.80 DH","QNAP TS-453BU-RP NAS Rack (1 U) Ethernet/LAN Noir, Gris J3455",qnap-ts-453bu-rp-nas-rack-1-u-ethernet-lan-noir-gris-j3455,Technoplace,has_dot
140155,18253.33,"18 253.33 DH","PC Portable HP EliteBook 850 G8 (4Z1J3ES)",pc-portable-hp-elite-book-850-g8-4z1j3es,Technoplace,has_dot
125677,18266.4,"18 266.40 DH","TV Samsung 75"" Q60B Smart TV 4K QLED UHD (QA75Q60BAUXMV)",tv-samsung-75-q60b-smart-tv-4k-qled-uhd-qa75q60bauxmv,Technoplace,has_dot
140830,18291.9,"18 291.90 DH","Apple MacBook Pro 13.3"" Apple M M1 8 Go 512 Go SSD macOS Big Sur Gris",apple-mac-book-pro-13-3-apple-m-m1-8-go-512-go-ssd-mac-os-big-sur-gris,"Bestmark Maroc",has_dot
109398,18306.72,"18 306.72 DH","Epson EB-1795F (V11H796040)",epson-eb-1795f-v11h796040,Technoplace,has_dot
143849,18324.26,"18 324.26 DH","Objectif Canon EF 70-300mm f/4-5.6L IS USM (4426B005AA)",objectif-canon-ef-70-300mm-f-4-5-6l-is-usm-4426b005aa,Technoplace,has_dot
116623,18399.6,"18 399.60 DH","PC Portable Lenovo Legion 5 15ITH6H (82JH0038FE)",pc-portable-lenovo-legion-5-15ith6h-82jh0038fe,Technoplace,has_dot
115505,18405.34,"18 405.34 DH","Ordinateur portable Dell gaming G15 5530 (G15-5530-NVID6GO-FD)",ordinateur-portable-dell-gaming-g15-5530-g15-5530-nvid6go-fd,Technoplace,has_dot
139874,18519.6,"18 519.60 DH","HP EliteBook 830 G9 Ordinateur portable 33,8 cm (13.3"") WUXGA Intel® Core™ i7 i7-1255U 8 Go DDR5-SDRAM 256 Go SSD Windows 11 Pro Argent",hp-elite-book-830-g9-ordinateur-portable-33-8-cm-13-3-wuxga-intel-r-core-i7-i7-1255u-8-go-ddr5-sdram-256-go-ssd-windows-11-pro-argent,Technoplace,has_dot
116651,18585.6,"18 585.60 DH","PC Portable Asus TUF DASH F15 (90NR0953-M003A0)",pc-portable-asus-tuf-dash-f15-90nr0953-m003a0,Micromad,has_dot
139404,18652.8,"18 652.80 DH","Ordinateur Portable Lenovo Legion Slim 5 16IRH8 (82YA00EVFE)",ordinateur-portable-lenovo-legion-slim-5-16irh8-82ya00evfe,Technoplace,has_dot
139421,18652.8,"18 652.80 DH","Ordinateur Portable Lenovo Yoga Pro 7 14IRH8 (82Y700AFFE)",ordinateur-portable-lenovo-yoga-pro-7-14irh8-82y700affe,Technoplace,has_dot
141832,18663.56,"18 663.56 DH","Epson TM-S1000 60 docs/min",epson-tm-s1000-60-docs-min,Technoplace,has_dot
116524,18667.2,"18 667.20 DH","Pc portable Asus Zenbook 14X OLED UX5401 (90NB0UQ2-M03090)",pc-portable-asus-zenbook-14x-oled-ux5401-90nb0uq2-m03090,Technoplace,has_dot
143739,18681.6,"18 681.60 DH","Appareil photo hybride EOS RP + Objectif RF 24-105mm F4-7.1 IS STM (3380C133AA)",appareil-photo-hybride-eos-rp-objectif-rf-24-105mm-f4-7-1-is-stm-3380c133aa,Technoplace,has_dot
139384,18687.6,"18 687.60 DH","Ordinateur Portable Lenovo LOQ 15IRH8 (82XV008DFE)",ordinateur-portable-lenovo-loq-15irh8-82xv008dfe,Technoplace,has_dot
138586,18688.67,"18 688.67 DH","Victus by HP TG02-1000nk Tower i7-13700F 16 Go 512 Go SSD NVIDIA GeForce RTX 3060 Windows 11 Home in S mode PC Noir",victus-by-hp-tg02-1000nk-tower-i7-13700f-16-go-512-go-ssd-nvidia-ge-force-rtx-3060-windows-11-home-in-s-mode-pc-noir,Technoplace,has_dot
138713,18708.92,"18 708.92 DH","HP 27-cb1000nk Écran tactile 1,26 To HDD+SSD PC All-in-One NVIDIA GeForce RTX 3050 Windows 11 Home in S mode Wi-Fi 5 (802.11ac)",hp-27-cb1000nk-ecran-tactile-1-26-to-hdd-ssd-pc-all-in-one-nvidia-ge-force-rtx-3050-windows-11-home-in-s-mode-wi-fi-5-802-11ac,Technoplace,has_dot
136158,18824.4,"18 824.40 DH","Imprimante Multifonction A3 Laser monochrome Canon imageRUNNER 2206iF (3029C004AA)",imprimante-multifonction-a3-laser-monochrome-canon-image-runner-2206i-f-3029c004aa,Technoplace,has_dot
115189,18879.6,"18 879.60 DH","Pc de bureau Asus Gamer ROG STRIX GA15 G15DK (90PF02Q1-M018B0)",pc-de-bureau-asus-gamer-rog-strix-ga15-g15dk-90pf02q1-m018b0,Technoplace,has_dot
115748,18914.4,"18 914.40 DH","Ordinateur portable Asus TUF Gaming F15 FX507VU4 i7 13th (90NR0CJ7-M00860)",ordinateur-portable-asus-tuf-gaming-f15-fx507vu4-i7-13th-90nr0cj7-m00860,Technoplace,has_dot
141965,18923.08,"18 923.08 DH","Epson WorkForce DS-860N",epson-work-force-ds-860n,Technoplace,has_dot
140429,18946.8,"18 946.80 DH","PC Portable Lenovo ThinkPad T15 Gen 2 (20W400QVFE)",pc-portable-lenovo-think-pad-t15-gen-2-20w400qvfe,Technoplace,has_dot
116689,18970.56,"18 970.56 DH","Asus Zenbook Duo UX482 (90NB0S51-M07290)",asus-zenbook-duo-ux482-90nb0s51-m07290,Technoplace,has_dot
116012,18999.6,"18 999.60 DH","Ordinateur Portable Lenovo Yoga 6 13ABR8 (83B2002WFE)",ordinateur-portable-lenovo-yoga-6-13abr8-83b2002wfe,Technoplace,has_dot
116645,19029.67,"19 029.67 DH","PC Portable Asus TUF Gaming F17 (90NR0714-M006M0)",pc-portable-asus-tuf-gaming-f17-90nr0714-m006m0,Micromad,has_dot
139765,19053.32,"19 053.32 DH","LENOVO ThinkPad T490 i7-8565U 14 8GB 512 Win",lenovo-think-pad-t490-i7-8565u-14-8gb-512-win,Technoplace,has_dot
116753,19186.8,"19 186.80 DH","PC Portable Asus TUF Gaming FX516PM / I7 11é Gén / 16 Go / RTX 3060 6G / Gris",pc-portable-asus-tuf-gaming-fx516pm-i7-11e-gen-16-go-rtx-3060-6g-gris,Technoplace,has_dot
140144,19226.9,"19 226.90 DH","DELL Latitude 7430 i7-1255U 14"" 16 Go 512 Go SSD Windows 11 Pro Noir (PL/US Int keyboard) (N215L743014EMEA_VP)",dell-latitude-7430-i7-1255u-14-16-go-512-go-ssd-windows-11-pro-noir-pl-us-int-keyboard-n215l743014emea-vp,Micromad,has_dot
117197,19241.67,"19 241.67 DH","Scanner de chèque CANON CR-120 C (1722C002AA)",scanner-de-cheque-canon-cr-120-c-1722c002aa,"Bestmark Maroc",has_dot
141992,19279.2,"19 279.20 DH","Epson WorkForce DS-7500N",epson-work-force-ds-7500n,Technoplace,has_dot
142403,19283.33,"19 283.33 DH","Hewlett Packard Enterprise ProLiant DL20 Gen10 Plus serveur Rack (1 U) Intel Xeon E 2,8 GHz 8 Go 290 W",hewlett-packard-enterprise-pro-liant-dl20-gen10-plus-serveur-rack-1-u-intel-xeon-e-2-8-g-hz-8-go-290-w,Technoplace,has_dot
116392,19303.2,"19 303.20 DH","Pc portable Asus Zenbook FLIP S13 OLED (90NB0RZ2-M17820)",pc-portable-asus-zenbook-flip-s13-oled-90nb0rz2-m17820,Technoplace,has_dot
135103,19333.33,"19 333.33 DH","Aruba 6100 24G Class4 PoE 4SFP+ 370W Géré L3 Gigabit Ethernet (10/100/1000) Connexion Ethernet, supportant l'alimentation via ce port (PoE) 1U Noir",aruba-6100-24g-class4-po-e-4sfp-370w-gere-l3-gigabit-ethernet-10-100-1000-connexion-ethernet-supportant-l-alimentation-via-ce-port-po-e-1u-noir,Technoplace,has_dot
139449,19334.4,"19 334.40 DH","Ordinateur Portable Lenovo ThinkPad L13 Gen 4 (21FG000PFE)",ordinateur-portable-lenovo-think-pad-l13-gen-4-21fg000pfe,Technoplace,has_dot
118950,19426.78,"19 426.78 DH","Appareil photo Reflex Canon EOS 7D Mark II - 18-135 IS STM",appareil-photo-reflex-canon-eos-7d-mark-ii-18-135-is-stm,Technoplace,has_dot
140557,19426.8,"19 426.80 DH","Asus ExpertBook B9 B9400 (90NX0SX1-M008K0)",asus-expert-book-b9-b9400-90nx0sx1-m008k0,Technoplace,has_dot
139337,19453.33,"19 453.33 DH","Ordinateur Portable Lenovo Thinkpad T14 Gen 4 (21HD008KFE)",ordinateur-portable-lenovo-thinkpad-t14-gen-4-21hd008kfe,Technoplace,has_dot
142353,19466.4,"19 466.40 DH","Hewlett Packard Enterprise ProLiant DL20 serveur Rack (1 U) Intel Xeon E 2,8 GHz 16 Go 500 W",hewlett-packard-enterprise-pro-liant-dl20-serveur-rack-1-u-intel-xeon-e-2-8-g-hz-16-go-500-w,Technoplace,has_dot
135907,19483.2,"19 483.20 DH","Traceur Canon imagePROGRAF TM-300 36"" (3058C003AB)",traceur-canon-image-prograf-tm-300-36-3058c003ab,Technoplace,has_dot
145012,19502.56,"19 502.56 DH","Smartphone Samsung Z Fold 3 7.6″ Snapdragon888 12Go 256Go Android 5G Dual Sim (SM-F926BZKDMWD)",smartphone-samsung-z-fold-3-7-6-snapdragon888-12go-256go-android-5g-dual-sim-sm-f926bzkdmwd,Technoplace,has_dot
145161,19502.56,"19 502.56 DH","Smartphone SAMSUNGGalaxy Z Fold 3 7.6"" 12+256GB GREEN (",smartphone-samsung-galaxy-z-fold-3-7-6-12-256gb-green,Technoplace,has_dot
122475,19545.34,"19 545.34 DH","SAMSUNG Galaxy S24 Ultra 5G Dual Sim (12GB | 512 GB)",samsung-galaxy-s24-ultra-5g-dual-sim-12gb-512-gb,Technoplace,has_dot
144784,19545.34,"19 545.34 DH","Galaxy S24 Ultra 12+512GB – Titanium Yellow",galaxy-s24-ultra-12-512gb-titanium-yellow,Technoplace,has_dot
144795,19545.34,"19 545.34 DH","Galaxy S24 Ultra 12+512GB – Titanium Violet",galaxy-s24-ultra-12-512gb-titanium-violet,Technoplace,has_dot
139843,19558.8,"19 558.80 DH","Ordinateur Portable Lenovo ThinkPad T460s 14"" FHD i5-6200U 8GB 256GB Win 10 Pro - 20F90017FE",ordinateur-portable-lenovo-think-pad-t460s-14-fhd-i5-6200u-8gb-256gb-win-10-pro-20f90017fe,Technoplace,has_dot
140301,19561.06,"19 561.06 DH","Pc portable HP EliteBook 840 G8 (336H5EA)",pc-portable-hp-elite-book-840-g8-336h5ea,Technoplace,has_dot
139004,19586.66,"19 586.66 DH","LENOVO Thinkpad T14 U7-155U 14""WUXGA 16 Go 512 Go SSD Win 11 PRO Black 36M.",lenovo-thinkpad-t14-u7-155u-14-wuxga-16-go-512-go-ssd-win-11-pro-black-36m,Technoplace,has_dot
116652,19640.4,"19 640.40 DH","PC Portable Asus TUF DASH F15 (90NR0953-M003A0)",pc-portable-asus-tuf-dash-f15-90nr0953-m003a0,Technoplace,has_dot
142484,19665.6,"19 665.60 DH","DELL PowerEdge R240 serveur 3,4 GHz 8 Go Rack (1 U) Intel Xeon E 250 W DDR4-SDRAM",dell-power-edge-r240-serveur-3-4-g-hz-8-go-rack-1-u-intel-xeon-e-250-w-ddr4-sdram,Technoplace,has_dot
140423,19688.4,"19 688.40 DH","PC Portable Lenovo ThinkPad T14 Gen 2 Intel (20W0013WFE)",pc-portable-lenovo-think-pad-t14-gen-2-intel-20w0013wfe,Technoplace,has_dot
139426,19719.6,"19 719.60 DH","Ordinateur Portable Lenovo ThinkPad T14 Gen 4 (21HD000UFE)",ordinateur-portable-lenovo-think-pad-t14-gen-4-21hd000ufe,Technoplace,has_dot
116840,19786.8,"19 786.80 DH","Pc Portable HP Spectre x360 13-aw001nk i7 8Go 256Go SSD",pc-portable-hp-spectre-x360-13-aw001nk-i7-8go-256go-ssd,Technoplace,has_dot
142385,19817.33,"19 817.33 DH","Hewlett Packard Enterprise ProLiant P44718-421 serveur Tour (4U) Intel Xeon E 2,8 GHz 16 Go 350 W",hewlett-packard-enterprise-pro-liant-p44718-421-serveur-tour-4u-intel-xeon-e-2-8-g-hz-16-go-350-w,Technoplace,has_dot
116126,19852.8,"19 852.80 DH","Ordinateur portable Dell G15 5530 (DL-G15-5530-4060)",ordinateur-portable-dell-g15-5530-dl-g15-5530-4060,Technoplace,has_dot
116647,19867.2,"19 867.20 DH","PC Portable Asus TUF Gaming F17 (90NR0714-M006M0)",pc-portable-asus-tuf-gaming-f17-90nr0714-m006m0,Technoplace,has_dot
140708,19909.06,"19 909.06 DH","HP Spectre x360 14-ea1004nk i7-1195G7 Hybride (2-en-1) 34,3 cm (13.5"") Écran tactile Intel® Core™ i9 8 Go 512 Go SSD Windows 11 Home Argent",hp-spectre-x360-14-ea1004nk-i7-1195g7-hybride-2-en-1-34-3-cm-13-5-ecran-tactile-intel-r-core-i9-8-go-512-go-ssd-windows-11-home-argent,Technoplace,has_dot
138624,19986.67,"19 986.67 DH","DELL Precision 3660 Tower Intel® Core™ i7 i7-13700 16 Go DDR5-SDRAM 512 Go SSD NVIDIA T400 Windows 11 Pro Station de travail Noir",dell-precision-3660-tower-intel-r-core-i7-i7-13700-16-go-ddr5-sdram-512-go-ssd-nvidia-t400-windows-11-pro-station-de-travail-noir,Technoplace,has_dot
139013,19986.67,"19 986.67 DH","Ordinateur Portable Lenovo ThinkPad T16 Gen 3 (21MN0009FE)",ordinateur-portable-lenovo-think-pad-t16-gen-3-21mn0009fe,Technoplace,has_dot
116338,19987.2,"19 987.20 DH","PC Portable Dell Latitude 5430 (N208L5430MLK14EMEA)",pc-portable-dell-latitude-5430-n208l5430mlk14emea,Technoplace,has_dot
125673,19987.2,"19 987.20 DH","TV Samsung 85"" BU8000 4K Crystal UHD (UA85BU8000UXMV)",tv-samsung-85-bu8000-4k-crystal-uhd-ua85bu8000uxmv,Technoplace,has_dot
139558,19987.2,"19 987.20 DH","HP EliteBook 840 G10 14"" WUXGA i7-1355U 16 Go 512 Go SSD Windows 11 Pro Argent",hp-elite-book-840-g10-14-wuxga-i7-1355u-16-go-512-go-ssd-windows-11-pro-argent,Technoplace,has_dot
135865,19993.58,"19 993.58 DH","Traceur Canon imagePROGRAF TM-300 36"" (3058C003AA)",traceur-canon-image-prograf-tm-300-36-3058c003aa,Technoplace,has_dot
142337,20000.4,"20 000.40 DH","HPE ProLiant ML30 Gen10+ Intel Xeon E-2314 Quad-Core (2.80GHz 8MB) 16GB (1 x 16GB) 8 x SFF Intel VROC RAID 500W (P44722-421)",hpe-pro-liant-ml30-gen10-intel-xeon-e-2314-quad-core-2-80g-hz-8mb-16gb-1-x-16gb-8-x-sff-intel-vroc-raid-500w-p44722-421,Technoplace,has_dot
116328,20036.8,"20 036.80 DH","PC Portable HP Victus 16-d1000nk (6D6Z4EA)",pc-portable-hp-victus-16-d1000nk-6d6z4ea,Technoplace,has_dot
125643,20133.6,"20 133.60 DH","LG OLED OLED65CS6LA TV 65"" 4K Ultra HD Smart TV Wifi Argent",lg-oled-oled65cs6la-tv-65-4k-ultra-hd-smart-tv-wifi-argent,Technoplace,has_dot
116676,20146.8,"20 146.80 DH","PC Portable Asus Zenbook Flip 13 UX363 (90NB0RZ1-M14580)",pc-portable-asus-zenbook-flip-13-ux363-90nb0rz1-m14580,Technoplace,has_dot
143811,20282.4,"20 282.40 DH","Objectif Canon RF 100mm F2.8L IS macro USM (4514C005AA)",objectif-canon-rf-100mm-f2-8l-is-macro-usm-4514c005aa,Technoplace,has_dot
115444,20333.33,"20 333.33 DH","ORDINATEUR PORTABLE HP ELITEBOOK 830 13 POUCES G10 I7 13TH (96Z51ET)",ordinateur-portable-hp-elitebook-830-13-pouces-g10-i7-13th-96z51et,Technoplace,has_dot
118995,20354.66,"20 354.66 DH","Reflex Canon EOS 90D + objectif EF-S 18-135mm IS USM (3616C017AA)",reflex-canon-eos-90d-objectif-ef-s-18-135mm-is-usm-3616c017aa,Technoplace,has_dot
136035,20358.24,"20 358.24 DH","Imprimante A3 Multifonction Laser Couleur Canon imageRUNNER ADVANCE C3125i (3653C005AA)",imprimante-a3-multifonction-laser-couleur-canon-image-runner-advance-c3125i-3653c005aa,Technoplace,has_dot
116514,20439.6,"20 439.60 DH","Pc portable Asus Zenbook Duo UX482E (90NB0S51-M01040)",pc-portable-asus-zenbook-duo-ux482e-90nb0s51-m01040,Technoplace,has_dot
116487,20484.8,"20 484.80 DH","Pc portable HP OMEN 16-b1003nk (6D6Z1EA)",pc-portable-hp-omen-16-b1003nk-6d6z1ea,Technoplace,has_dot
116683,20493.6,"20 493.60 DH","Asus Zenbook Pro 15 (90NB0V92-M00HE0)",asus-zenbook-pro-15-90nb0v92-m00he0,Technoplace,has_dot
140445,20528.66,"20 528.66 DH","PC Portable Lenovo ThinkPad L13 Yoga Gen 2 (20VK0002FE)",pc-portable-lenovo-think-pad-l13-yoga-gen-2-20vk0002fe,Technoplace,has_dot
116368,20547.34,"20 547.34 DH","Pc portable Dell Latitude 5530 i5-1235U (N210L5530MLK15EMEA)",pc-portable-dell-latitude-5530-i5-1235u-n210l5530mlk15emea,Technoplace,has_dot
139458,20572.8,"20 572.80 DH","Ordinateur portable HP ZBook Firefly 14 G10 (DS5758)",ordinateur-portable-hp-z-book-firefly-14-g10-ds5758,Technoplace,has_dot
116703,20692.8,"20 692.80 DH","Pc portable ASUS ROG ZEPHYRUS G14 GA401QC-K2123W, R7-5800HS, 16Go, RTX3050, Ecran 14"" WQHD 120Hz",pc-portable-asus-rog-zephyrus-g14-ga401qc-k2123w-r7-5800hs-16go-rtx3050-ecran-14-wqhd-120hz,Technoplace,has_dot
125374,20799.6,"20 799.60 DH","Téléviseur Samsung 85"" CU8000 Crystal UHD 4K (UA85CU8000UXMV)",televiseur-samsung-85-cu8000-crystal-uhd-4k-ua85cu8000uxmv,Technoplace,has_dot
145157,20821.98,"20 821.98 DH","Smartphone SAMSUNGGalaxy Z Fold 3 7.6"" 12+512 SILVER (",smartphone-samsung-galaxy-z-fold-3-7-6-12-512-silver,Technoplace,has_dot
140286,20848.3,"20 848.30 DH","Pc Portable Lenovo ThinkPad T14 Gen 3 (Intel) (21AH006JFE)",pc-portable-lenovo-think-pad-t14-gen-3-intel-21ah006jfe,Micromad,has_dot
139457,20905.2,"20 905.20 DH","Ordinateur portable HP ZBook Firefly 16 G10 (DS5759)",ordinateur-portable-hp-z-book-firefly-16-g10-ds5759,Technoplace,has_dot
144990,21043.2,"21 043.20 DH","Samsung Galaxy Z Fold5 12+256GB Icy Blue (SM-F946BLBDMWD)",samsung-galaxy-z-fold5-12-256gb-icy-blue-sm-f946blbdmwd,Technoplace,has_dot
115456,21068.66,"21 068.66 DH","Station de travail mobile HP ZBook Firefly G11 (86B01EA)",station-de-travail-mobile-hp-zbook-firefly-g11-86b01ea,Technoplace,has_dot
139195,21069.6,"21 069.60 DH","PC Portable HP ZBook Firefly 14 G10 i7-1355U 14&quot; 16Go 512Go SSD(866H4EA)",pc-portable-hp-z-book-firefly-14-g10-i7-1355u-14-quot-16go-512go-ssd-866h4ea,Technoplace,has_dot
116396,21132.65,"21 132.65 DH","Pc portable Asus Rog Flow NR2201 (90NR07Y1-M005E0)",pc-portable-asus-rog-flow-nr2201-90nr07y1-m005e0,Micromad,has_dot
109386,21136.67,"21 136.67 DH","Epson EB-2250U Projecteur à focale standard 3LCD WUXGA 5000 Lumens",epson-eb-2250u-projecteur-a-focale-standard-3lcd-wuxga-5000-lumens,Technoplace,has_dot
119005,21159.34,"21 159.34 DH","Canon RF 14-35mm F4L IS USM Lens 12M.",canon-rf-14-35mm-f4l-is-usm-lens-12m,Technoplace,has_dot
116555,21307.2,"21 307.20 DH","PC Portable Asus Vivobook Pro 16 N7600 (90NB0UI3-M00BN0)",pc-portable-asus-vivobook-pro-16-n7600-90nb0ui3-m00bn0,Technoplace,has_dot
115962,21320.4,"21 320.40 DH","Ordinateur Portable Lenovo Thinkpad T16 Gen 2 (21HH005BFE)",ordinateur-portable-lenovo-thinkpad-t16-gen-2-21hh005bfe,Technoplace,has_dot
116063,21320.4,"21 320.40 DH","Ordinateur portable Dell Latitude 7430 (DL-LAT7430-I7-W)",ordinateur-portable-dell-latitude-7430-dl-lat7430-i7-w,Technoplace,has_dot
109354,21423.6,"21 423.60 DH","Epson EB-2245U vidéo-projecteur Projecteur à focale standard 4200 ANSI lumens 3LCD WUXGA (1920x1200) Blanc",epson-eb-2245u-video-projecteur-projecteur-a-focale-standard-4200-ansi-lumens-3lcd-wuxga-1920x1200-blanc,Technoplace,has_dot
142426,21573.34,"21 573.34 DH","DELL PowerEdge R250 serveur 2000 GB Rack (2 U) Intel Xeon E 2,8 GHz 16 GB 450 W (PER250CM1)",dell-power-edge-r250-serveur-2000-gb-rack-2-u-intel-xeon-e-2-8-g-hz-16-gb-450-w-per250cm1,Technoplace,has_dot
139680,21586.8,"21 586.80 DH","HP Spectre x360 14-ef2001nk Hybride (2-en-1) 34,3 cm (13.5"") Écran tactile WUXGA+ i7-1355U 16 Go 1 To SSD Windows 11 Home Noir",hp-spectre-x360-14-ef2001nk-hybride-2-en-1-34-3-cm-13-5-ecran-tactile-wuxga-i7-1355u-16-go-1-to-ssd-windows-11-home-noir,Technoplace,has_dot
115400,21635.33,"21 635.33 DH","Ordinateur portable HP Spectre x360 convertible 14-eu0009nk (A76C1EA)",ordinateur-portable-hp-spectre-x360-convertible-14-eu0009nk-a76c1ea,Technoplace,has_dot
122678,21782.84,"21 782.84 DH","Smartphone Z FOLD 3 12Go RAM 512 Go – Noir",smartphone-z-fold-3-12go-ram-512-go-noir,Technoplace,has_dot
116824,21788.4,"21 788.40 DH","Pc portable HP OMEN 15-dc1000nk / i7 9è Gén / 16 Go (7bl05ea)",pc-portable-hp-omen-15-dc1000nk-i7-9e-gen-16-go-7bl05ea,Technoplace,has_dot
140866,21853.2,"21 853.20 DH","Pc Portable Hp EliteBook x360 i7 8Go 512Go",pc-portable-hp-elite-book-x360-i7-8go-512go,Technoplace,has_dot
116258,21903.6,"21 903.60 DH","Ordinateur Portable Lenovo Thinkpad T480s |i5-8GB-256GB SSD-14""| (20L7001VFE)",ordinateur-portable-lenovo-thinkpad-t480s-i5-8gb-256gb-ssd-14-20l7001vfe,Technoplace,has_dot
142373,21999.6,"21 999.60 DH","Hewlett Packard Enterprise ProLiant DL20 Gen10 Plus serveur Rack (1 U) Intel Xeon E 2,9 GHz 16 GB 500 W (P44115-421)",hewlett-packard-enterprise-pro-liant-dl20-gen10-plus-serveur-rack-1-u-intel-xeon-e-2-9-g-hz-16-gb-500-w-p44115-421,Technoplace,has_dot
143714,22009.33,"22 009.33 DH","Appareil Photo Hybride Canon EOS R7 + Objectif RF-S 18-150mm F3.5-6.3 IS STM (5137C010AA)",appareil-photo-hybride-canon-eos-r7-objectif-rf-s-18-150mm-f3-5-6-3-is-stm-5137c010aa,Technoplace,has_dot
144862,22118.4,"22 118.40 DH","Samsung Galaxy S24 Ultra 12+1TB – Titanium Yellow",samsung-galaxy-s24-ultra-12-1tb-titanium-yellow,Technoplace,has_dot
144870,22118.66,"22 118.66 DH","Samsung Galaxy S24 Ultra 12+1TB – Titanium Black",samsung-galaxy-s24-ultra-12-1tb-titanium-black,Technoplace,has_dot
144876,22118.66,"22 118.66 DH","Samsung Galaxy S24 Ultra 12+1TB – Titanium Violet",samsung-galaxy-s24-ultra-12-1tb-titanium-violet,Technoplace,has_dot
144880,22118.66,"22 118.66 DH","Samsung Galaxy S24 Ultra 12+1TB – Titanium Gray",samsung-galaxy-s24-ultra-12-1tb-titanium-gray,Technoplace,has_dot
115214,22157.52,"22 157.52 DH","Pc de bureau Asus Gamer ROG STRIX GA15 G15DK (90PF02Q1-M019H0)",pc-de-bureau-asus-gamer-rog-strix-ga15-g15dk-90pf02q1-m019h0,Micromad,has_dot
116280,22200.84,"22 200.84 DH","HP Elitebook 1040 G9 (5P7Y2ES)",hp-elitebook-1040-g9-5p7y2es,Technoplace,has_dot
138887,22241.66,"22 241.66 DH","Apple iMac 27"" 5120 x 2880 pixels 8 Go 1 To Fusion Drive AMD Radeon Pro 570 macOS Sierra 10.12 Argent",apple-i-mac-27-5120-x-2880-pixels-8-go-1-to-fusion-drive-amd-radeon-pro-570-mac-os-sierra-10-12-argent,Fournipro.ma,has_dot
136580,22349.33,"22 349.33 DH","Epson TM-C3500 imprimante pour étiquettes Jet d'encre Couleur 720 x 360 DPI Avec fil",epson-tm-c3500-imprimante-pour-etiquettes-jet-d-encre-couleur-720-x-360-dpi-avec-fil,Technoplace,has_dot
144949,22400.4,"22 400.40 DH","Samsung Galaxy Z Fold5 12+512GB Icy Blue (SM-F946BLBGMWD)",samsung-galaxy-z-fold5-12-512gb-icy-blue-sm-f946blbgmwd,Technoplace,has_dot
116398,22413.6,"22 413.60 DH","Pc portable Asus Rog Flow NR2201 (90NR07Y1-M005E0)",pc-portable-asus-rog-flow-nr2201-90nr07y1-m005e0,Technoplace,has_dot
116405,22466.4,"22 466.40 DH","Pc portable Asus Zenbook FLIP (90NB0RZ2-M16080)",pc-portable-asus-zenbook-flip-90nb0rz2-m16080,Technoplace,has_dot
114658,22498.18,"22 498.18 DH","Samsung LH55VMTUBGB Direct view LED (DVLED) Intérieure (LH55VMTUBGBXEN)",samsung-lh55vmtubgb-direct-view-led-dvled-interieure-lh55vmtubgbxen,Technoplace,has_dot
115197,22520.4,"22 520.40 DH","Pc de bureau Asus Gamer ROG STRIX GA15 G15DK R5 (90PF02Q1-M01J40)",pc-de-bureau-asus-gamer-rog-strix-ga15-g15dk-r5-90pf02q1-m01j40,Technoplace,has_dot
115215,22520.4,"22 520.40 DH","Pc de bureau Asus Gamer ROG STRIX GA15 G15DK (90PF02Q1-M019H0)",pc-de-bureau-asus-gamer-rog-strix-ga15-g15dk-90pf02q1-m019h0,Technoplace,has_dot
140650,22542.3,"22 542.30 DH","Pc portable Gamer Asus ROG Flow X13 GV301RC-LJ004W, R7-6800HS, 16Go, RTX3050, Ecran 13.4"" UHD Tactile",pc-portable-gamer-asus-rog-flow-x13-gv301rc-lj004w-r7-6800hs-16go-rtx3050-ecran-13-4-uhd-tactile,Micromad,has_dot
113295,22558.53,"22 558.53 DH","HPE Aruba 2930F 48G 4SFP Swch (JL260A)",hpe-aruba-2930f-48g-4sfp-swch-jl260a,Technoplace,has_dot
142185,22580.4,"22 580.40 DH","QNAP TS-853BU-RP NAS Rack (2 U) Ethernet/LAN Noir J3455 (TS-853BU-RP-4G)",qnap-ts-853bu-rp-nas-rack-2-u-ethernet-lan-noir-j3455-ts-853bu-rp-4g,Technoplace,has_dot
139945,22612.8,"22 612.80 DH","HP Spectre x360 14-ef0002nk Hybride (2-en-1) 34,3 cm (13.5"") Écran tactile 3K2K Intel® Core™ i7 i7-1255U 16 Go LPDDR4x-SDRAM 512 Go SSD Wi-Fi 6E (802.11ax) Windows 11 Home Argent",hp-spectre-x360-14-ef0002nk-hybride-2-en-1-34-3-cm-13-5-ecran-tactile-3k2k-intel-r-core-i7-i7-1255u-16-go-lpddr4x-sdram-512-go-ssd-wi-fi-6e-802-11ax-windows-11-home-argent,Technoplace,has_dot
116622,22640.4,"22 640.40 DH","PC Portable Asus Zenbook Pro 15 UX535 (90NB0RW1-M06570)",pc-portable-asus-zenbook-pro-15-ux535-90nb0rw1-m06570,Technoplace,has_dot
115391,22653.34,"22 653.34 DH","Ordinateur Portable Lenovo Thinkpad T14s Gen 5 (21LS000MFE)",ordinateur-portable-lenovo-thinkpad-t14s-gen-5-21ls000mfe,Technoplace,has_dot
143742,22675.6,"22 675.60 DH","Reflex Canon EOS R boîtier + bague d'adaptation EF-EOS R (3075C023AA)",reflex-canon-eos-r-boitier-bague-d-adaptation-ef-eos-r-3075c023aa,Technoplace,has_dot
140321,22693.33,"22 693.33 DH","Pc Portable Lenovo ThinkPad T14 Gen 2 (20W000XHFE)",pc-portable-lenovo-think-pad-t14-gen-2-20w000xhfe,Technoplace,has_dot
140076,23053.33,"23 053.33 DH","HP ZBook 15 G6 i7-9750H 15.6"" Full HD 8 Go 256 Go SSD NVIDIA Quadro T1000 Windows 10 Pro Argent",hp-z-book-15-g6-i7-9750h-15-6-full-hd-8-go-256-go-ssd-nvidia-quadro-t1000-windows-10-pro-argent,Technoplace,has_dot
142152,23066.67,"23 066.67 DH","Synology DiskStation DS1823xs+ (DS1823XS+)",synology-disk-station-ds1823xs-ds1823xs,Technoplace,has_dot
116356,23096.4,"23 096.40 DH","Pc portable Dell G15 5511 (DL-G15-I7-3050TIRTX)",pc-portable-dell-g15-5511-dl-g15-i7-3050tirtx,Technoplace,has_dot
135560,23312.66,"23 312.66 DH","Traceur Canon imagePROGRAF TM-350 36"" 5 couleurs (6246C003AA)",traceur-canon-image-prograf-tm-350-36-5-couleurs-6246c003aa,Technoplace,has_dot
139350,23319.6,"23 319.60 DH","Ordinateur Portable Lenovo ThinkPad T14s Gen 4 (21F60068FE)",ordinateur-portable-lenovo-think-pad-t14s-gen-4-21f60068fe,Technoplace,has_dot
109271,23377.2,"23 377.20 DH","Epson EB-1785W",epson-eb-1785w,Technoplace,has_dot
116832,23452.8,"23 452.80 DH","Pc Portable HP ELITE DRAGONFLY i5 8è Gén 8Go 256Go SSD (8MK78EA)",pc-portable-hp-elite-dragonfly-i5-8e-gen-8go-256go-ssd-8mk78ea,Technoplace,has_dot
115555,23453.33,"23 453.33 DH","Ordinateur portable Asus Zenbook Duo UX8406MA-PZ277W (90NB12U1-M00JY0)",ordinateur-portable-asus-zenbook-duo-ux8406ma-pz277w-90nb12u1-m00jy0,Technoplace,has_dot
135558,23482.67,"23 482.67 DH","Imprimante Multifonction Laser Monochrome Canon imageRUNNER 2224iF (5941C001AA)",imprimante-multifonction-laser-monochrome-canon-image-runner-2224i-f-5941c001aa,Technoplace,has_dot
142458,23493.34,"23 493.34 DH","DELL PowerEdge R350 serveur 600 GB Rack (1 U) Intel Xeon E 2,8 GHz 16 GB 600 W (PER350CM1)",dell-power-edge-r350-serveur-600-gb-rack-1-u-intel-xeon-e-2-8-g-hz-16-gb-600-w-per350cm1,Technoplace,has_dot
134892,23543.47,"23 543.47 DH","Hewlett Packard Enterprise Aruba 6000 48G Class4 PoE 4SFP 370W Géré L3 Gigabit Ethernet (10/100/1000) Connexion Ethernet, suppor",hewlett-packard-enterprise-aruba-6000-48g-class4-po-e-4sfp-370w-gere-l3-gigabit-ethernet-10-100-1000-connexion-ethernet-suppor,Technoplace,has_dot
116430,23620.8,"23 620.80 DH","Pc Portable Lenovo Yoga 9 14ITL5 (82BG00DWFE)",pc-portable-lenovo-yoga-9-14itl5-82bg00dwfe,Technoplace,has_dot
116389,23733.6,"23 733.60 DH","Pc portable Asus Zenbook DUO UX482E (90NB0S51-M06270)",pc-portable-asus-zenbook-duo-ux482e-90nb0s51-m06270,Technoplace,has_dot
116599,23950.08,"23 950.08 DH","PC Portable Asus ROG Zephyrus M16 GU603Z (90NR0941-M001H0)",pc-portable-asus-rog-zephyrus-m16-gu603z-90nr0941-m001h0,Technoplace,has_dot
140098,23986.66,"23 986.66 DH","HP ZBook 17 G6 43,9 cm (17.3"") Full HD i7-9750H 8 Go 256 Go SSD NVIDIA Quadro T1000 Windows 10 Pro Argent",hp-z-book-17-g6-43-9-cm-17-3-full-hd-i7-9750h-8-go-256-go-ssd-nvidia-quadro-t1000-windows-10-pro-argent,Technoplace,has_dot
137192,23986.8,"23 986.80 DH","HP LaserJet Enterprise Flow Imprimante multifonction M528z, Impression, copie, scan, fax, Impression USB en façade; Numérisation vers e-mail; Impression recto-verso; Numérisation recto-verso",hp-laser-jet-enterprise-flow-imprimante-multifonction-m528z-impression-copie-scan-fax-impression-usb-en-facade-numerisation-vers-e-mail-impression-recto-verso-numerisation-recto-verso,Technoplace,has_dot
125817,23989.2,"23 989.20 DH","TV Samsung 75"" UHD SMART - Serie 7 (UA75RU7100SXMV)",tv-samsung-75-uhd-smart-serie-7-ua75ru7100sxmv,Technoplace,has_dot
140075,23998.8,"23 998.80 DH","Lenovo ThinkPad X1 Carbon i7-8550U 14"" Full HD 16 Go 512 Go SSD Windows 10 Pro Noir",lenovo-think-pad-x1-carbon-i7-8550u-14-full-hd-16-go-512-go-ssd-windows-10-pro-noir,Technoplace,has_dot
140061,24059.34,"24 059.34 DH","LENOVO Thinkpad X12 détachable i5-1130G7 12,3"" 8GB 512GB SSD Win 10 pro Black (20UW0008FE)",lenovo-thinkpad-x12-detachable-i5-1130g7-12-3-8gb-512gb-ssd-win-10-pro-black-20uw0008fe,Technoplace,has_dot
140652,24159.6,"24 159.60 DH","Pc portable Gamer Asus ROG Flow X13 GV301RC-LJ004W, R7-6800HS, 16Go, RTX3050, Ecran 13.4"" UHD Tactile",pc-portable-gamer-asus-rog-flow-x13-gv301rc-lj004w-r7-6800hs-16go-rtx3050-ecran-13-4-uhd-tactile,Technoplace,has_dot
140420,24169.6,"24 169.60 DH","PC Portable Lenovo ThinkPad T15 Gen 2 (20W400RBFE)",pc-portable-lenovo-think-pad-t15-gen-2-20w400rbfe,Technoplace,has_dot
140426,24169.6,"24 169.60 DH","PC Portable Lenovo ThinkPad T14 Gen 2 Intel (20W0013LFE)",pc-portable-lenovo-think-pad-t14-gen-2-intel-20w0013lfe,Technoplace,has_dot
115176,24333.6,"24 333.60 DH","Pc de bureau Asus Gamer ROG STRIX GA15 G15DK (90PF02Q1-M017Z0)",pc-de-bureau-asus-gamer-rog-strix-ga15-g15dk-90pf02q1-m017z0,Technoplace,has_dot
115222,24333.6,"24 333.60 DH","Ordinateur de bureau Asus Gamer ROG STRIX GA15 G15DK (90PF02Q1-M01J50)",ordinateur-de-bureau-asus-gamer-rog-strix-ga15-g15dk-90pf02q1-m01j50,Technoplace,has_dot
116496,24386.4,"24 386.40 DH","Pc portable Dell Mobile Precision 3570 (DL-PR3570M-I7)",pc-portable-dell-mobile-precision-3570-dl-pr3570m-i7,Technoplace,has_dot
116719,24399.6,"24 399.60 DH","PC Portable ASUS ROG Strix G15 G513RM-HQ003W / Ryzen 7 6800H / 16 Go / Gris",pc-portable-asus-rog-strix-g15-g513rm-hq003w-ryzen-7-6800h-16-go-gris,Technoplace,has_dot
109111,24400.67,"24 400.67 DH","Epson EB-L520U",epson-eb-l520u,Technoplace,has_dot
115193,24531.54,"24 531.54 DH","Pc de bureau Asus Gamer ROG STRIX G15 G15CF (90PF03C2-M008A0)",pc-de-bureau-asus-gamer-rog-strix-g15-g15cf-90pf03c2-m008a0,Micromad,has_dot
113619,24538.8,"24 538.80 DH","Lexmark CX820de Laser A4 1200 x 1200 DPI 50 ppm",lexmark-cx820de-laser-a4-1200-x-1200-dpi-50-ppm,Technoplace,has_dot
140431,24545.87,"24 545.87 DH","PC Portable Lenovo ThinkPad T15 Gen 2 (20W400QXFE)",pc-portable-lenovo-think-pad-t15-gen-2-20w400qxfe,Technoplace,has_dot
115529,24653.33,"24 653.33 DH","Asus Zenbook UX8406MA Ordinateur Portable Ultra 9 (90NB12U1-M00EC0)",asus-zenbook-ux8406ma-ordinateur-portable-ultra-9-90nb12u1-m00ec0,Technoplace,has_dot
142439,24667.2,"24 667.20 DH","Hewlett Packard Enterprise ProLiant ML110 Gen10 serveur Tour (4.5U) Intel® Xeon® Silver 2,1 GHz 16 Go 800 W (P21440-421)",hewlett-packard-enterprise-pro-liant-ml110-gen10-serveur-tour-4-5u-intel-r-xeon-r-silver-2-1-g-hz-16-go-800-w-p21440-421,Technoplace,has_dot
142171,24705.6,"24 705.60 DH","QNAP TS-1263XU-RP NAS Rack (2 U) Ethernet/LAN Noir GX-420MC",qnap-ts-1263xu-rp-nas-rack-2-u-ethernet-lan-noir-gx-420mc,Technoplace,has_dot
109361,24773.33,"24 773.33 DH","Epson EB-2265U",epson-eb-2265u,Technoplace,has_dot
140318,24786.67,"24 786.67 DH","Pc Portable Lenovo ThinkPad X13 Gen 1 (20T2000PFE)",pc-portable-lenovo-think-pad-x13-gen-1-20t2000pfe,Technoplace,has_dot
140643,24811.05,"24 811.05 DH","Pc portable ASUS ROG ZEPHYRUS GA503RM-HQ003W, R7-6800H, 16Go, RTX3060,Ecran 15.3"" WQHD 240Hz",pc-portable-asus-rog-zephyrus-ga503rm-hq003w-r7-6800h-16go-rtx3060-ecran-15-3-wqhd-240hz,Micromad,has_dot
115194,25066.8,"25 066.80 DH","Pc de bureau Asus Gamer ROG STRIX G15 G15CF (90PF03C2-M008A0)",pc-de-bureau-asus-gamer-rog-strix-g15-g15cf-90pf03c2-m008a0,Technoplace,has_dot
115217,25066.8,"25 066.80 DH","Pc de bureau Asus GAMER ROG STRIX GT15 G15CF (90PF03C2-M00R60)",pc-de-bureau-asus-gamer-rog-strix-gt15-g15cf-90pf03c2-m00r60,Technoplace,has_dot
123294,25207.5,"25 207.50 DH","Ordinateur Portable Lenovo Thinkpad L14 Gen 4 (21H1005CFE)",ordinateur-portable-lenovo-thinkpad-l14-gen-4-21h1005cfe,"Bestmark Maroc",has_dot
139356,25207.5,"25 207.50 DH","Ordinateur Portable Lenovo Thinkpad X1 Carbon Gen 11 (21HM005PFE)",ordinateur-portable-lenovo-thinkpad-x1-carbon-gen-11-21hm005pfe,"Bestmark Maroc",has_dot
143852,25453.33,"25 453.33 DH","Objectif Canon EF 16-35mm f/2.8L III USM (0573C005AA)",objectif-canon-ef-16-35mm-f-2-8l-iii-usm-0573c005aa,Technoplace,has_dot
135599,25583.33,"25 583.33 DH","Imprimante Canon imageRUNNER ADVANCE DX C357i Multifonction Laser Couleur (3881C005AA)",imprimante-canon-image-runner-advance-dx-c357i-multifonction-laser-couleur-3881c005aa,"Bestmark Maroc",has_dot
117318,25658.4,"25 658.40 DH","SERVEUR DELL R250 Xeon E-2314",serveur-dell-r250-xeon-e-2314,Technoplace,has_dot
136081,25666.92,"25 666.92 DH","Imprimante A3 Multifonction Laser Monochrome Canon imageRUNNER 2630i (3809C004AA)",imprimante-a3-multifonction-laser-monochrome-canon-image-runner-2630i-3809c004aa,Technoplace,has_dot
117156,25691.33,"25 691.33 DH","HP Scanjet Enterprise Flow N6600 fnw1 Numériseur à plat et adf 1200 x 1200 DPI A4 Blanc",hp-scanjet-enterprise-flow-n6600-fnw1-numeriseur-a-plat-et-adf-1200-x-1200-dpi-a4-blanc,Technoplace,has_dot
109106,25746.19,"25 746.19 DH","Epson EB-2165W",epson-eb-2165w,Technoplace,has_dot
116198,25852.8,"25 852.80 DH","HP Elite x360 1040 G9 i7-1255U Hybride (2-en-1) 14"" Écran tactile WUXGA 16 Go 512 Go SSD Argent",hp-elite-x360-1040-g9-i7-1255u-hybride-2-en-1-14-ecran-tactile-wuxga-16-go-512-go-ssd-argent,Technoplace,has_dot
116596,25959.6,"25 959.60 DH","PC Portable Asus ROG Zephyrus G14 GA401QE (90NR05R6-M03990)",pc-portable-asus-rog-zephyrus-g14-ga401qe-90nr05r6-m03990,Technoplace,has_dot
109430,26103.04,"26 103.04 DH","Epson EB-2255U",epson-eb-2255u,Technoplace,has_dot
140512,26360.63,"26 360.63 DH","HP EliteBook x360 1030 G8 i7-1165G7 Hybride (2-en-1) 33,8 cm (13.3"") Écran tactile Full HD 16 Go 512 Go SSD Windows 10 Pro Argent",hp-elite-book-x360-1030-g8-i7-1165g7-hybride-2-en-1-33-8-cm-13-3-ecran-tactile-full-hd-16-go-512-go-ssd-windows-10-pro-argent,Technoplace,has_dot
136039,26644.54,"26 644.54 DH","Imprimante Multifonction Laser Couleur A3 Canon Laser imageRUNNER ADVANCE DX C3720i (3858C005AA)",imprimante-multifonction-laser-couleur-a3-canon-laser-image-runner-advance-dx-c3720i-3858c005aa,Technoplace,has_dot
116238,26653.2,"26 653.20 DH","LENOVO Thinkpad X1 carbon i7-8565U 14 16GB - 1TB W",lenovo-thinkpad-x1-carbon-i7-8565u-14-16gb-1tb-w,Technoplace,has_dot
115420,26653.33,"26 653.33 DH","Ordinateur portable HP Elite Dragonfly G4 (96Z82ET)",ordinateur-portable-hp-elite-dragonfly-g4-96z82et,Technoplace,has_dot
142375,26666.4,"26 666.40 DH","HPE ProLiant DL380 Gen10 serveur Rack (2 U) Intel® Xeon® Bronze 3204 1,9 GHz 16 Go 500 W",hpe-pro-liant-dl380-gen10-serveur-rack-2-u-intel-r-xeon-r-bronze-3204-1-9-g-hz-16-go-500-w,Technoplace,has_dot
140644,26707.2,"26 707.20 DH","Pc portable ASUS ROG ZEPHYRUS GA503RM-HQ003W, R7-6800H, 16Go, RTX3060,Ecran 15.3"" WQHD 240Hz",pc-portable-asus-rog-zephyrus-ga503rm-hq003w-r7-6800h-16go-rtx3060-ecran-15-3-wqhd-240hz,Technoplace,has_dot
139939,26881.2,"26 881.20 DH","HP EliteBook 840 G9 Ordinateur portable 35,6 cm (14"") Full HD Intel® Core™ i7 i7-1255U 16 Go DDR5-SDRAM 512 Go SSD Windows 11 Pro Argent",hp-elite-book-840-g9-ordinateur-portable-35-6-cm-14-full-hd-intel-r-core-i7-i7-1255u-16-go-ddr5-sdram-512-go-ssd-windows-11-pro-argent,Technoplace,has_dot
142442,26881.2,"26 881.20 DH","Serveur tour PowerEdge T340 (PET340MM1)",serveur-tour-power-edge-t340-pet340mm1,Technoplace,has_dot
135002,26972.93,"26 972.93 DH","Hewlett Packard Enterprise Aruba 2930F 24G PoE+ 4SFP+ Géré L3 Gigabit Ethernet (10/100/1000) Connexion Ethernet, supportant l'alimentation via ce port (PoE) 1U Gris (JL255A)",hewlett-packard-enterprise-aruba-2930f-24g-po-e-4sfp-gere-l3-gigabit-ethernet-10-100-1000-connexion-ethernet-supportant-l-alimentation-via-ce-port-po-e-1u-gris-jl255a,Technoplace,has_dot
141929,27018.67,"27 018.67 DH","Scanner Canon imageFORMULA ScanFront 400 (1255C003AB)",scanner-canon-image-formula-scan-front-400-1255c003ab,Technoplace,has_dot
115412,27041.33,"27 041.33 DH","DELL Latitude 7350 Ultra 7 165U Ordinateur Portable",dell-latitude-7350-ultra-7-165u-ordinateur-portable,Technoplace,has_dot
140526,27103.73,"27 103.73 DH","PC Portable Convertible HP EliteBook x360 1030 G8 (4Z1J4ES)",pc-portable-convertible-hp-elite-book-x360-1030-g8-4z1j4es,Technoplace,has_dot
116706,27135.36,"27 135.36 DH","Pc portable ASUS ROG Zephyrus M16 GU603ZM-LS001W, I7-12ème, RTX3060, Ecran 16"" WUXGA 165Hz",pc-portable-asus-rog-zephyrus-m16-gu603zm-ls001w-i7-12eme-rtx3060-ecran-16-wuxga-165hz,Technoplace,has_dot
142423,27277.2,"27 277.20 DH","HPE ProLiant DL360 Gen10 serveur Rack (1 U) Intel® Xeon® 3106 1,7 GHz 16 Go 500 W",hpe-pro-liant-dl360-gen10-serveur-rack-1-u-intel-r-xeon-r-3106-1-7-g-hz-16-go-500-w,Technoplace,has_dot
142496,27466.8,"27 466.80 DH","Hewlett Packard Enterprise ProLiant DL360 Gen10 serveur 26,4 To 2,1 GHz 16 Go Rack (1 U) Intel Xeon Silver 500 W DDR4-SDRAM",hewlett-packard-enterprise-pro-liant-dl360-gen10-serveur-26-4-to-2-1-g-hz-16-go-rack-1-u-intel-xeon-silver-500-w-ddr4-sdram,Technoplace,has_dot
139143,27586.67,"27 586.67 DH","HP Elite x360 1040 G10 Intel® Core™ i7 i7-1355U Hybride (2-en-1) 35,6 cm (14"") Écran tactile WUXGA 16 Go LPDDR5-SDRAM 512 Go SSD Wi-Fi 6E (802.11ax) Windows 11 Pro Argent",hp-elite-x360-1040-g10-intel-r-core-i7-i7-1355u-hybride-2-en-1-35-6-cm-14-ecran-tactile-wuxga-16-go-lpddr5-sdram-512-go-ssd-wi-fi-6e-802-11ax-windows-11-pro-argent,Technoplace,has_dot
143741,27597.6,"27 597.60 DH","Appareil photo hybride EOS R + Objectif RF 24-105mm F4-7.1 IS STM (3075C033AA)",appareil-photo-hybride-eos-r-objectif-rf-24-105mm-f4-7-1-is-stm-3075c033aa,Technoplace,has_dot
140081,27779.08,"27 779.08 DH","HP ZBook Fury 15.6 G8 i7-11800H 15.6"" Full HD 16 Go 512 Go SSD NVIDIA T1200 Windows 10 Pro Gris",hp-z-book-fury-15-6-g8-i7-11800h-15-6-full-hd-16-go-512-go-ssd-nvidia-t1200-windows-10-pro-gris,Technoplace,has_dot
140567,27788.4,"27 788.40 DH","Dell Latitude 7420 i7-1185G7 14.0"" FHD 16GB 512GB Win 10 Pro 36M (DL-LAT7420-I7-W)",dell-latitude-7420-i7-1185g7-14-0-fhd-16gb-512gb-win-10-pro-36m-dl-lat7420-i7-w,Technoplace,has_dot
116714,27853.2,"27 853.20 DH","Pc Portable ASUS ROG STRIX G17 / Ryzen 7 6800H / 16Go / 1To SSD / RTX 3060 6G (G713RM-KH011W)",pc-portable-asus-rog-strix-g17-ryzen-7-6800h-16go-1to-ssd-rtx-3060-6g-g713rm-kh011w,Technoplace,has_dot
115564,27986.66,"27 986.66 DH","ASUS ROG G614JVR i9-14900HX 16″ 32 Go 1 To SSD RTX 4060 8GB W11H BLACK 24M (90NR0II5-M006U0)",asus-rog-g614jvr-i9-14900hx-16-32-go-1-to-ssd-rtx-4060-8gb-w11h-black-24m-90nr0ii5-m006u0,Technoplace,has_dot
125548,27986.66,"27 986.66 DH","Samsung QE65S95BATXTK TV 65"" 4K Ultra HD Smart TV Wifi Argent",samsung-qe65s95batxtk-tv-65-4k-ultra-hd-smart-tv-wifi-argent,Technoplace,has_dot
140210,27986.66,"27 986.66 DH","HP ZBook Fury 15.6 inch G8 i7-11800H 15.6"" Full HD 16 Go 512 Go SSD NVIDIA T1200 Windows 10 Pro Gris",hp-z-book-fury-15-6-inch-g8-i7-11800h-15-6-full-hd-16-go-512-go-ssd-nvidia-t1200-windows-10-pro-gris,Technoplace,has_dot
140525,27995.34,"27 995.34 DH","PC Portable HP EliteBook x360 1040 G8 (5P5Y6EA)",pc-portable-hp-elite-book-x360-1040-g8-5p5y6ea,Technoplace,has_dot
116552,28053.6,"28 053.60 DH","PC Portable Asus ROG Zephyrus G14 GA402R (90NR09T4-M00650)",pc-portable-asus-rog-zephyrus-g14-ga402r-90nr09t4-m00650,Technoplace,has_dot
139234,28074.72,"28 074.72 DH","ORDINATEUR PORTABLE Dell XPS 13 9310 11th (MODENA_TGLU)",ordinateur-portable-dell-xps-13-9310-11th-modena-tglu,Technoplace,has_dot
139329,28119.6,"28 119.60 DH","Ordinateur Portable Lenovo ThinkPad X1 Carbon14 (21HM0027FE)",ordinateur-portable-lenovo-think-pad-x1-carbon14-21hm0027fe,Technoplace,has_dot
135180,28171.47,"28 171.47 DH","Aruba Instant On 1960 12XGT 4SFP+ Géré L2+ 10G Ethernet (100/1000/10000) 1U Blanc",aruba-instant-on-1960-12xgt-4sfp-gere-l2-10g-ethernet-100-1000-10000-1u-blanc,Technoplace,has_dot
143832,28430.67,"28 430.67 DH","Objectif Canon EF 70-200mm f/2.8L IS III USM (3044C005AA)",objectif-canon-ef-70-200mm-f-2-8l-is-iii-usm-3044c005aa,Technoplace,has_dot
116267,28449.49,"28 449.49 DH","LENOVO Thinkpad X1 carbon Intel i7-1165G7 14"" 8 Go512 Go SSD Win 10 PRO Black (20XW000DFE)",lenovo-thinkpad-x1-carbon-intel-i7-1165g7-14-8-go512-go-ssd-win-10-pro-black-20xw000dfe,Technoplace,has_dot
140084,28968.53,"28 968.53 DH","HP ZBook Fury 17.3 G8 Mobile Workstation PC i7-11800H 43,9 cm (17.3"") Full HD 16 Go 512 Go SSD NVIDIA T1200 Windows 10 Pro",hp-z-book-fury-17-3-g8-mobile-workstation-pc-i7-11800h-43-9-cm-17-3-full-hd-16-go-512-go-ssd-nvidia-t1200-windows-10-pro,Technoplace,has_dot
140540,29050.56,"29 050.56 DH","Asus StudioBook HM5600QM (90NB0TF1-M003C0)",asus-studio-book-hm5600qm-90nb0tf1-m003c0,Technoplace,has_dot
116493,29115.6,"29 115.60 DH","Pc portable Dell XPS 13 (DL-XPS9305-I7)",pc-portable-dell-xps-13-dl-xps9305-i7,Technoplace,has_dot
116235,29319.6,"29 319.60 DH","LENOVO Thinkpad X1 Yoga i7-8565U 14 16 - 1TB Win 1",lenovo-thinkpad-x1-yoga-i7-8565u-14-16-1tb-win-1,Technoplace,has_dot
139216,29319.6,"29 319.60 DH","PC Portable LENOVO LegionS7 16IRH8 i9-13900H 16""QHD 16Go 1To SSD RTX4070_8GB_G6_128B (82Y3000CFE)",pc-portable-lenovo-legion-s7-16irh8-i9-13900h-16-qhd-16go-1to-ssd-rtx4070-8gb-g6-128b-82y3000cfe,Technoplace,has_dot
142486,29332.8,"29 332.80 DH","Hewlett Packard Enterprise ProLiant DL360 Gen10 serveur 26,4 To 2,2 GHz 16 Go Rack (1 U) Intel® Xeon® Silver 500 W (P19779-B21)",hewlett-packard-enterprise-pro-liant-dl360-gen10-serveur-26-4-to-2-2-g-hz-16-go-rack-1-u-intel-r-xeon-r-silver-500-w-p19779-b21,Technoplace,has_dot
142430,29553.76,"29 553.76 DH","DELL PowerEdge R250 serveur 2000 Go Rack (2 U) Intel Xeon E 2,8 GHz 16 Go 450 W",dell-power-edge-r250-serveur-2000-go-rack-2-u-intel-xeon-e-2-8-g-hz-16-go-450-w,Technoplace,has_dot
140404,29586.67,"29 586.67 DH","Pc portable HP ZBook Fury 17.3 G8 (524Y3EA)",pc-portable-hp-z-book-fury-17-3-g8-524y3ea,Technoplace,has_dot
143825,29626.67,"29 626.67 DH","Objectif Canon RF 50mm F1.2L USM (2959C005AA)",objectif-canon-rf-50mm-f1-2l-usm-2959c005aa,Technoplace,has_dot
139367,29703.6,"29 703.60 DH","Ordinateur Portable Lenovo Legion Slim 5 16IRH8 (82YA000MFE)",ordinateur-portable-lenovo-legion-slim-5-16irh8-82ya000mfe,Technoplace,has_dot
138982,29986.67,"29 986.67 DH","LENOVO Thinkpad X1 Carbon U7-155U 14″WUXGA 16 Go 1 To SSD Win 11 PRO Black 36M (21KC001FFE)",lenovo-thinkpad-x1-carbon-u7-155u-14-wuxga-16-go-1-to-ssd-win-11-pro-black-36m-21kc001ffe,Technoplace,has_dot
122389,29989.33,"29 989.33 DH","Précommande Samsung Galaxy Z Fold 6 1TB - Pink",precommande-samsung-galaxy-z-fold-6-1tb-pink,Technoplace,has_dot
122402,29989.33,"29 989.33 DH","Précommande Samsung Galaxy Z Fold 6 1TB - Silver Shadow",precommande-samsung-galaxy-z-fold-6-1tb-silver-shadow,Technoplace,has_dot
122437,29989.33,"29 989.33 DH","SAMSUNG Galaxy Z Fold 6 5G Dual Sim (12GB | 1 TB) Gray",samsung-galaxy-z-fold-6-5g-dual-sim-12gb-1-tb-gray,Technoplace,has_dot
116251,30103.91,"30 103.91 DH","LENOVO Thinkpad X1 carbon Intel i7-1165G7 14"" 16 Go 1 To SSD Win 10 PRO Black 36M.",lenovo-thinkpad-x1-carbon-intel-i7-1165g7-14-16-go-1-to-ssd-win-10-pro-black-36m,Technoplace,has_dot
143830,30173.33,"30 173.33 DH","Objectif Canon RF 24-70MM F2.8L IS USM (3680C005AA)",objectif-canon-rf-24-70mm-f2-8l-is-usm-3680c005aa,Technoplace,has_dot
136016,30327.6,"30 327.60 DH","Imprimante Multifonction Laser Couleur Canon imageRUNNER C3226i (4909C005AA)",imprimante-multifonction-laser-couleur-canon-image-runner-c3226i-4909c005aa,Technoplace,has_dot
109093,30386.4,"30 386.40 DH","Epson EB-5520W",epson-eb-5520w,Technoplace,has_dot
116556,30590.51,"30 590.51 DH","PC Portable HP Elite Dragonfly G2 (5P637EA)",pc-portable-hp-elite-dragonfly-g2-5p637ea,Technoplace,has_dot
115030,30656.66,"30 656.66 DH","Ordinateur de bureau DELL XPS 8960 au format tour i7 13th (DL-XPS8960-I7-4060)",ordinateur-de-bureau-dell-xps-8960-au-format-tour-i7-13th-dl-xps8960-i7-4060,Technoplace,has_dot
142432,30670.8,"30 670.80 DH","Serveur rack Dell PowerEdge R340 (PER340MM2)",serveur-rack-dell-power-edge-r340-per340mm2,Technoplace,has_dot
116244,30677.02,"30 677.02 DH","LENOVO Thinkpad X1 Nano i7-1160G7 13"" 16GB 1TB SSD Win10 pro Black 36 Mois.",lenovo-thinkpad-x1-nano-i7-1160g7-13-16gb-1tb-ssd-win10-pro-black-36-mois,Technoplace,has_dot
136687,30677.02,"30 677.02 DH","Epson SureColor SC-P5000 STD",epson-sure-color-sc-p5000-std,Technoplace,has_dot
142291,30746.53,"30 746.53 DH","DELL PowerEdge R250 serveur 480 GB Rack (2 U) Intel Xeon E 2,8 GHz 16 GB DDR4-SDRAM 450 W (per2505a)",dell-power-edge-r250-serveur-480-gb-rack-2-u-intel-xeon-e-2-8-g-hz-16-gb-ddr4-sdram-450-w-per2505a,Technoplace,has_dot
139773,30874.8,"30 874.80 DH","LENOVO ThinkPad P52 i7-8850H 15,6 16GB 1TB 512 Win",lenovo-think-pad-p52-i7-8850h-15-6-16gb-1tb-512-win,Technoplace,has_dot
140000,30975.6,"30 975.60 DH","HP Elite Dragonfly G3 i7-1255U Hybride (2-en-1) 34,3 cm (13.5"") Écran tactile WUXGA+ 16 Go LP512 Go SSD Windows 10 Pro Bleu",hp-elite-dragonfly-g3-i7-1255u-hybride-2-en-1-34-3-cm-13-5-ecran-tactile-wuxga-16-go-lp512-go-ssd-windows-10-pro-bleu,Technoplace,has_dot
116133,31053.6,"31 053.60 DH","Ordinateur portable HP Elite Dragonfly G3 (5P7Z1ES)",ordinateur-portable-hp-elite-dragonfly-g3-5p7z1es,Technoplace,has_dot
141996,31087.2,"31 087.20 DH","Epson WorkForce DS-50000N",epson-work-force-ds-50000n,Technoplace,has_dot
140049,31516.49,"31 516.49 DH","Dell XPS 13 2-en-1 9310 (CENTENARIO_TGLU)",dell-xps-13-2-en-1-9310-centenario-tglu,Technoplace,has_dot
140542,31574.4,"31 574.40 DH","Asus StudioBook HM5600QM (90NB0TF1-M003C0)",asus-studio-book-hm5600qm-90nb0tf1-m003c0,"NGT Maroc",has_dot
139768,31615.2,"31 615.20 DH","Ordinateur Portable Lenovo ThinkPad X13 Gen",ordinateur-portable-lenovo-think-pad-x13-gen,Technoplace,has_dot
134928,31767.07,"31 767.07 DH","HPE Aruba 6100 Managed 48G 4SFP+ PoE+ 370W Switch (JL675A)",hpe-aruba-6100-managed-48g-4sfp-po-e-370w-switch-jl675a,Technoplace,has_dot
143840,31971.34,"31 971.34 DH","Objectif Canon RF 15-35mm F2.8L IS USM (3682C005AA)",objectif-canon-rf-15-35mm-f2-8l-is-usm-3682c005aa,Technoplace,has_dot
140389,31987.2,"31 987.20 DH","Pc Portable Lenovo ThinkPad X1 Yoga Gen 7 (21CD001SFE)",pc-portable-lenovo-think-pad-x1-yoga-gen-7-21cd001sfe,Technoplace,has_dot
115991,32193.6,"32 193.60 DH","Ordinateur portable HP Elite Dragonfly G4 (8A3N6EA)",ordinateur-portable-hp-elite-dragonfly-g4-8a3n6ea,Technoplace,has_dot
116594,32546.66,"32 546.66 DH","PC Portable Lenovo Legion 5 Pro 16ACH6H (82JQ00DMFE)",pc-portable-lenovo-legion-5-pro-16ach6h-82jq00dmfe,Technoplace,has_dot
109330,32668.8,"32 668.80 DH","Epson EB-675Wi",epson-eb-675wi,Technoplace,has_dot
135436,33131.73,"33 131.73 DH","Aruba 6200F 24G 4SFP+ Géré L3 Gigabit Ethernet (10/100/1000) 1U Noir",aruba-6200f-24g-4sfp-gere-l3-gigabit-ethernet-10-100-1000-1u-noir,Technoplace,has_dot
143754,33173.33,"33 173.33 DH","Appareil photo hybride Canon EOS R6, boîtier nu (4082C003AA)",appareil-photo-hybride-canon-eos-r6-boitier-nu-4082c003aa,Technoplace,has_dot
115516,33186.67,"33 186.67 DH","Ordinateur portable Gaming Asus ROG Strix G16 G614JIR-N4007W (90NR0IG5-M005W0)",ordinateur-portable-gaming-asus-rog-strix-g16-g614jir-n4007w-90nr0ig5-m005w0,Technoplace,has_dot
116264,33353.6,"33 353.60 DH","Ordinateur Portable Lenovo Yoga Slim 9 14ITL5 Tactile (82D100AFFE)",ordinateur-portable-lenovo-yoga-slim-9-14itl5-tactile-82d100affe,Technoplace,has_dot
142515,34116.67,"34 116.67 DH","HPE ProLiant DL160 Gen10 serveur Rack (1 U) Intel® Xeon® Silver 4208 2,1 GHz 16 Go DDR4-SDRAM 500 W",hpe-pro-liant-dl160-gen10-serveur-rack-1-u-intel-r-xeon-r-silver-4208-2-1-g-hz-16-go-ddr4-sdram-500-w,Technoplace,has_dot
135920,34196.4,"34 196.40 DH","Traceur Jet d'encre Canon imagePROGRAF TM-205 24"" (3060C003AA)",traceur-jet-d-encre-canon-image-prograf-tm-205-24-3060c003aa,Technoplace,has_dot
142472,34339.51,"34 339.51 DH","Hewlett Packard Enterprise ProLiant DL380 Gen10 serveur Intel Xeon Silver 2,1 GHz 32 Go 72 To Rack (2 U) 500 W",hewlett-packard-enterprise-pro-liant-dl380-gen10-serveur-intel-xeon-silver-2-1-g-hz-32-go-72-to-rack-2-u-500-w,Technoplace,has_dot
142492,34441.58,"34 441.58 DH","Hewlett Packard Enterprise ProLiant DL380 Gen10 serveur 72 To 2,2 GHz 32 Go Rack (2 U) Intel® Xeon® Silver 500 W (P20174-B21)",hewlett-packard-enterprise-pro-liant-dl380-gen10-serveur-72-to-2-2-g-hz-32-go-rack-2-u-intel-r-xeon-r-silver-500-w-p20174-b21,Technoplace,has_dot
142334,34567.6,"34 567.60 DH","HPE ProLiant DL360 Gen10 serveur Rack (1 U) Intel® Xeon® Silver 4208 2,1 GHz 32 Go DDR4-SDRAM 800 W",hpe-pro-liant-dl360-gen10-serveur-rack-1-u-intel-r-xeon-r-silver-4208-2-1-g-hz-32-go-ddr4-sdram-800-w,Technoplace,has_dot
142480,34793.41,"34 793.41 DH","DELL PowerEdge R740 serveur 2,4 GHz 16 Go Rack (2 U) Intel® Xeon® Silver 750 W DDR4-SDRAM",dell-power-edge-r740-serveur-2-4-g-hz-16-go-rack-2-u-intel-r-xeon-r-silver-750-w-ddr4-sdram,Technoplace,has_dot
135540,34838.69,"34 838.69 DH","Imprimante Multifonction Laser Couleur Canon ImageRUNNER ADVANCE DX C3930i (5962C005AA)",imprimante-multifonction-laser-couleur-canon-image-runner-advance-dx-c3930i-5962c005aa,Technoplace,has_dot
118982,34872.67,"34 872.67 DH","Appareil photo Reflex Canon EOS 5D Mark IV - Boîtier nu (1483C025AA)",appareil-photo-reflex-canon-eos-5d-mark-iv-boitier-nu-1483c025aa,Technoplace,has_dot
136043,34910.14,"34 910.14 DH","Imprimante A3 Multifonction Laser Couleur Canon imageRUNNER ADVANCE DX C3725i (3857C005AA)",imprimante-a3-multifonction-laser-couleur-canon-image-runner-advance-dx-c3725i-3857c005aa,Technoplace,has_dot
116523,35093.33,"35 093.33 DH","Pc Portable Lenovo Yoga Slim 9 14ITL5 (82D1004LFE)",pc-portable-lenovo-yoga-slim-9-14itl5-82d1004lfe,Technoplace,has_dot
138949,35201.33,"35 201.33 DH","Lenovo ThinkPad X1 Yoga i7-1355U 14""WUXGA Ordinateurs Portable (21HQS1R500)",lenovo-think-pad-x1-yoga-i7-1355u-14-wuxga-oridnateur-portable-21hqs1r500,Technoplace,has_dot
142310,35303.33,"35 303.33 DH","DELL PowerEdge R350 serveur 600 GB Rack (1 U) Intel Xeon E 2,9 GHz 16 GB DDR4-SDRAM 600 W (PER350CM2)",dell-power-edge-r350-serveur-600-gb-rack-1-u-intel-xeon-e-2-9-g-hz-16-gb-ddr4-sdram-600-w-per350cm2,Technoplace,has_dot
138965,35450.66,"35 450.66 DH","DELL Precision 3591 ultra 7-165H 15,6″FHD 32Go 1To SSD (DL-PR3591-RTX6GB)",dell-precision-3591-ultra-7-165h-15-6-fhd-32go-1to-ssd-dl-pr3591-rtx6gb,Technoplace,has_dot
129561,35552.53,"35 552.53 DH","Epson C13T05A200 cartouche d'encreOriginal Rendement élevé (XL) Cyan",epson-c13t05a200-cartouche-d-encre-original-rendement-eleve-xl-cyan,Technoplace,has_dot
136129,35586.67,"35 586.67 DH","HP Color LaserJet Enterprise M751dn, Imprimer, Impression USB en façade; Roam; Impression recto-verso",hp-color-laser-jet-enterprise-m751dn-imprimer-impression-usb-en-facade-roam-impression-recto-verso,Technoplace,has_dot
114275,35600.4,"35 600.40 DH","Epson DFX-9000",epson-dfx-9000,Technoplace,has_dot
129568,35754.26,"35 754.26 DH","Epson C13T05A300 cartouche d'encre",epson-c13t05a300-cartouche-d-encre,Technoplace,has_dot
129572,35849.2,"35 849.20 DH","Epson C13T05A400 cartouche d'encreOriginal Rendement élevé (XL) Jaune",epson-c13t05a400-cartouche-d-encre-original-rendement-eleve-xl-jaune,Technoplace,has_dot
142173,36140.4,"36 140.40 DH","QNAP TS-1673U-RP NAS Rack (3 U) Ethernet/LAN Noir RX-421ND",qnap-ts-1673u-rp-nas-rack-3-u-ethernet-lan-noir-rx-421nd,Technoplace,has_dot
116688,36764.4,"36 764.40 DH","Dell Latitude 9420 BTX 2in1 i7-1185G7 14"" 16Go 512Go SSD Windows 10 (DL-LAT9420-2IN1)",dell-latitude-9420-btx-2in1-i7-1185g7-14-16go-512go-ssd-windows-10-dl-lat9420-2in1,Technoplace,has_dot
142470,37197.36,"37 197.36 DH","Hewlett Packard Enterprise ProLiant DL380 Gen10 serveur Intel Xeon Silver 2,4 GHz 32 Go 72 To Rack (2 U) 800 W",hewlett-packard-enterprise-pro-liant-dl380-gen10-serveur-intel-xeon-silver-2-4-g-hz-32-go-72-to-rack-2-u-800-w,Technoplace,has_dot
143782,37207.33,"37 207.33 DH","Canon Objectif RF 85mm F1.2 L USM (3447C005AA)",canon-objectif-rf-85mm-f1-2-l-usm-3447c005aa,Technoplace,has_dot
109372,37348.75,"37 348.75 DH","Epson EB-700U",epson-eb-700u,Technoplace,has_dot
116370,37719.6,"37 719.60 DH","Pc portable Dell Mobile Precision 5570 (DL-PR5570-I7-W)",pc-portable-dell-mobile-precision-5570-dl-pr5570-i7-w,Technoplace,has_dot
139111,37853.33,"37 853.33 DH","Pc Portable DELL Precision 5480 i7-13700H 14&quot; FHD+ Windows 11 PRO - DL-PR5480-I7-W",pc-portable-dell-precision-5480-i7-13700h-14-quot-fhd-windows-11-pro-dl-pr5480-i7-w,Technoplace,has_dot
135294,37943.6,"37 943.60 DH","Switch HP 2530 48 Ports 10/100/1000 Mbps 24 Ports PoE+ (30W) + 4 Ports SFP",switch-hp-2530-48-ports-10-100-1000-mbps-24-ports-po-e-30w-4-ports-sfp,Technoplace,has_dot
109101,38058.26,"38 058.26 DH","Epson EB-L730U vidéo-projecteur Projecteur à focale standard 7000 ANSI lumens 3LCD WUXGA (1920x1200) Blanc",epson-eb-l730u-video-projecteur-projecteur-a-focale-standard-7000-ansi-lumens-3lcd-wuxga-1920x1200-blanc,Technoplace,has_dot
135482,38253.36,"38 253.36 DH","Imprimante traceur sans fil HP DesignJet T850 36 po GF (2Y9H0A)",imprimante-traceur-sans-fil-hp-design-jet-t850-36-po-gf-2y9h0a,Technoplace,has_dot
116132,38476.8,"38 476.80 DH","Ordinateur portable Dell XPS 13 Plus 9320 (DL-XPS9320-I7-1360)",ordinateur-portable-dell-xps-13-plus-9320-dl-xps9320-i7-1360,Technoplace,has_dot
141975,38612.4,"38 612.40 DH","Epson WorkForce DS-70000",epson-work-force-ds-70000,Technoplace,has_dot
139038,38653.33,"38 653.33 DH","Ordinateur portable Asus ROG Strix SCAR 16 i9 14th (90NR0IC2-M00500)",ordinateur-portable-asus-rog-strix-scar-16-i9-14th-90nr0ic2-m00500,Technoplace,has_dot
142202,38933.33,"38 933.33 DH","Synology DiskStation DS3622xs+ (DS3622XS+)",synology-disk-station-ds3622xs-ds3622xs,Technoplace,has_dot
139200,39133.2,"39 133.20 DH","PC Portable DELL XPS 9530 i7-13700H 15,6&quot; (DL-XPS9530-I7-INTEL)",pc-portable-dell-xps-9530-i7-13700h-15-6-quot-dl-xps9530-i7-intel,Technoplace,has_dot
116603,39663.8,"39 663.80 DH","PC Portable Asus ROG Zephyrus Duo 16 (90NR0931-M002R0)",pc-portable-asus-rog-zephyrus-duo-16-90nr0931-m002r0,Micromad,has_dot
139204,39853.2,"39 853.20 DH","Pc Portable DELL XPS 9530 i7-13700H 15,6"" 3.5K Windows 11 PRO",pc-portable-dell-xps-9530-i7-13700h-15-6-3-5k-windows-11-pro,Technoplace,has_dot
142501,40205.33,"40 205.33 DH","HPE ProLiant DL380 Gen10 serveur Rack (2 U) Intel® Xeon® Silver 4215R 3,2 GHz 32 Go 800 W",hpe-pro-liant-dl380-gen10-serveur-rack-2-u-intel-r-xeon-r-silver-4215r-3-2-g-hz-32-go-800-w,Technoplace,has_dot
139219,40492.8,"40 492.80 DH","PC Portable Dell Latitude 9430 2-in-1 i7-1265U vPro 14""QHD 16 Go 512 Go SSD Win 11 PRO (DL-LAT9430-2IN1)",pc-portable-dell-latitude-9430-2-in-1-i7-1265u-v-pro-14-qhd-16-go-512-go-ssd-win-11-pro-dl-lat9430-2in1,Technoplace,has_dot
142019,40584.67,"40 584.67 DH","Epson WorkForce DS-310",epson-work-force-ds-310,Technoplace,has_dot
139758,40665.6,"40 665.60 DH","LENOVO Thinkpad X1 Extreme i7-9750H 15,6 32",lenovo-thinkpad-x1-extreme-i7-9750h-15-6-32,Technoplace,has_dot
142311,40666.8,"40 666.80 DH","HPE ProLiant DL380 Gen10 serveur Rack (2 U) Intel® Xeon® Silver 4210R 2,4 GHz 32 Go DDR4-SDRAM 800 W",hpe-pro-liant-dl380-gen10-serveur-rack-2-u-intel-r-xeon-r-silver-4210r-2-4-g-hz-32-go-ddr4-sdram-800-w,Technoplace,has_dot
116606,40760.4,"40 760.40 DH","PC Portable Asus ROG Zephyrus Duo 16 (90NR0931-M002R0)",pc-portable-asus-rog-zephyrus-duo-16-90nr0931-m002r0,Technoplace,has_dot
116521,41744.4,"41 744.40 DH","Pc portable Dell XPS 15 (9510) (DL-XPS9510-I7)",pc-portable-dell-xps-15-9510-dl-xps9510-i7,Technoplace,has_dot
135430,41782.53,"41 782.53 DH","Aruba 6200F 24G Class4 PoE 4SFP+ 370W Géré L3 Gigabit Ethernet (10/100/1000) Connexion Ethernet, supportant l'alimentation via ce port (PoE) 1U",aruba-6200f-24g-class4-po-e-4sfp-370w-gere-l3-gigabit-ethernet-10-100-1000-connexion-ethernet-supportant-l-alimentation-via-ce-port-po-e-1u,Technoplace,has_dot
116359,42063.6,"42 063.60 DH","Pc portable Dell XPS 15 9510 (DL-XPS9510-I7-OLED)",pc-portable-dell-xps-15-9510-dl-xps9510-i7-oled,Technoplace,has_dot
116562,42089.85,"42 089.85 DH","PC Portable Asus ROG Zephyrus Duo 16 GX650 (90NR0931-M005W0)",pc-portable-asus-rog-zephyrus-duo-16-gx650-90nr0931-m005w0,Micromad,has_dot
135921,42246.4,"42 246.40 DH","Traceur Canon imagePROGRAF PRO-2000 24"" (1124C003AA)",traceur-canon-image-prograf-pro-2000-24-1124c003aa,Technoplace,has_dot
109097,42279.56,"42 279.56 DH","Epson EB-710Ui",epson-eb-710ui,Technoplace,has_dot
139466,42375.33,"42 375.33 DH","Ordinateur portable Dell Latitude 9440 2-in-1 (DL-LAT9440-2IN1)",ordinateur-portable-dell-latitude-9440-2-in-1-dl-lat9440-2in1,Technoplace,has_dot
140393,42693.34,"42 693.34 DH","Pc Portable Lenovo Legion 7 15IMHg05 (81YU008BFE)",pc-portable-lenovo-legion-7-15im-hg05-81yu008bfe,Technoplace,has_dot
140439,42806.4,"42 806.40 DH","PC Portable Lenovo Legion 7 16ACHg6 (82N600P0FE)",pc-portable-lenovo-legion-7-16ac-hg6-82n600p0fe,Technoplace,has_dot
142033,43028.53,"43 028.53 DH","Epson WorkForce DS-30000",epson-work-force-ds-30000,Technoplace,has_dot
116563,43252.8,"43 252.80 DH","PC Portable Asus ROG Zephyrus Duo 16 GX650 (90NR0931-M005W0)",pc-portable-asus-rog-zephyrus-duo-16-gx650-90nr0931-m005w0,Technoplace,has_dot
135905,43702.8,"43 702.80 DH","Canon 3421V853 pièce de rechange pour équipement d'impression MFP module",canon-3421v853-piece-de-rechange-pour-equipement-d-impression-mfp-module,Technoplace,has_dot
139218,43813.2,"43 813.20 DH","Pc Portable DELL XPS 13 Plus 9320 i7-1260P 13.4OLED 16Go 1To SSD Win11 PRO 36M.",pc-portable-dell-xps-13-plus-9320-i7-1260p-13-4oled-16go-1to-ssd-win11-pro-36m,Technoplace,has_dot
142146,44666.67,"44 666.67 DH","Synology RackStation RS3621RPXS serveur de stockage Rack (2 U) Ethernet/LAN Noir D-1531 (RS3621RPxs)",synology-rack-station-rs3621rpxs-serveur-de-stockage-rack-2-u-ethernet-lan-noir-d-1531-rs3621r-pxs,Technoplace,has_dot
142419,44784.8,"44 784.80 DH","HPE ProLiant ML350 Gen10 serveur Tour (4U) Intel® Xeon® Silver 4210R 2,4 GHz 16 Go 800 W",hpe-pro-liant-ml350-gen10-serveur-tour-4u-intel-r-xeon-r-silver-4210r-2-4-g-hz-16-go-800-w,Technoplace,has_dot
142455,45006.67,"45 006.67 DH","Serveur rack Dell PowerEdge R450 Intel Xeon 4310 (PER450M1)",serveur-rack-dell-power-edge-r450-intel-xeon-4310-per450m1,Technoplace,has_dot
142435,45100.8,"45 100.80 DH","Serveur rack Dell PowerEdge R440 (PER440MM1)",serveur-rack-dell-power-edge-r440-per440mm1,Technoplace,has_dot
141987,45299.33,"45 299.33 DH","Epson WorkForce DS-70000N",epson-work-force-ds-70000n,Technoplace,has_dot
142415,45460.4,"45 460.40 DH","DELL PowerEdge R440 serveur 2000 Go Rack (1 U) Intel® Xeon® Silver 2,4 GHz 16 Go 550 W",dell-power-edge-r440-serveur-2000-go-rack-1-u-intel-r-xeon-r-silver-2-4-g-hz-16-go-550-w,Technoplace,has_dot
136045,45581.06,"45 581.06 DH","Imprimante A3 Multifonction Laser Couleur Canon imageRUNNER ADVANCE DX C3730i (3856C005AA)",imprimante-a3-multifonction-laser-couleur-canon-image-runner-advance-dx-c3730i-3856c005aa,Technoplace,has_dot
142370,45627.34,"45 627.34 DH","HPE ProLiant DL380 Gen10 Plus serveur Rack (2 U) Intel® Xeon® Silver 4309Y 2,8 GHz 32 Go DDR4-SDRAM 800 W",hpe-pro-liant-dl380-gen10-plus-serveur-rack-2-u-intel-r-xeon-r-silver-4309y-2-8-g-hz-32-go-ddr4-sdram-800-w,Technoplace,has_dot
142295,45999.6,"45 999.60 DH","HPE ProLiant DL380 Gen10 serveur Rack (2 U) Intel® Xeon® Silver 4214R 2,4 GHz 32 Go DDR4-SDRAM 800 W",hpe-pro-liant-dl380-gen10-serveur-rack-2-u-intel-r-xeon-r-silver-4214r-2-4-g-hz-32-go-ddr4-sdram-800-w,Technoplace,has_dot
142463,46693.33,"46 693.33 DH","Serveur tour Dell PowerEdge T550 (PET550M1)",serveur-tour-dell-power-edge-t550-pet550m1,Technoplace,has_dot
109095,46702.15,"46 702.15 DH","Epson EB-L610U",epson-eb-l610u,Technoplace,has_dot
142322,47086.93,"47 086.93 DH","HPE P56955-B21 serveur Rack (1 U) Intel® Xeon® Silver 4208 2,1 GHz 32 Go DDR4-SDRAM 800 W",hpe-p56955-b21-serveur-rack-1-u-intel-r-xeon-r-silver-4208-2-1-g-hz-32-go-ddr4-sdram-800-w,Technoplace,has_dot
115576,48030.67,"48 030.67 DH","Ordinateur portable Dell XPS 15 9530 (DL-XPS9530-I7-RTX)",ordinateur-portable-dell-xps-15-9530-dl-xps9530-i7-rtx,Technoplace,has_dot
109075,48998.4,"48 998.40 DH","Epson EB-G7800",epson-eb-g7800,Technoplace,has_dot
142490,49066.8,"49 066.80 DH","Hewlett Packard Enterprise ProLiant DL380 Gen10 serveur 72 To 2,3 GHz 32 Go Rack (2 U) Intel® Xeon® Gold 800 W (P20249-B21)",hewlett-packard-enterprise-pro-liant-dl380-gen10-serveur-72-to-2-3-g-hz-32-go-rack-2-u-intel-r-xeon-r-gold-800-w-p20249-b21,Technoplace,has_dot
139428,49186.8,"49 186.80 DH","Ordinateur Portable Lenovo Legion Pro 7 16IRX8H (82WQ006PFE)",ordinateur-portable-lenovo-legion-pro-7-16irx8h-82wq006pfe,Technoplace,has_dot
129473,49199.2,"49 199.20 DH","Epson WF-M52xx/57xx Series Ink Cartridge XXL Black",epson-wf-m52xx-57xx-series-ink-cartridge-xxl-black,Technoplace,has_dot
141960,50444.66,"50 444.66 DH","Epson WorkForce DS-60000N",epson-work-force-ds-60000n,Technoplace,has_dot
115524,50653.33,"50 653.33 DH","Pc Portable ASUS ROG Strix SCAR 16 G634JYR I9-14900HX WINDOWS 11",pc-portable-asus-rog-strix-scar-16-g634jyr-i9-14900hx-windows-11,Technoplace,has_dot
139024,50653.33,"50 653.33 DH","Asus ROG Strix SCAR 18 Gaming G834JYR I9-14900HX/64Go/2To SSD/RTX™ 4090 (90NR0IP2-M003T0)",asus-rog-strix-scar-18-gaming-g834jyr-i9-14900hx-64go-2to-ssd-rtx-4090-90nr0ip2-m003t0,Technoplace,has_dot
142348,51067.2,"51 067.20 DH","HPE ProLiant DL380 Gen10 Plus serveur Rack (2 U) Intel® Xeon® Silver 4309Y 2,8 GHz 32 Go 800 W",hpe-pro-liant-dl380-gen10-plus-serveur-rack-2-u-intel-r-xeon-r-silver-4309y-2-8-g-hz-32-go-800-w,Technoplace,has_dot
134014,51358.93,"51 358.93 DH","Hewlett Packard Enterprise ProLiant DL380 Gen10 serveur 72 To 2,4 GHz 32 Go Rack (2 U) Intel Xeon Silver 800 W DDR4-SDRAM",hewlett-packard-enterprise-pro-liant-dl380-gen10-serveur-72-to-2-4-g-hz-32-go-rack-2-u-intel-xeon-silver-800-w-ddr4-sdram,Technoplace,has_dot
115754,51933.34,"51 933.34 DH","Ordinateur portable Dell XPS 15 9530 i7 13 th (DL-XPS9530-I7-32GO)",ordinateur-portable-dell-xps-15-9530-i7-13-th-dl-xps9530-i7-32go,Technoplace,has_dot
109094,53860.49,"53 860.49 DH","Epson EB-1470Ui",epson-eb-1470ui,Technoplace,has_dot
142436,54472.8,"54 472.80 DH","Serveur rack Dell PowerEdge R740 (PER740MM3)",serveur-rack-dell-power-edge-r740-per740mm3,Technoplace,has_dot
142328,54933.6,"54 933.60 DH","HPE ProLiant DL380 Gen10 serveur Rack (2 U) Intel® Xeon® Gold 5218 2,3 GHz 32 Go DDR4-SDRAM 800 W",hpe-pro-liant-dl380-gen10-serveur-rack-2-u-intel-r-xeon-r-gold-5218-2-3-g-hz-32-go-ddr4-sdram-800-w,Technoplace,has_dot
142444,56133.34,"56 133.34 DH","Serveur tour Dell PowerEdge T440 (PET440M01)",serveur-tour-dell-power-edge-t440-pet440m01,Technoplace,has_dot
135618,56553.33,"56 553.33 DH","Imprimante Canon imageRUNNER 2930i A3 Multifonction Laser Monochrome (5975C005AB)",imprimante-canon-image-runner-2930i-a3-multifonction-laser-monochrome-5975c005ab,Technoplace,has_dot
135930,56940.8,"56 940.80 DH","Traceur Canon imagePROGRAF PRO-4000S 44"" (1123C003AB)",traceur-canon-image-prograf-pro-4000s-44-1123c003ab,Technoplace,has_dot
118979,58653.34,"58 653.34 DH","Appareil photo hybride Canon EOS R5 C Caméra Cinema EOS boîtier nu (5077C003AA)",appareil-photo-hybride-canon-eos-r5-c-camera-cinema-eos-boitier-nu-5077c003aa,Technoplace,has_dot
137180,58653.34,"58 653.34 DH","HP Color LaserJet Enterprise Imprimante multifonction M776dn, Impression, copie, numérisation et télécopie en option, Impression recto-verso; Numérisation recto-verso; Numériser vers un e-mail",hp-color-laser-jet-enterprise-imprimante-multifonction-m776dn-impression-copie-numerisation-et-telecopie-en-option-impression-recto-verso-numerisation-recto-verso-numeriser-vers-un-e-mail,Technoplace,has_dot
113281,58666.67,"58 666.67 DH","Hewlett Packard Enterprise Aruba 3810M 16SFP+ 2-slot Switch Géré L3 1U Noir (JL075A)",hewlett-packard-enterprise-aruba-3810m-16sfp-2-slot-switch-gere-l3-1u-noir-jl075a,Technoplace,has_dot
135928,61368.8,"61 368.80 DH","Traceur Canon imagePROGRAF TX-4000 44"" (2444C003AA)",traceur-canon-image-prograf-tx-4000-44-2444c003aa,Technoplace,has_dot
142347,61469.33,"61 469.33 DH","HPE ProLiant DL380 Gen10+ Intel Xeon-S 4310 12-Core (2.1GHz 18MB) 32GB (1 x 32GB) 8 x SFF x1 U.3 BC MR416i-p NC-B 800W (P55246-B21)",hpe-pro-liant-dl380-gen10-intel-xeon-s-4310-12-core-2-1g-hz-18mb-32gb-1-x-32gb-8-x-sff-x1-u-3-bc-mr416i-p-nc-b-800w-p55246-b21,Technoplace,has_dot
135611,61483.33,"61 483.33 DH","Imprimante Canon imageRUNNER 2745i A3 Multifonction Laser Monochrome (5527C002AA)",imprimante-canon-image-runner-2745i-a3-multifonction-laser-monochrome-5527c002aa,Technoplace,has_dot
142367,66026.14,"66 026.14 DH","HPE ProLiant DL380 Gen10+ Intel Xeon-S 4314 16-Core (2.4GHz 24MB) 32GB (1 x 32GB) 8 x SFF x1 U.3 BC MR416i-p NC-B 800W (P55247-B21)",hpe-pro-liant-dl380-gen10-intel-xeon-s-4314-16-core-2-4g-hz-24mb-32gb-1-x-32gb-8-x-sff-x1-u-3-bc-mr416i-p-nc-b-800w-p55247-b21,Technoplace,has_dot
123881,66386.66,"66 386.66 DH","Canon imageFORMULA DR-G2110 Alimentation papier de scanner 600 x 600 DPI A3 Noir, Blanc",canon-image-formula-dr-g2110-alimentation-papier-de-scanner-600-x-600-dpi-a3-noir-blanc,Technoplace,has_dot
142227,69333.33,"69 333.33 DH","Synology RackStation RS4021XS+ serveur de stockage Rack (3 U) Ethernet/LAN Noir D-1541 (RS4021xs+)",synology-rack-station-rs4021xs-serveur-de-stockage-rack-3-u-ethernet-lan-noir-d-1541-rs4021xs,Technoplace,has_dot
141958,70004.57,"70 004.57 DH","Epson WorkForce DS-60000",epson-work-force-ds-60000,Technoplace,has_dot
142474,73659.6,"73 659.60 DH","HPE ProLiant DL380 Gen10 Plus serveur Rack (2 U) Intel® Xeon® Gold 5315Y 3,2 GHz 32 Go 800 W",hpe-pro-liant-dl380-gen10-plus-serveur-rack-2-u-intel-r-xeon-r-gold-5315y-3-2-g-hz-32-go-800-w,Technoplace,has_dot
117230,75812.3,"75 812.30 DH","Epson Expression 12000XL Pro (B11B240401BT)",epson-expression-12000xl-pro-b11b240401bt,Technoplace,has_dot
135467,77319.95,"77 319.95 DH","Traceur HP DesignJet T850 36 Pouces (2Y9H2A)",traceur-hp-design-jet-t850-36-pouces-2y9h2a,Technoplace,has_dot
142158,86258.4,"86 258.40 DH","QNAP TVS-EC1580MU-SAS-RP-8GE NAS Rack (3 U) Ethernet/LAN Noir E3-1246V3",qnap-tvs-ec1580mu-sas-rp-8ge-nas-rack-3-u-ethernet-lan-noir-e3-1246v3,Technoplace,has_dot
109370,104149.45,"104 149.45 DH","Epson EB-L1100U",epson-eb-l1100u,Technoplace,has_dot
113316,106194.8,"106 194.80 DH","TRACEUR HP DESIGNJET T950 36 POUCES (2Y9H3A)",traceur-hp-designjet-t950-36-pouces-2y9h3a,Technoplace,has_dot
141937,111069.6,"111 069.60 DH","Scanner A3 Canon imageFORMULA DR-G2110 (3150C003AB)",scanner-a3-canon-image-formula-dr-g2110-3150c003ab,Technoplace,has_dot
143773,113546.66,"113 546.66 DH","Appareil photo Reflex Canon EOS-1D X Mark III - Boîtier nu + 64 GB CFexpress®  (3829C023AA)",appareil-photo-reflex-canon-eos-1d-x-mark-iii-boitier-nu-64-gb-c-fexpress-r-3829c023aa,Technoplace,has_dot
109134,148237.98,"148 237.98 DH","Epson EB-L1490U",epson-eb-l1490u,Technoplace,has_dot
136485,346538.4,"346 538.40 DH","Epson WorkForce Pro WF-C879RD3TWFC Jet d'encre A3+ 4800 x 1200 DPI 35 ppm Wifi",epson-work-force-pro-wf-c879rd3twfc-jet-d-encre-a3-4800-x-1200-dpi-35-ppm-wifi,Technoplace,has_dot
135926,606514.67,"606 514.67 DH","Traceur Canon imagePROGRAF PRO-4100S 44"" (3873C003AA)",traceur-canon-image-prograf-pro-4100s-44-3873c003aa,Technoplace,has_dot
